variable_name,standardized_title,standardized_label,wave,file,codebook_file,block,question_label,question_text,item_text,question_type,dtype_observed,rows,nonempty_n,valid_n,missing_pct,unique_valid_values,example_values_raw,example_values_decoded,top_value_counts,value_labels,codebook_comment,display_skip_logic,construct,likely_geographic_granularity,origin_or_destination,privacy_anonymization
w1_dist_from_crrnt_river_bank,Distance from Current Riverbank,dist_from_crrnt_river_bank,w1,bemp_w1.csv,bemp_w1_codebook.csv,Geographical Variables,Distance from Current Riverbank,,,Geographical,continuous numeric,2170,2170,1987,8.43,1987,"[""31.9343684949168"", ""257.17393204119"", ""302.013869691839"", ""320.195367186304"", ""332.239323107103"", ""35.6849795256903"", ""34.3229332216492"", ""63.6053357995125""]","[""31.9343684949168"", ""257.17393204119"", ""302.013869691839"", ""320.195367186304"", ""332.239323107103"", ""35.6849795256903"", ""34.3229332216492"", ""63.6053357995125""]","{""31.9343684949168"": 1, ""257.17393204119"": 1, ""302.013869691839"": 1, ""320.195367186304"": 1, ""332.239323107103"": 1, ""35.6849795256903"": 1, ""34.3229332216492"": 1, ""63.6053357995125"": 1, ""37.4975933309657"": 1, ""88.542769093546"": 1}",{},"Distance between the respondent's house location in this survey and the riverbank of the Jamuna River at the time of the survey (in meters). This was calculated in ArcGIS using the easternmost riverbank line of the Jamuna River at the time of the survey, which was drawn manually in the Google Earth Engine using optical Sentinel-2 imagery.",| |,hazard proximity,meters or reported distance category,origin/current residence context,derived/reported distance; no house coordinates
w1_dist_from_prev_river_bank,Distance from Previous Riverbank,dist_from_prev_river_bank,w1,bemp_w1.csv,bemp_w1_codebook.csv,Geographical Variables,Distance from Previous Riverbank,,,Geographical,continuous numeric,2170,2170,1987,8.43,1987,"[""31.4002340512107"", ""358.010590264263"", ""348.807700419941"", ""364.338593724068"", ""375.570859091909"", ""61.0876163968912"", ""61.1700463030697"", ""96.9840095141723""]","[""31.4002340512107"", ""358.010590264263"", ""348.807700419941"", ""364.338593724068"", ""375.570859091909"", ""61.0876163968912"", ""61.1700463030697"", ""96.9840095141723""]","{""31.4002340512107"": 1, ""358.010590264263"": 1, ""348.807700419941"": 1, ""364.338593724068"": 1, ""375.570859091909"": 1, ""61.0876163968912"": 1, ""61.1700463030697"": 1, ""96.9840095141723"": 1, ""66.5466294995964"": 1, ""110.218810110991"": 1}",{},"Distance between the respondent's house location in this survey and the riverbank of the Jamuna River one year ago (in meters). This was calculated in ArcGIS using the easternmost riverbank line of the Jamuna River before the preceding monsoon season, which was drawn manually in the Google Earth Engine using optical Sentinel-2 imagery.",| |,hazard proximity,meters or reported distance category,origin/current residence context,derived/reported distance; no house coordinates
w1_q34,Household Origin City,hh_orign_city,w1,bemp_w1.csv,bemp_w1_codebook.csv,Household Composition and Migration History,Household Origin City,From which city?,,Single Choice,integer-coded,2170,2170,1,99.95,1,"[""1""]","[""[name of city/town]:""]","{""1"": 1}","{""1"": ""[name of city/town]:"", ""-8"": ""DK"", ""-9"": ""RA""}",,"If (w1_reg3 [Respondent Type] = ""Household head"" OR w1_reg3 [Respondent Type] = ""Youth"") | If w1_q33 [Household Origin Rural Urban] = ""From a city"" |",historical origin characteristic,country/city/district/village relation,origin,lower-level identifiers suppressed where applicable
w1_q34_txt,Household Origin City,hh_orign_city_txt,w1,bemp_w1.csv,bemp_w1_codebook.csv,Household Composition and Migration History,Household Origin City,From which city?,,Open Text Box,string,2170,2170,1,99.95,1,"[""Tangail""]","[""Tangail""]","{""Tangail"": 1}",{},,"If (w1_reg3 [Respondent Type] = ""Household head"" OR w1_reg3 [Respondent Type] = ""Youth"") | If w1_q33 [Household Origin Rural Urban] = ""From a city"" |",historical origin characteristic,country/city/district/village relation,origin,lower-level identifiers suppressed where applicable
w1_q32,Household Origin Country,hh_orign_cntr,w1,bemp_w1.csv,bemp_w1_codebook.csv,Household Composition and Migration History,Household Origin Country,From which country?,,Single Choice,integer-coded,2170,2170,1,99.95,1,"[""1""]","[""[name of country]:""]","{""1"": 1}","{""1"": ""[name of country]:"", ""-8"": ""DK"", ""-9"": ""RA""}",,"If (w1_reg3 [Respondent Type] = ""Household head"" OR w1_reg3 [Respondent Type] = ""Youth"") | If w1_q31 [Household Origin Domestic Abroad] = ""Abroad"" |",domestic/international destination,country/internal status,destination,categorized
w1_q32_txt,Household Origin Country,hh_orign_cntr_txt,w1,bemp_w1.csv,bemp_w1_codebook.csv,Household Composition and Migration History,Household Origin Country,From which country?,,Open Text Box,string,2170,2170,1,99.95,1,"[""India""]","[""India""]","{""India"": 1}",{},,"If (w1_reg3 [Respondent Type] = ""Household head"" OR w1_reg3 [Respondent Type] = ""Youth"") | If w1_q31 [Household Origin Domestic Abroad] = ""Abroad"" |",domestic/international destination,country/internal status,destination,categorized
w1_q31,Household Origin Domestic Abroad,hh_orign_dmstc_abrod,w1,bemp_w1.csv,bemp_w1_codebook.csv,Household Composition and Migration History,Household Origin Domestic Abroad,Has your household moved to this village from a location within Bangladesh or from abroad?,,Single Choice,integer-coded,2170,2170,548,74.75,2,"[""1"", ""2""]","[""Bangladesh"", ""Abroad""]","{""1"": 547, ""2"": 1}","{""1"": ""Bangladesh"", ""2"": ""Abroad"", ""-8"": ""DK"", ""-9"": ""RA""}",,"If (w1_reg3 [Respondent Type] = ""Household head"" OR w1_reg3 [Respondent Type] = ""Youth"") | If w1_reg3 [Respondent Type] = ""Household head"" |",domestic/international destination,country/internal status,destination,categorized
w1_q33,Household Origin Rural Urban,hh_orign_rural_urban,w1,bemp_w1.csv,bemp_w1_codebook.csv,Household Composition and Migration History,Household Origin Rural Urban,Has your household moved to this village from another village or from a city?,,Single Choice,integer-coded,2170,2170,544,74.93,2,"[""1"", ""2""]","[""From another village"", ""From a city""]","{""1"": 543, ""2"": 1}","{""1"": ""From another village"", ""2"": ""From a city"", ""-8"": ""DK"", ""-9"": ""RA""}",,"If (w1_reg3 [Respondent Type] = ""Household head"" OR w1_reg3 [Respondent Type] = ""Youth"") | If w1_q31 [Household Origin Domestic Abroad] = ""Bangladesh"" |",rural/urban settlement type,settlement type,destination,categorized
w1_q38x5,Household Origin Village,hh_orign_villg5,w1,bemp_w1.csv,bemp_w1_codebook.csv,Household Composition and Migration History,Household Origin Village,What is the name of the village from which you moved to this village? [fill in whatever information the respondent can provide; be careful about spelling],District:,Multiple Choice,integer-coded,2170,2170,543,74.98,2,"[""1"", ""0""]","[""Selected"", ""Not Selected""]","{""1"": 309, ""0"": 234}","{""0"": ""Not Selected"", ""1"": ""Selected""}",Geographic identifiers below the district level were removed from the published dataset to protect participant confidentiality.,"If (w1_reg3 [Respondent Type] = ""Household head"" OR w1_reg3 [Respondent Type] = ""Youth"") | If w1_q33 [Household Origin Rural Urban] = ""From another village"" |",historical origin characteristic,country/city/district/village relation,origin,lower-level identifiers suppressed where applicable
w1_q38x5_txt,Household Origin Village,hh_orign_villg5_txt,w1,bemp_w1.csv,bemp_w1_codebook.csv,Household Composition and Migration History,Household Origin Village,What is the name of the village from which you moved to this village? [fill in whatever information the respondent can provide; be careful about spelling],District:,Open Text Box,string,2170,2170,308,85.81,42,"[""Kurigram"", ""kurigram"", ""Bogura"", ""Tangail"", ""Sirajganj"", ""Gaibandha"", ""Jamalpur"", ""Sirajgonj""]","[""Kurigram"", ""kurigram"", ""Bogura"", ""Tangail"", ""Sirajganj"", ""Gaibandha"", ""Jamalpur"", ""Sirajgonj""]","{""Kurigram"": 87, ""kurigram"": 37, ""Bogura"": 23, ""Tangail"": 22, ""Sirajganj"": 19, ""Gaibandha"": 15, ""Jamalpur"": 10, ""Sirajgonj"": 9, ""Shirajgonj"": 9, ""manikgonj"": 8}",{},Geographic identifiers below the district level were removed from the published dataset to protect participant confidentiality.,"If (w1_reg3 [Respondent Type] = ""Household head"" OR w1_reg3 [Respondent Type] = ""Youth"") | If w1_q33 [Household Origin Rural Urban] = ""From another village"" |",historical origin characteristic,country/city/district/village relation,origin,lower-level identifiers suppressed where applicable
w1_q38x6,Household Origin Village,hh_orign_villg6,w1,bemp_w1.csv,bemp_w1_codebook.csv,Household Composition and Migration History,Household Origin Village,What is the name of the village from which you moved to this village? [fill in whatever information the respondent can provide; be careful about spelling],Division:,Multiple Choice,integer-coded,2170,2170,543,74.98,2,"[""0"", ""1""]","[""Not Selected"", ""Selected""]","{""0"": 386, ""1"": 157}","{""0"": ""Not Selected"", ""1"": ""Selected""}",Geographic identifiers below the district level were removed from the published dataset to protect participant confidentiality.,"If (w1_reg3 [Respondent Type] = ""Household head"" OR w1_reg3 [Respondent Type] = ""Youth"") | If w1_q33 [Household Origin Rural Urban] = ""From another village"" |",historical origin characteristic,country/city/district/village relation,origin,lower-level identifiers suppressed where applicable
w1_q38x6_txt,Household Origin Village,hh_orign_villg6_txt,w1,bemp_w1.csv,bemp_w1_codebook.csv,Household Composition and Migration History,Household Origin Village,What is the name of the village from which you moved to this village? [fill in whatever information the respondent can provide; be careful about spelling],Division:,Open Text Box,string,2170,2170,154,92.9,16,"[""Rangpur"", ""Rajshahi"", ""Dhaka"", ""dhaka"", ""rangpur"", ""rajshahi"", ""Sirajganj"", ""রাজশাহী""]","[""Rangpur"", ""Rajshahi"", ""Dhaka"", ""dhaka"", ""rangpur"", ""rajshahi"", ""Sirajganj"", ""রাজশাহী""]","{""Rangpur"": 39, ""Rajshahi"": 36, ""Dhaka"": 20, ""dhaka"": 12, ""rangpur"": 12, ""rajshahi"": 10, ""Sirajganj"": 5, ""রাজশাহী"": 5, ""rongpur"": 3, ""Rongpur"": 3}",{},Geographic identifiers below the district level were removed from the published dataset to protect participant confidentiality.,"If (w1_reg3 [Respondent Type] = ""Household head"" OR w1_reg3 [Respondent Type] = ""Youth"") | If w1_q33 [Household Origin Rural Urban] = ""From another village"" |",historical origin characteristic,country/city/district/village relation,origin,lower-level identifiers suppressed where applicable
w1_q38x88,Household Origin Village,hh_orign_villg88,w1,bemp_w1.csv,bemp_w1_codebook.csv,Household Composition and Migration History,Household Origin Village,What is the name of the village from which you moved to this village? [fill in whatever information the respondent can provide; be careful about spelling],DK,Multiple Choice,integer-coded,2170,2170,543,74.98,2,"[""0"", ""1""]","[""Not Selected"", ""Selected""]","{""0"": 535, ""1"": 8}","{""0"": ""Not Selected"", ""1"": ""Selected""}",Geographic identifiers below the district level were removed from the published dataset to protect participant confidentiality.,"If (w1_reg3 [Respondent Type] = ""Household head"" OR w1_reg3 [Respondent Type] = ""Youth"") | If w1_q33 [Household Origin Rural Urban] = ""From another village"" |",historical origin characteristic,country/city/district/village relation,origin,lower-level identifiers suppressed where applicable
w1_q38x99,Household Origin Village,hh_orign_villg99,w1,bemp_w1.csv,bemp_w1_codebook.csv,Household Composition and Migration History,Household Origin Village,What is the name of the village from which you moved to this village? [fill in whatever information the respondent can provide; be careful about spelling],RA,Multiple Choice,integer-coded,2170,2170,543,74.98,2,"[""0"", ""1""]","[""Not Selected"", ""Selected""]","{""0"": 540, ""1"": 3}","{""0"": ""Not Selected"", ""1"": ""Selected""}",Geographic identifiers below the district level were removed from the published dataset to protect participant confidentiality.,"If (w1_reg3 [Respondent Type] = ""Household head"" OR w1_reg3 [Respondent Type] = ""Youth"") | If w1_q33 [Household Origin Rural Urban] = ""From another village"" |",historical origin characteristic,country/city/district/village relation,origin,lower-level identifiers suppressed where applicable
w1_q37,Household Origin Village Existence,hh_orign_villg_exstn,w1,bemp_w1.csv,bemp_w1_codebook.csv,Household Composition and Migration History,Household Origin Village Existence,Does the village you came from still exist?,,Single Choice,integer-coded,2170,2170,491,77.37,2,"[""2"", ""1""]","[""No"", ""Yes""]","{""2"": 400, ""1"": 91}","{""1"": ""Yes"", ""2"": ""No"", ""-8"": ""DK"", ""-9"": ""RA""}",,"If (w1_reg3 [Respondent Type] = ""Household head"" OR w1_reg3 [Respondent Type] = ""Youth"") | If w1_q35 [Household Origin Village River Distance] = ""Yes"" |",historical origin characteristic,country/city/district/village relation,origin,lower-level identifiers suppressed where applicable
w1_q35,Household Origin Village River Distance,hh_orign_villg_river_dist,w1,bemp_w1.csv,bemp_w1_codebook.csv,Household Composition and Migration History,Household Origin Village River Distance,Is the village you moved from close to Jamuna River?,,Single Choice,integer-coded,2170,2170,543,74.98,2,"[""1"", ""2""]","[""Yes"", ""No""]","{""1"": 491, ""2"": 52}","{""1"": ""Yes"", ""2"": ""No"", ""-8"": ""DK"", ""-9"": ""RA""}",,"If (w1_reg3 [Respondent Type] = ""Household head"" OR w1_reg3 [Respondent Type] = ""Youth"") | If w1_q33 [Household Origin Rural Urban] = ""From another village"" |",reported distance/accessibility,distance/category per question,origin/destination context per file,distance only; endpoints not identified
w1_q133,Plot Distance from Jamuna,plot_dist_from_jmuna,w1,bemp_w1.csv,bemp_w1_codebook.csv,Plot Characterization,Plot Distance from Jamuna,How far is it from the Jamuna River? [one of the distance measures is enough],,Single Choice,integer-coded,2170,2170,416,80.83,9,"[""2"", ""1"", ""4"", ""3"", ""8"", ""7"", ""5"", ""6""]","[""[minutes walking time]:"", ""Right next to the river"", ""[kilometers]:"", ""[meters]:"", ""[roshi/rope]:"", ""[feet]:"", ""[miles]:"", ""[hands]:""]","{""2"": 200, ""1"": 149, ""4"": 39, ""3"": 12, ""8"": 6, ""7"": 5, ""5"": 3, ""6"": 1, ""9"": 1}","{""1"": ""Right next to the river"", ""2"": ""[minutes walking time]:"", ""3"": ""[meters]:"", ""4"": ""[kilometers]:"", ""5"": ""[miles]:"", ""6"": ""[hands]:"", ""7"": ""[feet]:"", ""8"": ""[roshi/rope]:"", ""9"": ""Other [enter value and unit]:"", ""-8"": ""DK"", ""-9"": ""RA""}",,If (w1_q121_txt [Usable Plot Count (Home Village)] > 0 OR w1_q122_txt [Non-Owned Agricultural Plot Count (Home Village)] > 0 OR w1_q123_txt [Total Agricultural Plot Count (Home Village)] > 0) | |,hazard proximity,meters or reported distance category,origin/current residence context,derived/reported distance; no house coordinates
w1_q133_txt,Plot Distance from Jamuna,plot_dist_from_jmuna_txt,w1,bemp_w1.csv,bemp_w1_codebook.csv,Plot Characterization,Plot Distance from Jamuna,How far is it from the Jamuna River? [one of the distance measures is enough],,Open Text Box,string,2170,2170,267,87.7,43,"[""2"", ""5"", ""10"", ""1"", ""3"", ""15"", ""4"", ""30""]","[""2"", ""5"", ""10"", ""1"", ""3"", ""15"", ""4"", ""30""]","{""2"": 35, ""5"": 32, ""10"": 31, ""1"": 24, ""3"": 17, ""15"": 16, ""4"": 12, ""30"": 12, ""7"": 8, ""20"": 8}",{},,If (w1_q121_txt [Usable Plot Count (Home Village)] > 0 OR w1_q122_txt [Non-Owned Agricultural Plot Count (Home Village)] > 0 OR w1_q123_txt [Total Agricultural Plot Count (Home Village)] > 0) | |,hazard proximity,meters or reported distance category,origin/current residence context,derived/reported distance; no house coordinates
w1_reg1,Respondent Code,resp_code,w1,bemp_w1.csv,bemp_w1_codebook.csv,Questionnaire Registration,Respondent Code,Respondent code [copy&paste from the Google Sheet],,Open Text Box,string,2170,2170,2170,0.0,2170,"[""L06-Z02-HH06-H"", ""L33-Z03-HH17-H"", ""L34-Z01-HH05-H"", ""L34-Z01-HH07-H"", ""L34-Z01-HH06-H"", ""L34-Z02-HH12-H"", ""L34-Z01-HH10-H"", ""L34-Z01-HH09-H""]","[""L06-Z02-HH06-H"", ""L33-Z03-HH17-H"", ""L34-Z01-HH05-H"", ""L34-Z01-HH07-H"", ""L34-Z01-HH06-H"", ""L34-Z02-HH12-H"", ""L34-Z01-HH10-H"", ""L34-Z01-HH09-H""]","{""L06-Z02-HH06-H"": 1, ""L33-Z03-HH17-H"": 1, ""L34-Z01-HH05-H"": 1, ""L34-Z01-HH07-H"": 1, ""L34-Z01-HH06-H"": 1, ""L34-Z02-HH12-H"": 1, ""L34-Z01-HH10-H"": 1, ""L34-Z01-HH09-H"": 1, ""L34-Z02-HH04-H"": 1, ""L34-Z02-HH07-H"": 1}",{},"Respondent codes follow the structure: location number (Lxx) - sampling zone (Zyy) - household number (HHzz) - subsample identifier (H - household head; F - senior female; YF - youth female; YM - youth male; LB - left-behind member of migrated respondent). For instance: L05-Z02-HH13-F. Note 1: Respondents with identical household code (e.g., L05-Z02-HH13) but different subsample endings (-H, -F, -YF, -YM, -LB) are individuals who belong to the same household. Note 2: The location- and zone-identifier in the respondent code was assigned in wave 1 and kept constant afterwards, even if respondents moved. Note 3: For locations L10, L17, and L18, the zone indicator is missing as houses were sparsely distributed in these locations and we partly had to sample outside the regular 200-m-zone to reach the targeted number of households. Note 4: Locations belong to the following districts: Bogra (L19-L21); Gaibandha (L23); Jamalpur (L01, L22); Kurigram (L24-L36); Manikganj (L04-L06); Sirajganj (L07-L09); Tangail (L02-L03; L10-L18).",| |,baseline origin sampling-location / household code,anonymized Lxx sampling location; district derivable,origin,pseudonymized composite; fixed after moves
w1_q189,Riverbank (Home Village) Current Distance,rivbk_home_villg_crrnt_dist,w1,bemp_w1.csv,bemp_w1_codebook.csv,Erosion 2020 - Perception,Riverbank (Home Village) Current Distance,And how far away from your house is the river NOW? [one of the distance measures is enough],,Single Choice,integer-coded,2170,2170,1933,10.92,8,"[""2"", ""1"", ""3"", ""7"", ""4"", ""8"", ""6"", ""5""]","[""[minutes walking time]:"", ""River is right next to the house"", ""[meters]:"", ""[feet]:"", ""[kilometers]:"", ""[roshi/rope]:"", ""[hands]:"", ""[miles]:""]","{""2"": 1122, ""1"": 566, ""3"": 90, ""7"": 54, ""4"": 38, ""8"": 35, ""6"": 26, ""5"": 2}","{""1"": ""River is right next to the house"", ""2"": ""[minutes walking time]:"", ""3"": ""[meters]:"", ""4"": ""[kilometers]:"", ""5"": ""[miles]:"", ""6"": ""[hands]:"", ""7"": ""[feet]:"", ""8"": ""[roshi/rope]:"", ""10"": ""Other [enter value and unit]:"", ""-8"": ""DK"", ""-9"": ""RA""}",,"| If (w1_q187 [Erosion (Home Village) Land Amount] != ""[don't read this option] There was no erosion"" AND w1_q187 [Erosion (Home Village) Land Amount] != ""DK"" AND w1_q187 [Erosion (Home Village) Land Amount] != ""RA"") |",hazard proximity,meters or reported distance category,origin/current residence context,derived/reported distance; no house coordinates
w1_q189_txt,Riverbank (Home Village) Current Distance,rivbk_home_villg_crrnt_dist_txt,w1,bemp_w1.csv,bemp_w1_codebook.csv,Erosion 2020 - Perception,Riverbank (Home Village) Current Distance,And how far away from your house is the river NOW? [one of the distance measures is enough],,Open Text Box,continuous numeric,2170,2170,1367,37.0,49,"[""2"", ""1"", ""5"", ""3"", ""4"", ""10"", ""100"", ""0.5""]","[""2"", ""1"", ""5"", ""3"", ""4"", ""10"", ""100"", ""0.5""]","{""2"": 348, ""1"": 279, ""5"": 220, ""3"": 162, ""4"": 69, ""10"": 36, ""100"": 28, ""0.5"": 26, ""300"": 24, ""50"": 18}",{},,"| If (w1_q187 [Erosion (Home Village) Land Amount] != ""[don't read this option] There was no erosion"" AND w1_q187 [Erosion (Home Village) Land Amount] != ""DK"" AND w1_q187 [Erosion (Home Village) Land Amount] != ""RA"") |",hazard proximity,meters or reported distance category,origin/current residence context,derived/reported distance; no house coordinates
w1_q213,Riverbank (Home Village) Distance 2019,rivbk_home_villg_dist_2019,w1,bemp_w1.csv,bemp_w1_codebook.csv,Erosion 2019 - Perception,Riverbank (Home Village) Distance 2019,How far away from your house was the river BEFORE the 2019 erosion? [one of the distance measures is enough],,Single Choice,integer-coded,2170,2170,1910,11.98,9,"[""2"", ""4"", ""3"", ""5"", ""1"", ""8"", ""7"", ""6""]","[""[minutes walking time]:"", ""[kilometers]:"", ""[meters]:"", ""[miles]:"", ""River was right next to the house"", ""[roshi/rope]:"", ""[feet]:"", ""[hands]:""]","{""2"": 1387, ""4"": 259, ""3"": 57, ""5"": 57, ""1"": 51, ""8"": 35, ""7"": 33, ""6"": 30, ""10"": 1}","{""1"": ""River was right next to the house"", ""2"": ""[minutes walking time]:"", ""3"": ""[meters]:"", ""4"": ""[kilometers]:"", ""5"": ""[miles]:"", ""6"": ""[hands]:"", ""7"": ""[feet]:"", ""8"": ""[roshi/rope]:"", ""10"": ""Other [enter value and unit]:"", ""-8"": ""DK"", ""-9"": ""RA""}",,"| If (w1_q212 [Erosion 2019 (Home Village) Expectation] != ""[don't read this option] There was no erosion"" AND w1_q212 [Erosion 2019 (Home Village) Expectation] != ""DK"" AND w1_q212 [Erosion 2019 (Home Village) Expectation] != ""RA"") |",hazard proximity,meters or reported distance category,origin/current residence context,derived/reported distance; no house coordinates
w1_q213_txt,Riverbank (Home Village) Distance 2019,rivbk_home_villg_dist_2019_txt,w1,bemp_w1.csv,bemp_w1_codebook.csv,Erosion 2019 - Perception,Riverbank (Home Village) Distance 2019,How far away from your house was the river BEFORE the 2019 erosion? [one of the distance measures is enough],,Open Text Box,string,2170,2170,1859,14.33,87,"[""30"", ""20"", ""15"", ""10"", ""2"", ""5"", ""25"", ""3""]","[""30"", ""20"", ""15"", ""10"", ""2"", ""5"", ""25"", ""3""]","{""30"": 207, ""20"": 187, ""15"": 175, ""10"": 164, ""2"": 91, ""5"": 83, ""25"": 74, ""3"": 72, ""1"": 72, ""60"": 68}",{},,"| If (w1_q212 [Erosion 2019 (Home Village) Expectation] != ""[don't read this option] There was no erosion"" AND w1_q212 [Erosion 2019 (Home Village) Expectation] != ""DK"" AND w1_q212 [Erosion 2019 (Home Village) Expectation] != ""RA"") |",hazard proximity,meters or reported distance category,origin/current residence context,derived/reported distance; no house coordinates
w1_q188,Riverbank (Home Village) Distance 2020,rivbk_home_villg_dist_2020,w1,bemp_w1.csv,bemp_w1_codebook.csv,Erosion 2020 - Perception,Riverbank (Home Village) Distance 2020,How far away from your house was the river BEFORE the 2020 erosion? [one of the distance measures is enough],,Single Choice,integer-coded,2170,2170,1917,11.66,9,"[""2"", ""4"", ""1"", ""3"", ""5"", ""8"", ""7"", ""6""]","[""[minutes walking time]:"", ""[kilometers]:"", ""River was right next to the house"", ""[meters]:"", ""[miles]:"", ""[roshi/rope]:"", ""[feet]:"", ""[hands]:""]","{""2"": 1364, ""4"": 226, ""1"": 82, ""3"": 76, ""5"": 59, ""8"": 42, ""7"": 33, ""6"": 33, ""9"": 2}","{""1"": ""River was right next to the house"", ""2"": ""[minutes walking time]:"", ""3"": ""[meters]:"", ""4"": ""[kilometers]:"", ""5"": ""[miles]:"", ""6"": ""[hands]:"", ""7"": ""[feet]:"", ""8"": ""[roshi/rope]:"", ""9"": ""Other [enter value and unit]:"", ""-8"": ""DK"", ""-9"": ""RA""}",,"| If (w1_q187 [Erosion (Home Village) Land Amount] != ""[don't read this option] There was no erosion"" AND w1_q187 [Erosion (Home Village) Land Amount] != ""DK"" AND w1_q187 [Erosion (Home Village) Land Amount] != ""RA"") |",hazard proximity,meters or reported distance category,origin/current residence context,derived/reported distance; no house coordinates
w1_q188_txt,Riverbank (Home Village) Distance 2020,rivbk_home_villg_dist_2020_txt,w1,bemp_w1.csv,bemp_w1_codebook.csv,Erosion 2020 - Perception,Riverbank (Home Village) Distance 2020,How far away from your house was the river BEFORE the 2020 erosion? [one of the distance measures is enough],,Open Text Box,string,2170,2170,1835,15.44,67,"[""10"", ""5"", ""20"", ""15"", ""1"", ""30"", ""2"", ""3""]","[""10"", ""5"", ""20"", ""15"", ""1"", ""30"", ""2"", ""3""]","{""10"": 262, ""5"": 224, ""20"": 158, ""15"": 133, ""1"": 128, ""30"": 127, ""2"": 122, ""3"": 90, ""4"": 68, ""7"": 65}",{},,"| If (w1_q187 [Erosion (Home Village) Land Amount] != ""[don't read this option] There was no erosion"" AND w1_q187 [Erosion (Home Village) Land Amount] != ""DK"" AND w1_q187 [Erosion (Home Village) Land Amount] != ""RA"") |",hazard proximity,meters or reported distance category,origin/current residence context,derived/reported distance; no house coordinates
w1_V_q10x1,Distance to Road,dist_to_road1,w1_V,bemp_w1_V.csv,bemp_w1_V_codebook.csv,Public Goods,Distance to Road,How far is it until the next tar/concrete/paved road,Distance in kilometers,Multiple Choice,integer-coded,29,29,23,20.69,2,"[""1"", ""0""]","[""Selected"", ""Not Selected""]","{""1"": 17, ""0"": 6}","{""0"": ""Not Selected"", ""1"": ""Selected""}",,| |,reported distance/accessibility,distance/category per question,origin/destination context per file,distance only; endpoints not identified
w1_V_q10x1_txt,Distance to Road,dist_to_road1_txt,w1_V,bemp_w1_V.csv,bemp_w1_V_codebook.csv,Public Goods,Distance to Road,How far is it until the next tar/concrete/paved road,Distance in kilometers,Open Text Box,continuous numeric,29,29,17,41.38,6,"[""2"", ""3"", ""5"", ""4"", ""2.5"", ""1""]","[""2"", ""3"", ""5"", ""4"", ""2.5"", ""1""]","{""2"": 7, ""3"": 5, ""5"": 2, ""4"": 1, ""2.5"": 1, ""1"": 1}",{},,| |,reported distance/accessibility,distance/category per question,origin/destination context per file,distance only; endpoints not identified
w1_V_q10x2,Distance to Road,dist_to_road2,w1_V,bemp_w1_V.csv,bemp_w1_V_codebook.csv,Public Goods,Distance to Road,How far is it until the next tar/concrete/paved road,Distance in minutes driving,Multiple Choice,integer-coded,29,29,23,20.69,2,"[""0"", ""1""]","[""Not Selected"", ""Selected""]","{""0"": 18, ""1"": 5}","{""0"": ""Not Selected"", ""1"": ""Selected""}",,| |,reported distance/accessibility,distance/category per question,origin/destination context per file,distance only; endpoints not identified
w1_V_q10x2_txt,Distance to Road,dist_to_road2_txt,w1_V,bemp_w1_V.csv,bemp_w1_V_codebook.csv,Public Goods,Distance to Road,How far is it until the next tar/concrete/paved road,Distance in minutes driving,Open Text Box,integer-coded,29,29,5,82.76,5,"[""30"", ""20"", ""2"", ""1"", ""10""]","[""30"", ""20"", ""2"", ""1"", ""10""]","{""30"": 1, ""20"": 1, ""2"": 1, ""1"": 1, ""10"": 1}",{},,| |,reported distance/accessibility,distance/category per question,origin/destination context per file,distance only; endpoints not identified
w1_V_q10x3,Distance to Road,dist_to_road3,w1_V,bemp_w1_V.csv,bemp_w1_V_codebook.csv,Public Goods,Distance to Road,How far is it until the next tar/concrete/paved road,Distance in minutes walking,Multiple Choice,integer-coded,29,29,23,20.69,2,"[""0"", ""1""]","[""Not Selected"", ""Selected""]","{""0"": 21, ""1"": 2}","{""0"": ""Not Selected"", ""1"": ""Selected""}",,| |,reported distance/accessibility,distance/category per question,origin/destination context per file,distance only; endpoints not identified
w1_V_q10x3_txt,Distance to Road,dist_to_road3_txt,w1_V,bemp_w1_V.csv,bemp_w1_V_codebook.csv,Public Goods,Distance to Road,How far is it until the next tar/concrete/paved road,Distance in minutes walking,Open Text Box,integer-coded,29,29,2,93.1,2,"[""30"", ""15""]","[""30"", ""15""]","{""30"": 1, ""15"": 1}",{},,| |,reported distance/accessibility,distance/category per question,origin/destination context per file,distance only; endpoints not identified
w1_V_q4,District,dstrc,w1_V,bemp_w1_V.csv,bemp_w1_V_codebook.csv,Registration,District,District,,Open Text Box,string,29,29,29,0.0,10,"[""Kurigram"", ""Tangail"", ""Manikganj"", ""Shirajgong"", ""সিরাজগঞ্জ"", ""Shirajganj"", ""tangail"", ""Bogra""]","[""Kurigram"", ""Tangail"", ""Manikganj"", ""Shirajgong"", ""সিরাজগঞ্জ"", ""Shirajganj"", ""tangail"", ""Bogra""]","{""Kurigram"": 11, ""Tangail"": 8, ""Manikganj"": 3, ""Shirajgong"": 1, ""সিরাজগঞ্জ"": 1, ""Shirajganj"": 1, ""tangail"": 1, ""Bogra"": 1, ""Jamalpur"": 1, ""Gaibandha"": 1}",{},Geographic identifiers below the district level were removed from the published dataset to protect participant confidentiality.,| |,district name,district,origin village profile,public district; lower levels suppressed
w1_V_reg1,Location Number,locat_nmbr,w1_V,bemp_w1_V.csv,bemp_w1_V_codebook.csv,Registration,Location Number,Location number (for example L01),,Open Text Box,string,29,29,29,0.0,29,"[""L06"", ""L20"", ""L35"", ""L33"", ""L32"", ""L31"", ""L30"", ""L29""]","[""L06"", ""L20"", ""L35"", ""L33"", ""L32"", ""L31"", ""L30"", ""L29""]","{""L06"": 1, ""L20"": 1, ""L35"": 1, ""L33"": 1, ""L32"": 1, ""L31"": 1, ""L30"": 1, ""L29"": 1, ""L28"": 1, ""L27 (and L26)"": 1}",{},"Locations belong to the following districts: Bogra (L19-L21); Gaibandha (L23); Jamalpur (L01, L22); Kurigram (L24-L36); Manikganj (L04-L06); Sirajganj (L07-L09); Tangail (L02-L03; L10-L18).",| |,baseline origin sampling-location code,anonymized Lxx location; district derivable,origin,pseudonymized location code; no village name
w1_V_q23x1,Madrasha Distance,mdrsh_dist1,w1_V,bemp_w1_V.csv,bemp_w1_V_codebook.csv,Public Goods,Madrasha Distance,"How far is it to the next Madrasha? [enter preferably in kilometers/miles, else in minutes driving]",Distance in kilometers:,Multiple Choice,integer-coded,29,29,8,72.41,1,"[""1""]","[""Selected""]","{""1"": 8}","{""0"": ""Not Selected"", ""1"": ""Selected""}",,| |,reported distance/accessibility,distance/category per question,origin/destination context per file,distance only; endpoints not identified
w1_V_q23x1_txt,Madrasha Distance,mdrsh_dist1_txt,w1_V,bemp_w1_V.csv,bemp_w1_V_codebook.csv,Public Goods,Madrasha Distance,"How far is it to the next Madrasha? [enter preferably in kilometers/miles, else in minutes driving]",Distance in kilometers:,Open Text Box,integer-coded,29,29,8,72.41,5,"[""3"", ""2"", ""4"", ""13"", ""315""]","[""3"", ""2"", ""4"", ""13"", ""315""]","{""3"": 3, ""2"": 2, ""4"": 1, ""13"": 1, ""315"": 1}",{},,| |,reported distance/accessibility,distance/category per question,origin/destination context per file,distance only; endpoints not identified
w1_V_q23x2,Madrasha Distance,mdrsh_dist2,w1_V,bemp_w1_V.csv,bemp_w1_V_codebook.csv,Public Goods,Madrasha Distance,"How far is it to the next Madrasha? [enter preferably in kilometers/miles, else in minutes driving]",Distance in miles:,Multiple Choice,integer-coded,29,29,8,72.41,1,"[""0""]","[""Not Selected""]","{""0"": 8}","{""0"": ""Not Selected"", ""1"": ""Selected""}",,| |,reported distance/accessibility,distance/category per question,origin/destination context per file,distance only; endpoints not identified
w1_V_q23x2_txt,Madrasha Distance,mdrsh_dist2_txt,w1_V,bemp_w1_V.csv,bemp_w1_V_codebook.csv,Public Goods,Madrasha Distance,"How far is it to the next Madrasha? [enter preferably in kilometers/miles, else in minutes driving]",Distance in miles:,Open Text Box,undetermined (no valid values),29,29,0,100.0,0,[],[],{},{},,| |,reported distance/accessibility,distance/category per question,origin/destination context per file,distance only; endpoints not identified
w1_V_q23x3,Madrasha Distance,mdrsh_dist3,w1_V,bemp_w1_V.csv,bemp_w1_V_codebook.csv,Public Goods,Madrasha Distance,"How far is it to the next Madrasha? [enter preferably in kilometers/miles, else in minutes driving]",Distance in minutes driving:,Multiple Choice,integer-coded,29,29,8,72.41,1,"[""0""]","[""Not Selected""]","{""0"": 8}","{""0"": ""Not Selected"", ""1"": ""Selected""}",,| |,reported distance/accessibility,distance/category per question,origin/destination context per file,distance only; endpoints not identified
w1_V_q23x3_txt,Madrasha Distance,mdrsh_dist3_txt,w1_V,bemp_w1_V.csv,bemp_w1_V_codebook.csv,Public Goods,Madrasha Distance,"How far is it to the next Madrasha? [enter preferably in kilometers/miles, else in minutes driving]",Distance in minutes driving:,Open Text Box,undetermined (no valid values),29,29,0,100.0,0,[],[],{},{},,| |,reported distance/accessibility,distance/category per question,origin/destination context per file,distance only; endpoints not identified
w1_V_q23x4,Madrasha Distance,mdrsh_dist4,w1_V,bemp_w1_V.csv,bemp_w1_V_codebook.csv,Public Goods,Madrasha Distance,"How far is it to the next Madrasha? [enter preferably in kilometers/miles, else in minutes driving]",Distance in minutes walking:,Multiple Choice,integer-coded,29,29,8,72.41,1,"[""0""]","[""Not Selected""]","{""0"": 8}","{""0"": ""Not Selected"", ""1"": ""Selected""}",,| |,reported distance/accessibility,distance/category per question,origin/destination context per file,distance only; endpoints not identified
w1_V_q23x4_txt,Madrasha Distance,mdrsh_dist4_txt,w1_V,bemp_w1_V.csv,bemp_w1_V_codebook.csv,Public Goods,Madrasha Distance,"How far is it to the next Madrasha? [enter preferably in kilometers/miles, else in minutes driving]",Distance in minutes walking:,Open Text Box,undetermined (no valid values),29,29,0,100.0,0,[],[],{},{},,| |,reported distance/accessibility,distance/category per question,origin/destination context per file,distance only; endpoints not identified
w1_V_q23x5,Madrasha Distance,mdrsh_dist5,w1_V,bemp_w1_V.csv,bemp_w1_V_codebook.csv,Public Goods,Madrasha Distance,"How far is it to the next Madrasha? [enter preferably in kilometers/miles, else in minutes driving]",Distance in minutes by boat:,Multiple Choice,integer-coded,29,29,8,72.41,1,"[""0""]","[""Not Selected""]","{""0"": 8}","{""0"": ""Not Selected"", ""1"": ""Selected""}",,| |,reported distance/accessibility,distance/category per question,origin/destination context per file,distance only; endpoints not identified
w1_V_q23x5_txt,Madrasha Distance,mdrsh_dist5_txt,w1_V,bemp_w1_V.csv,bemp_w1_V_codebook.csv,Public Goods,Madrasha Distance,"How far is it to the next Madrasha? [enter preferably in kilometers/miles, else in minutes driving]",Distance in minutes by boat:,Open Text Box,undetermined (no valid values),29,29,0,100.0,0,[],[],{},{},,| |,reported distance/accessibility,distance/category per question,origin/destination context per file,distance only; endpoints not identified
w1_V_q23x88,Madrasha Distance,mdrsh_dist88,w1_V,bemp_w1_V.csv,bemp_w1_V_codebook.csv,Public Goods,Madrasha Distance,"How far is it to the next Madrasha? [enter preferably in kilometers/miles, else in minutes driving]",DK,Multiple Choice,integer-coded,29,29,8,72.41,1,"[""0""]","[""Not Selected""]","{""0"": 8}","{""0"": ""Not Selected"", ""1"": ""Selected""}",,| |,reported distance/accessibility,distance/category per question,origin/destination context per file,distance only; endpoints not identified
w1_V_q26x1,Medical Facility Distance,medic_fclty_dist1,w1_V,bemp_w1_V.csv,bemp_w1_V_codebook.csv,Public Goods,Medical Facility Distance,"How far is it to the next clinic/hospital? [enter preferably in kilometers/miles, else in minutes driving]",Distance in kilometers:,Multiple Choice,integer-coded,29,29,19,34.48,2,"[""1"", ""0""]","[""Selected"", ""Not Selected""]","{""1"": 18, ""0"": 1}","{""0"": ""Not Selected"", ""1"": ""Selected""}",,| |,reported distance/accessibility,distance/category per question,origin/destination context per file,distance only; endpoints not identified
w1_V_q26x1_txt,Medical Facility Distance,medic_fclty_dist1_txt,w1_V,bemp_w1_V.csv,bemp_w1_V_codebook.csv,Public Goods,Medical Facility Distance,"How far is it to the next clinic/hospital? [enter preferably in kilometers/miles, else in minutes driving]",Distance in kilometers:,Open Text Box,integer-coded,29,29,18,37.93,10,"[""2"", ""4"", ""1"", ""25"", ""14"", ""15"", ""5"", ""8""]","[""2"", ""4"", ""1"", ""25"", ""14"", ""15"", ""5"", ""8""]","{""2"": 4, ""4"": 2, ""1"": 2, ""25"": 2, ""14"": 2, ""15"": 2, ""5"": 1, ""8"": 1, ""17"": 1, ""3"": 1}",{},,| |,reported distance/accessibility,distance/category per question,origin/destination context per file,distance only; endpoints not identified
w1_V_q26x2,Medical Facility Distance,medic_fclty_dist2,w1_V,bemp_w1_V.csv,bemp_w1_V_codebook.csv,Public Goods,Medical Facility Distance,"How far is it to the next clinic/hospital? [enter preferably in kilometers/miles, else in minutes driving]",Distance in miles:,Multiple Choice,integer-coded,29,29,19,34.48,1,"[""0""]","[""Not Selected""]","{""0"": 19}","{""0"": ""Not Selected"", ""1"": ""Selected""}",,| |,reported distance/accessibility,distance/category per question,origin/destination context per file,distance only; endpoints not identified
w1_V_q26x2_txt,Medical Facility Distance,medic_fclty_dist2_txt,w1_V,bemp_w1_V.csv,bemp_w1_V_codebook.csv,Public Goods,Medical Facility Distance,"How far is it to the next clinic/hospital? [enter preferably in kilometers/miles, else in minutes driving]",Distance in miles:,Open Text Box,undetermined (no valid values),29,29,0,100.0,0,[],[],{},{},,| |,reported distance/accessibility,distance/category per question,origin/destination context per file,distance only; endpoints not identified
w1_V_q26x3,Medical Facility Distance,medic_fclty_dist3,w1_V,bemp_w1_V.csv,bemp_w1_V_codebook.csv,Public Goods,Medical Facility Distance,"How far is it to the next clinic/hospital? [enter preferably in kilometers/miles, else in minutes driving]",Distance in minutes driving:,Multiple Choice,integer-coded,29,29,19,34.48,2,"[""0"", ""1""]","[""Not Selected"", ""Selected""]","{""0"": 18, ""1"": 1}","{""0"": ""Not Selected"", ""1"": ""Selected""}",,| |,reported distance/accessibility,distance/category per question,origin/destination context per file,distance only; endpoints not identified
w1_V_q26x3_txt,Medical Facility Distance,medic_fclty_dist3_txt,w1_V,bemp_w1_V.csv,bemp_w1_V_codebook.csv,Public Goods,Medical Facility Distance,"How far is it to the next clinic/hospital? [enter preferably in kilometers/miles, else in minutes driving]",Distance in minutes driving:,Open Text Box,integer-coded,29,29,1,96.55,1,"[""40""]","[""40""]","{""40"": 1}",{},,| |,reported distance/accessibility,distance/category per question,origin/destination context per file,distance only; endpoints not identified
w1_V_q26x4,Medical Facility Distance,medic_fclty_dist4,w1_V,bemp_w1_V.csv,bemp_w1_V_codebook.csv,Public Goods,Medical Facility Distance,"How far is it to the next clinic/hospital? [enter preferably in kilometers/miles, else in minutes driving]",Distance in minutes walking:,Multiple Choice,integer-coded,29,29,19,34.48,1,"[""0""]","[""Not Selected""]","{""0"": 19}","{""0"": ""Not Selected"", ""1"": ""Selected""}",,| |,reported distance/accessibility,distance/category per question,origin/destination context per file,distance only; endpoints not identified
w1_V_q26x4_txt,Medical Facility Distance,medic_fclty_dist4_txt,w1_V,bemp_w1_V.csv,bemp_w1_V_codebook.csv,Public Goods,Medical Facility Distance,"How far is it to the next clinic/hospital? [enter preferably in kilometers/miles, else in minutes driving]",Distance in minutes walking:,Open Text Box,undetermined (no valid values),29,29,0,100.0,0,[],[],{},{},,| |,reported distance/accessibility,distance/category per question,origin/destination context per file,distance only; endpoints not identified
w1_V_q26x5,Medical Facility Distance,medic_fclty_dist5,w1_V,bemp_w1_V.csv,bemp_w1_V_codebook.csv,Public Goods,Medical Facility Distance,"How far is it to the next clinic/hospital? [enter preferably in kilometers/miles, else in minutes driving]",Distance in minutes by boat:,Multiple Choice,integer-coded,29,29,19,34.48,1,"[""0""]","[""Not Selected""]","{""0"": 19}","{""0"": ""Not Selected"", ""1"": ""Selected""}",,| |,reported distance/accessibility,distance/category per question,origin/destination context per file,distance only; endpoints not identified
w1_V_q26x5_txt,Medical Facility Distance,medic_fclty_dist5_txt,w1_V,bemp_w1_V.csv,bemp_w1_V_codebook.csv,Public Goods,Medical Facility Distance,"How far is it to the next clinic/hospital? [enter preferably in kilometers/miles, else in minutes driving]",Distance in minutes by boat:,Open Text Box,undetermined (no valid values),29,29,0,100.0,0,[],[],{},{},,| |,reported distance/accessibility,distance/category per question,origin/destination context per file,distance only; endpoints not identified
w1_V_q26x88,Medical Facility Distance,medic_fclty_dist88,w1_V,bemp_w1_V.csv,bemp_w1_V_codebook.csv,Public Goods,Medical Facility Distance,"How far is it to the next clinic/hospital? [enter preferably in kilometers/miles, else in minutes driving]",DK,Multiple Choice,integer-coded,29,29,19,34.48,1,"[""0""]","[""Not Selected""]","{""0"": 19}","{""0"": ""Not Selected"", ""1"": ""Selected""}",,| |,reported distance/accessibility,distance/category per question,origin/destination context per file,distance only; endpoints not identified
w1_V_q27x1,Pharmacy Distance,phrmc_dist1,w1_V,bemp_w1_V.csv,bemp_w1_V_codebook.csv,Public Goods,Pharmacy Distance,"How far is it to the next pharmacy? [enter preferably in kilometers/miles, else in minutes driving]",Distance in kilometers:,Multiple Choice,integer-coded,29,29,19,34.48,2,"[""1"", ""0""]","[""Selected"", ""Not Selected""]","{""1"": 14, ""0"": 5}","{""0"": ""Not Selected"", ""1"": ""Selected""}",,| |,reported distance/accessibility,distance/category per question,origin/destination context per file,distance only; endpoints not identified
w1_V_q27x1_txt,Pharmacy Distance,phrmc_dist1_txt,w1_V,bemp_w1_V.csv,bemp_w1_V_codebook.csv,Public Goods,Pharmacy Distance,"How far is it to the next pharmacy? [enter preferably in kilometers/miles, else in minutes driving]",Distance in kilometers:,Open Text Box,continuous numeric,29,29,14,51.72,8,"[""1"", ""2"", ""3"", ""1.5"", ""0.6"", ""4"", ""14"", ""5""]","[""1"", ""2"", ""3"", ""1.5"", ""0.6"", ""4"", ""14"", ""5""]","{""1"": 3, ""2"": 3, ""3"": 3, ""1.5"": 1, ""0.6"": 1, ""4"": 1, ""14"": 1, ""5"": 1}",{},,| |,reported distance/accessibility,distance/category per question,origin/destination context per file,distance only; endpoints not identified
w1_V_q27x2,Pharmacy Distance,phrmc_dist2,w1_V,bemp_w1_V.csv,bemp_w1_V_codebook.csv,Public Goods,Pharmacy Distance,"How far is it to the next pharmacy? [enter preferably in kilometers/miles, else in minutes driving]",Distance in miles:,Multiple Choice,integer-coded,29,29,19,34.48,1,"[""0""]","[""Not Selected""]","{""0"": 19}","{""0"": ""Not Selected"", ""1"": ""Selected""}",,| |,reported distance/accessibility,distance/category per question,origin/destination context per file,distance only; endpoints not identified
w1_V_q27x2_txt,Pharmacy Distance,phrmc_dist2_txt,w1_V,bemp_w1_V.csv,bemp_w1_V_codebook.csv,Public Goods,Pharmacy Distance,"How far is it to the next pharmacy? [enter preferably in kilometers/miles, else in minutes driving]",Distance in miles:,Open Text Box,undetermined (no valid values),29,29,0,100.0,0,[],[],{},{},,| |,reported distance/accessibility,distance/category per question,origin/destination context per file,distance only; endpoints not identified
w1_V_q27x3,Pharmacy Distance,phrmc_dist3,w1_V,bemp_w1_V.csv,bemp_w1_V_codebook.csv,Public Goods,Pharmacy Distance,"How far is it to the next pharmacy? [enter preferably in kilometers/miles, else in minutes driving]",Distance in minutes driving:,Multiple Choice,integer-coded,29,29,19,34.48,1,"[""0""]","[""Not Selected""]","{""0"": 19}","{""0"": ""Not Selected"", ""1"": ""Selected""}",,| |,reported distance/accessibility,distance/category per question,origin/destination context per file,distance only; endpoints not identified
w1_V_q27x3_txt,Pharmacy Distance,phrmc_dist3_txt,w1_V,bemp_w1_V.csv,bemp_w1_V_codebook.csv,Public Goods,Pharmacy Distance,"How far is it to the next pharmacy? [enter preferably in kilometers/miles, else in minutes driving]",Distance in minutes driving:,Open Text Box,undetermined (no valid values),29,29,0,100.0,0,[],[],{},{},,| |,reported distance/accessibility,distance/category per question,origin/destination context per file,distance only; endpoints not identified
w1_V_q27x4,Pharmacy Distance,phrmc_dist4,w1_V,bemp_w1_V.csv,bemp_w1_V_codebook.csv,Public Goods,Pharmacy Distance,"How far is it to the next pharmacy? [enter preferably in kilometers/miles, else in minutes driving]",Distance in minutes walking:,Multiple Choice,integer-coded,29,29,19,34.48,2,"[""0"", ""1""]","[""Not Selected"", ""Selected""]","{""0"": 14, ""1"": 5}","{""0"": ""Not Selected"", ""1"": ""Selected""}",,| |,reported distance/accessibility,distance/category per question,origin/destination context per file,distance only; endpoints not identified
w1_V_q27x4_txt,Pharmacy Distance,phrmc_dist4_txt,w1_V,bemp_w1_V.csv,bemp_w1_V_codebook.csv,Public Goods,Pharmacy Distance,"How far is it to the next pharmacy? [enter preferably in kilometers/miles, else in minutes driving]",Distance in minutes walking:,Open Text Box,integer-coded,29,29,5,82.76,3,"[""15"", ""1"", ""10""]","[""15"", ""1"", ""10""]","{""15"": 2, ""1"": 2, ""10"": 1}",{},,| |,reported distance/accessibility,distance/category per question,origin/destination context per file,distance only; endpoints not identified
w1_V_q27x5,Pharmacy Distance,phrmc_dist5,w1_V,bemp_w1_V.csv,bemp_w1_V_codebook.csv,Public Goods,Pharmacy Distance,"How far is it to the next pharmacy? [enter preferably in kilometers/miles, else in minutes driving]",Distance in minutes by boat:,Multiple Choice,integer-coded,29,29,19,34.48,1,"[""0""]","[""Not Selected""]","{""0"": 19}","{""0"": ""Not Selected"", ""1"": ""Selected""}",,| |,reported distance/accessibility,distance/category per question,origin/destination context per file,distance only; endpoints not identified
w1_V_q27x5_txt,Pharmacy Distance,phrmc_dist5_txt,w1_V,bemp_w1_V.csv,bemp_w1_V_codebook.csv,Public Goods,Pharmacy Distance,"How far is it to the next pharmacy? [enter preferably in kilometers/miles, else in minutes driving]",Distance in minutes by boat:,Open Text Box,undetermined (no valid values),29,29,0,100.0,0,[],[],{},{},,| |,reported distance/accessibility,distance/category per question,origin/destination context per file,distance only; endpoints not identified
w1_V_q27x88,Pharmacy Distance,phrmc_dist88,w1_V,bemp_w1_V.csv,bemp_w1_V_codebook.csv,Public Goods,Pharmacy Distance,"How far is it to the next pharmacy? [enter preferably in kilometers/miles, else in minutes driving]",DK,Multiple Choice,integer-coded,29,29,19,34.48,1,"[""0""]","[""Not Selected""]","{""0"": 19}","{""0"": ""Not Selected"", ""1"": ""Selected""}",,| |,reported distance/accessibility,distance/category per question,origin/destination context per file,distance only; endpoints not identified
w1_V_q18x1,Primary Government School Distance,prim_govt_schl_dist1,w1_V,bemp_w1_V.csv,bemp_w1_V_codebook.csv,Public Goods,Primary Government School Distance,"How far is it to the next closest primary government school? [enter preferably in kilometers/miles, else in minutes driving]",Distance in kilometers:,Multiple Choice,integer-coded,29,29,1,96.55,1,"[""1""]","[""Selected""]","{""1"": 1}","{""0"": ""Not Selected"", ""1"": ""Selected""}",,| |,reported distance/accessibility,distance/category per question,origin/destination context per file,distance only; endpoints not identified
w1_V_q18x1_txt,Primary Government School Distance,prim_govt_schl_dist1_txt,w1_V,bemp_w1_V.csv,bemp_w1_V_codebook.csv,Public Goods,Primary Government School Distance,"How far is it to the next closest primary government school? [enter preferably in kilometers/miles, else in minutes driving]",Distance in kilometers:,Open Text Box,integer-coded,29,29,1,96.55,1,"[""4""]","[""4""]","{""4"": 1}",{},,| |,reported distance/accessibility,distance/category per question,origin/destination context per file,distance only; endpoints not identified
w1_V_q18x2,Primary Government School Distance,prim_govt_schl_dist2,w1_V,bemp_w1_V.csv,bemp_w1_V_codebook.csv,Public Goods,Primary Government School Distance,"How far is it to the next closest primary government school? [enter preferably in kilometers/miles, else in minutes driving]",Distance in miles:,Multiple Choice,integer-coded,29,29,1,96.55,1,"[""0""]","[""Not Selected""]","{""0"": 1}","{""0"": ""Not Selected"", ""1"": ""Selected""}",,| |,reported distance/accessibility,distance/category per question,origin/destination context per file,distance only; endpoints not identified
w1_V_q18x2_txt,Primary Government School Distance,prim_govt_schl_dist2_txt,w1_V,bemp_w1_V.csv,bemp_w1_V_codebook.csv,Public Goods,Primary Government School Distance,"How far is it to the next closest primary government school? [enter preferably in kilometers/miles, else in minutes driving]",Distance in miles:,Open Text Box,undetermined (no valid values),29,29,0,100.0,0,[],[],{},{},,| |,reported distance/accessibility,distance/category per question,origin/destination context per file,distance only; endpoints not identified
w1_V_q18x3,Primary Government School Distance,prim_govt_schl_dist3,w1_V,bemp_w1_V.csv,bemp_w1_V_codebook.csv,Public Goods,Primary Government School Distance,"How far is it to the next closest primary government school? [enter preferably in kilometers/miles, else in minutes driving]",Distance in minutes driving:,Multiple Choice,integer-coded,29,29,1,96.55,1,"[""0""]","[""Not Selected""]","{""0"": 1}","{""0"": ""Not Selected"", ""1"": ""Selected""}",,| |,reported distance/accessibility,distance/category per question,origin/destination context per file,distance only; endpoints not identified
w1_V_q18x3_txt,Primary Government School Distance,prim_govt_schl_dist3_txt,w1_V,bemp_w1_V.csv,bemp_w1_V_codebook.csv,Public Goods,Primary Government School Distance,"How far is it to the next closest primary government school? [enter preferably in kilometers/miles, else in minutes driving]",Distance in minutes driving:,Open Text Box,undetermined (no valid values),29,29,0,100.0,0,[],[],{},{},,| |,reported distance/accessibility,distance/category per question,origin/destination context per file,distance only; endpoints not identified
w1_V_q18x4,Primary Government School Distance,prim_govt_schl_dist4,w1_V,bemp_w1_V.csv,bemp_w1_V_codebook.csv,Public Goods,Primary Government School Distance,"How far is it to the next closest primary government school? [enter preferably in kilometers/miles, else in minutes driving]",Distance in minutes walking:,Multiple Choice,integer-coded,29,29,1,96.55,1,"[""0""]","[""Not Selected""]","{""0"": 1}","{""0"": ""Not Selected"", ""1"": ""Selected""}",,| |,reported distance/accessibility,distance/category per question,origin/destination context per file,distance only; endpoints not identified
w1_V_q18x4_txt,Primary Government School Distance,prim_govt_schl_dist4_txt,w1_V,bemp_w1_V.csv,bemp_w1_V_codebook.csv,Public Goods,Primary Government School Distance,"How far is it to the next closest primary government school? [enter preferably in kilometers/miles, else in minutes driving]",Distance in minutes walking:,Open Text Box,undetermined (no valid values),29,29,0,100.0,0,[],[],{},{},,| |,reported distance/accessibility,distance/category per question,origin/destination context per file,distance only; endpoints not identified
w1_V_q18x5,Primary Government School Distance,prim_govt_schl_dist5,w1_V,bemp_w1_V.csv,bemp_w1_V_codebook.csv,Public Goods,Primary Government School Distance,"How far is it to the next closest primary government school? [enter preferably in kilometers/miles, else in minutes driving]",Distance in minutes by boat:,Multiple Choice,integer-coded,29,29,1,96.55,1,"[""0""]","[""Not Selected""]","{""0"": 1}","{""0"": ""Not Selected"", ""1"": ""Selected""}",,| |,reported distance/accessibility,distance/category per question,origin/destination context per file,distance only; endpoints not identified
w1_V_q18x5_txt,Primary Government School Distance,prim_govt_schl_dist5_txt,w1_V,bemp_w1_V.csv,bemp_w1_V_codebook.csv,Public Goods,Primary Government School Distance,"How far is it to the next closest primary government school? [enter preferably in kilometers/miles, else in minutes driving]",Distance in minutes by boat:,Open Text Box,undetermined (no valid values),29,29,0,100.0,0,[],[],{},{},,| |,reported distance/accessibility,distance/category per question,origin/destination context per file,distance only; endpoints not identified
w1_V_q18x88,Primary Government School Distance,prim_govt_schl_dist88,w1_V,bemp_w1_V.csv,bemp_w1_V_codebook.csv,Public Goods,Primary Government School Distance,"How far is it to the next closest primary government school? [enter preferably in kilometers/miles, else in minutes driving]",DK,Multiple Choice,integer-coded,29,29,1,96.55,1,"[""0""]","[""Not Selected""]","{""0"": 1}","{""0"": ""Not Selected"", ""1"": ""Selected""}",,| |,reported distance/accessibility,distance/category per question,origin/destination context per file,distance only; endpoints not identified
w1_V_q21x1,Secondary Government School Distance,scndr_govt_schl_dist1,w1_V,bemp_w1_V.csv,bemp_w1_V_codebook.csv,Public Goods,Secondary Government School Distance,"How far is it to the next closest secondary government school? [enter preferably in kilometers/miles, else in minutes driving]",Distance in kilometers:,Multiple Choice,integer-coded,29,29,16,44.83,2,"[""1"", ""0""]","[""Selected"", ""Not Selected""]","{""1"": 14, ""0"": 2}","{""0"": ""Not Selected"", ""1"": ""Selected""}",,| |,reported distance/accessibility,distance/category per question,origin/destination context per file,distance only; endpoints not identified
w1_V_q21x1_txt,Secondary Government School Distance,scndr_govt_schl_dist1_txt,w1_V,bemp_w1_V.csv,bemp_w1_V_codebook.csv,Public Goods,Secondary Government School Distance,"How far is it to the next closest secondary government school? [enter preferably in kilometers/miles, else in minutes driving]",Distance in kilometers:,Open Text Box,continuous numeric,29,29,14,51.72,9,"[""3"", ""2"", ""1"", ""6"", ""0.6"", ""8"", ""4"", ""13""]","[""3"", ""2"", ""1"", ""6"", ""0.6"", ""8"", ""4"", ""13""]","{""3"": 5, ""2"": 2, ""1"": 1, ""6"": 1, ""0.6"": 1, ""8"": 1, ""4"": 1, ""13"": 1, ""10"": 1}",{},,| |,reported distance/accessibility,distance/category per question,origin/destination context per file,distance only; endpoints not identified
w1_V_q21x2,Secondary Government School Distance,scndr_govt_schl_dist2,w1_V,bemp_w1_V.csv,bemp_w1_V_codebook.csv,Public Goods,Secondary Government School Distance,"How far is it to the next closest secondary government school? [enter preferably in kilometers/miles, else in minutes driving]",Distance in miles:,Multiple Choice,integer-coded,29,29,16,44.83,2,"[""0"", ""1""]","[""Not Selected"", ""Selected""]","{""0"": 15, ""1"": 1}","{""0"": ""Not Selected"", ""1"": ""Selected""}",,| |,reported distance/accessibility,distance/category per question,origin/destination context per file,distance only; endpoints not identified
w1_V_q21x2_txt,Secondary Government School Distance,scndr_govt_schl_dist2_txt,w1_V,bemp_w1_V.csv,bemp_w1_V_codebook.csv,Public Goods,Secondary Government School Distance,"How far is it to the next closest secondary government school? [enter preferably in kilometers/miles, else in minutes driving]",Distance in miles:,Open Text Box,integer-coded,29,29,1,96.55,1,"[""1""]","[""1""]","{""1"": 1}",{},,| |,reported distance/accessibility,distance/category per question,origin/destination context per file,distance only; endpoints not identified
w1_V_q21x3,Secondary Government School Distance,scndr_govt_schl_dist3,w1_V,bemp_w1_V.csv,bemp_w1_V_codebook.csv,Public Goods,Secondary Government School Distance,"How far is it to the next closest secondary government school? [enter preferably in kilometers/miles, else in minutes driving]",Distance in minutes driving:,Multiple Choice,integer-coded,29,29,16,44.83,1,"[""0""]","[""Not Selected""]","{""0"": 16}","{""0"": ""Not Selected"", ""1"": ""Selected""}",,| |,reported distance/accessibility,distance/category per question,origin/destination context per file,distance only; endpoints not identified
w1_V_q21x3_txt,Secondary Government School Distance,scndr_govt_schl_dist3_txt,w1_V,bemp_w1_V.csv,bemp_w1_V_codebook.csv,Public Goods,Secondary Government School Distance,"How far is it to the next closest secondary government school? [enter preferably in kilometers/miles, else in minutes driving]",Distance in minutes driving:,Open Text Box,undetermined (no valid values),29,29,0,100.0,0,[],[],{},{},,| |,reported distance/accessibility,distance/category per question,origin/destination context per file,distance only; endpoints not identified
w1_V_q21x4,Secondary Government School Distance,scndr_govt_schl_dist4,w1_V,bemp_w1_V.csv,bemp_w1_V_codebook.csv,Public Goods,Secondary Government School Distance,"How far is it to the next closest secondary government school? [enter preferably in kilometers/miles, else in minutes driving]",Distance in minutes walking:,Multiple Choice,integer-coded,29,29,16,44.83,2,"[""0"", ""1""]","[""Not Selected"", ""Selected""]","{""0"": 15, ""1"": 1}","{""0"": ""Not Selected"", ""1"": ""Selected""}",,| |,reported distance/accessibility,distance/category per question,origin/destination context per file,distance only; endpoints not identified
w1_V_q21x4_txt,Secondary Government School Distance,scndr_govt_schl_dist4_txt,w1_V,bemp_w1_V.csv,bemp_w1_V_codebook.csv,Public Goods,Secondary Government School Distance,"How far is it to the next closest secondary government school? [enter preferably in kilometers/miles, else in minutes driving]",Distance in minutes walking:,Open Text Box,integer-coded,29,29,1,96.55,1,"[""15""]","[""15""]","{""15"": 1}",{},,| |,reported distance/accessibility,distance/category per question,origin/destination context per file,distance only; endpoints not identified
w1_V_q21x5,Secondary Government School Distance,scndr_govt_schl_dist5,w1_V,bemp_w1_V.csv,bemp_w1_V_codebook.csv,Public Goods,Secondary Government School Distance,"How far is it to the next closest secondary government school? [enter preferably in kilometers/miles, else in minutes driving]",Distance in minutes by boat:,Multiple Choice,integer-coded,29,29,16,44.83,1,"[""0""]","[""Not Selected""]","{""0"": 16}","{""0"": ""Not Selected"", ""1"": ""Selected""}",,| |,reported distance/accessibility,distance/category per question,origin/destination context per file,distance only; endpoints not identified
w1_V_q21x5_txt,Secondary Government School Distance,scndr_govt_schl_dist5_txt,w1_V,bemp_w1_V.csv,bemp_w1_V_codebook.csv,Public Goods,Secondary Government School Distance,"How far is it to the next closest secondary government school? [enter preferably in kilometers/miles, else in minutes driving]",Distance in minutes by boat:,Open Text Box,undetermined (no valid values),29,29,0,100.0,0,[],[],{},{},,| |,reported distance/accessibility,distance/category per question,origin/destination context per file,distance only; endpoints not identified
w1_V_q21x88,Secondary Government School Distance,scndr_govt_schl_dist88,w1_V,bemp_w1_V.csv,bemp_w1_V_codebook.csv,Public Goods,Secondary Government School Distance,"How far is it to the next closest secondary government school? [enter preferably in kilometers/miles, else in minutes driving]",DK,Multiple Choice,integer-coded,29,29,16,44.83,1,"[""0""]","[""Not Selected""]","{""0"": 16}","{""0"": ""Not Selected"", ""1"": ""Selected""}",,| |,reported distance/accessibility,distance/category per question,origin/destination context per file,distance only; endpoints not identified
w1_V_q9x1,Village Access,villg_accss1,w1_V,bemp_w1_V.csv,bemp_w1_V_codebook.csv,Public Goods,Village Access,Access to village,Can reach the village on tar/concrete/paved road (e.g. with the microbus),Multiple Choice,integer-coded,29,29,29,0.0,2,"[""0"", ""1""]","[""Not Selected"", ""Selected""]","{""0"": 20, ""1"": 9}","{""0"": ""Not Selected"", ""1"": ""Selected""}",,| |,village transport access,village profile,origin village context,categorized
w1_V_q9x2,Village Access,villg_accss2,w1_V,bemp_w1_V.csv,bemp_w1_V_codebook.csv,Public Goods,Village Access,Access to village,Can reach village on dirt road suited for cars,Multiple Choice,integer-coded,29,29,29,0.0,2,"[""0"", ""1""]","[""Not Selected"", ""Selected""]","{""0"": 24, ""1"": 5}","{""0"": ""Not Selected"", ""1"": ""Selected""}",,| |,village transport access,village profile,origin village context,categorized
w1_V_q9x3,Village Access,villg_accss3,w1_V,bemp_w1_V.csv,bemp_w1_V_codebook.csv,Public Goods,Village Access,Access to village,Can reach village on dirt road NOT suited for cars,Multiple Choice,integer-coded,29,29,29,0.0,2,"[""1"", ""0""]","[""Selected"", ""Not Selected""]","{""1"": 20, ""0"": 9}","{""0"": ""Not Selected"", ""1"": ""Selected""}",,| |,village transport access,village profile,origin village context,categorized
w1_V_q9x4,Village Access,villg_accss4,w1_V,bemp_w1_V.csv,bemp_w1_V_codebook.csv,Public Goods,Village Access,Access to village,By boat,Multiple Choice,integer-coded,29,29,29,0.0,2,"[""1"", ""0""]","[""Selected"", ""Not Selected""]","{""1"": 18, ""0"": 11}","{""0"": ""Not Selected"", ""1"": ""Selected""}",,| |,village transport access,village profile,origin village context,categorized
w1_V_q9x5,Village Access,villg_accss5,w1_V,bemp_w1_V.csv,bemp_w1_V_codebook.csv,Public Goods,Village Access,Access to village,Other:,Multiple Choice,integer-coded,29,29,29,0.0,2,"[""0"", ""1""]","[""Not Selected"", ""Selected""]","{""0"": 27, ""1"": 2}","{""0"": ""Not Selected"", ""1"": ""Selected""}",,| |,village transport access,village profile,origin village context,categorized
w1_V_q9x5_txt,Village Access,villg_accss5_txt,w1_V,bemp_w1_V.csv,bemp_w1_V_codebook.csv,Public Goods,Village Access,Access to village,Other:,Open Text Box,string,29,29,2,93.1,2,"[""Van,easy bike"", ""There is another way to come by moving to Nagorpur it the far way.""]","[""Van,easy bike"", ""There is another way to come by moving to Nagorpur it the far way.""]","{""Van,easy bike"": 1, ""There is another way to come by moving to Nagorpur it the far way."": 1}",{},,| |,village transport access,village profile,origin village context,categorized
w2_q3,House Shift Distance,house_shift_dist,w2,bemp_w2.csv,bemp_w2_codebook.csv,Migration,House Shift Distance,How far have you shifted your house? [one of the distance measures is enough],,Single Choice,integer-coded,1545,1545,67,95.66,6,"[""1"", ""3"", ""2"", ""4"", ""6"", ""5""]","[""[minutes walking time]:"", ""[kilometers]:"", ""[meters]:"", ""[miles]:"", ""[feet]:"", ""[hands]:""]","{""1"": 47, ""3"": 9, ""2"": 6, ""4"": 2, ""6"": 2, ""5"": 1}","{""1"": ""[minutes walking time]:"", ""2"": ""[meters]:"", ""3"": ""[kilometers]:"", ""4"": ""[miles]:"", ""5"": ""[hands]:"", ""6"": ""[feet]:"", ""7"": ""[roshi/rope]:"", ""9"": ""Other [enter value and unit]:"", ""-8"": ""DK"", ""-9"": ""RA""}",,"| If w2_q2 [House Shift Frequency] = ""Yes"" |",reported distance/accessibility,distance/category per question,origin/destination context per file,distance only; endpoints not identified
w2_q3_txt,House Shift Distance,house_shift_dist_txt,w2,bemp_w2.csv,bemp_w2_codebook.csv,Migration,House Shift Distance,How far have you shifted your house? [one of the distance measures is enough],,Open Text Box,continuous numeric,1545,1545,67,95.66,20,"[""5"", ""10"", ""0.5"", ""2"", ""15"", ""1"", ""500"", ""4""]","[""5"", ""10"", ""0.5"", ""2"", ""15"", ""1"", ""500"", ""4""]","{""5"": 12, ""10"": 9, ""0.5"": 7, ""2"": 7, ""15"": 5, ""1"": 4, ""500"": 4, ""4"": 3, ""3"": 3, ""0"": 2}",{},,"| If w2_q2 [House Shift Frequency] = ""Yes"" |",reported distance/accessibility,distance/category per question,origin/destination context per file,distance only; endpoints not identified
w2_reg1,Respondent Code,resp_code,w2,bemp_w2.csv,bemp_w2_codebook.csv,Questionnaire Registration,Respondent Code,Respondent code,,Open Text Box,string,1545,1545,1545,0.0,1545,"[""L01-Z02-HH04-H"", ""L31-Z03-HH61-H"", ""L33-Z02-HH20-H"", ""L30-Z03-HH30-H"", ""L36-Z02-HH04-H"", ""L16-Z03-HH14-H"", ""L07-Z03-HH18-H"", ""L11-Z03-HH25-H""]","[""L01-Z02-HH04-H"", ""L31-Z03-HH61-H"", ""L33-Z02-HH20-H"", ""L30-Z03-HH30-H"", ""L36-Z02-HH04-H"", ""L16-Z03-HH14-H"", ""L07-Z03-HH18-H"", ""L11-Z03-HH25-H""]","{""L01-Z02-HH04-H"": 1, ""L31-Z03-HH61-H"": 1, ""L33-Z02-HH20-H"": 1, ""L30-Z03-HH30-H"": 1, ""L36-Z02-HH04-H"": 1, ""L16-Z03-HH14-H"": 1, ""L07-Z03-HH18-H"": 1, ""L11-Z03-HH25-H"": 1, ""L20-Z01-HH10-H"": 1, ""L14-Z01-HH01-H"": 1}",{},"Respondent codes follow the structure: location number (Lxx) - sampling zone (Zyy) - household number (HHzz) - subsample identifier (H - household head; F - senior female; YF - youth female; YM - youth male; LB - left-behind member of migrated respondent). For instance: L05-Z02-HH13-F. Note 1: Respondents with identical household code (e.g., L05-Z02-HH13) but different subsample endings (-H, -F, -YF, -YM, -LB) are individuals who belong to the same household. Note 2: The location- and zone-identifier in the respondent code was assigned in wave 1 and kept constant afterwards, even if respondents moved. Note 3: For locations L10, L17, and L18, the zone indicator is missing as houses were sparsely distributed in these locations and we partly had to sample outside the regular 200-m-zone to reach the targeted number of households. Note 4: Locations belong to the following districts: Bogra (L19-L21); Gaibandha (L23); Jamalpur (L01, L22); Kurigram (L24-L36); Manikganj (L04-L06); Sirajganj (L07-L09); Tangail (L02-L03; L10-L18).",| |,baseline origin sampling-location / household code,anonymized Lxx sampling location; district derivable,origin,pseudonymized composite; fixed after moves
w2_q1,Respondent Current Location,resp_crrnt_locat,w2,bemp_w2.csv,bemp_w2_codebook.csv,Migration,Respondent Current Location,"Do you currently live in the same village as when we spoke last time, meaning in {home village in wave 1} , or have you moved to another location?",,Single Choice,integer-coded,1545,1545,1543,0.13,2,"[""1"", ""3""]","[""In the same village"", ""In another location""]","{""1"": 1490, ""3"": 53}","{""1"": ""In the same village"", ""3"": ""In another location"", ""-8"": ""DK"", ""-9"": ""RA""}",,| |,home-versus-away location status,relational,current location,categorized
w2_q87,Riverbank (Home Village) Current Distance,rivbk_home_villg_crrnt_dist,w2,bemp_w2.csv,bemp_w2_codebook.csv,Erosion 2021 - Perception (Non-Migrants),Riverbank (Home Village) Current Distance,How far away from your house is the river right now? [one of the distance measures is enough],,Single Choice,integer-coded,1545,1545,782,49.39,9,"[""2"", ""1"", ""6"", ""8"", ""7"", ""3"", ""4"", ""5""]","[""[minutes walking time]:"", ""River is right next to the house"", ""[hands]:"", ""[roshi/rope]:"", ""[feet]:"", ""[meters]:"", ""[kilometers]:"", ""[miles]:""]","{""2"": 390, ""1"": 227, ""6"": 45, ""8"": 40, ""7"": 34, ""3"": 32, ""4"": 9, ""5"": 3, ""10"": 2}","{""1"": ""River is right next to the house"", ""2"": ""[minutes walking time]:"", ""3"": ""[meters]:"", ""4"": ""[kilometers]:"", ""5"": ""[miles]:"", ""6"": ""[hands]:"", ""7"": ""[feet]:"", ""8"": ""[roshi/rope]:"", ""10"": ""Other [enter value and unit]:"", ""-8"": ""DK"", ""-9"": ""RA""}",,"If w2_q1 [Respondent Current Location] = ""In the same village"" | If w2_q85 [Erosion (Home Village) Occurrence] = ""Yes"" |",hazard proximity,meters or reported distance category,origin/current residence context,derived/reported distance; no house coordinates
w2_q87_txt,Riverbank (Home Village) Current Distance,rivbk_home_villg_crrnt_dist_txt,w2,bemp_w2.csv,bemp_w2_codebook.csv,Erosion 2021 - Perception (Non-Migrants),Riverbank (Home Village) Current Distance,How far away from your house is the river right now? [one of the distance measures is enough],,Open Text Box,string,1545,1545,560,63.75,45,"[""2"", ""1"", ""3"", ""5"", ""4"", ""10"", ""100"", ""0.5""]","[""2"", ""1"", ""3"", ""5"", ""4"", ""10"", ""100"", ""0.5""]","{""2"": 131, ""1"": 95, ""3"": 64, ""5"": 55, ""4"": 20, ""10"": 20, ""100"": 19, ""0.5"": 15, ""1.5"": 12, ""30"": 12}",{},,"If w2_q1 [Respondent Current Location] = ""In the same village"" | If w2_q85 [Erosion (Home Village) Occurrence] = ""Yes"" |",hazard proximity,meters or reported distance category,origin/current residence context,derived/reported distance; no house coordinates
w3_q3,House Shift Distance,house_shift_dist,w3,bemp_w3.csv,bemp_w3_codebook.csv,Migration,House Shift Distance,How far have you shifted your house? [one of the distance measures is enough],,Single Choice,integer-coded,1612,1612,137,91.5,5,"[""1"", ""3"", ""2"", ""7"", ""4""]","[""[minutes walking time]:"", ""[kilometers]:"", ""[meters]:"", ""[roshi/rope]:"", ""[miles]:""]","{""1"": 106, ""3"": 24, ""2"": 5, ""7"": 1, ""4"": 1}","{""1"": ""[minutes walking time]:"", ""2"": ""[meters]:"", ""3"": ""[kilometers]:"", ""4"": ""[miles]:"", ""5"": ""[hands]:"", ""6"": ""[feet]:"", ""7"": ""[roshi/rope]:"", ""9"": ""Other [enter value and unit]:"", ""-8"": ""DK"", ""-9"": ""RA""}",,"| If w3_q2 [House Shift Frequency] = ""Yes"" |",reported distance/accessibility,distance/category per question,origin/destination context per file,distance only; endpoints not identified
w3_q3_txt,House Shift Distance,house_shift_dist_txt,w3,bemp_w3.csv,bemp_w3_codebook.csv,Migration,House Shift Distance,How far have you shifted your house? [one of the distance measures is enough],,Open Text Box,continuous numeric,1612,1612,137,91.5,21,"[""5"", ""10"", ""1"", ""2"", ""0.5"", ""15"", ""4"", ""20""]","[""5"", ""10"", ""1"", ""2"", ""0.5"", ""15"", ""4"", ""20""]","{""5"": 29, ""10"": 22, ""1"": 21, ""2"": 13, ""0.5"": 9, ""15"": 9, ""4"": 7, ""20"": 5, ""3"": 4, ""30"": 4}",{},,"| If w3_q2 [House Shift Frequency] = ""Yes"" |",reported distance/accessibility,distance/category per question,origin/destination context per file,distance only; endpoints not identified
w3_reg1,Respondent Code,resp_code,w3,bemp_w3.csv,bemp_w3_codebook.csv,Questionnaire Registration,Respondent Code,Respondent code,,Open Text Box,string,1612,1612,1612,0.0,1611,"[""L06-Z03-HH16-H"", ""L06-Z02-HH12-H"", ""L20-Z02-HH25-H"", ""L11-Z03-HH18-H"", ""L32-Z01-HH03-YF"", ""L11-Z03-HH25-H"", ""L30-Z03-HH05-H"", ""L20-Z02-HH24-H""]","[""L06-Z03-HH16-H"", ""L06-Z02-HH12-H"", ""L20-Z02-HH25-H"", ""L11-Z03-HH18-H"", ""L32-Z01-HH03-YF"", ""L11-Z03-HH25-H"", ""L30-Z03-HH05-H"", ""L20-Z02-HH24-H""]","{""L06-Z03-HH16-H"": 2, ""L06-Z02-HH12-H"": 1, ""L20-Z02-HH25-H"": 1, ""L11-Z03-HH18-H"": 1, ""L32-Z01-HH03-YF"": 1, ""L11-Z03-HH25-H"": 1, ""L30-Z03-HH05-H"": 1, ""L20-Z02-HH24-H"": 1, ""L24-Z02-HH08-H"": 1, ""L26-Z01-HH02-H"": 1}",{},"Respondent codes follow the structure: location number (Lxx) - sampling zone (Zyy) - household number (HHzz) - subsample identifier (H - household head; F - senior female; YF - youth female; YM - youth male; LB - left-behind member of migrated respondent). For instance: L05-Z02-HH13-F. Note 1: Respondents with identical household code (e.g., L05-Z02-HH13) but different subsample endings (-H, -F, -YF, -YM, -LB) are individuals who belong to the same household. Note 2: The location- and zone-identifier in the respondent code was assigned in wave 1 and kept constant afterwards, even if respondents moved. Note 3: For locations L10, L17, and L18, the zone indicator is missing as houses were sparsely distributed in these locations and we partly had to sample outside the regular 200-m-zone to reach the targeted number of households. Note 4: Locations belong to the following districts: Bogra (L19-L21); Gaibandha (L23); Jamalpur (L01, L22); Kurigram (L24-L36); Manikganj (L04-L06); Sirajganj (L07-L09); Tangail (L02-L03; L10-L18).",| |,baseline origin sampling-location / household code,anonymized Lxx sampling location; district derivable,origin,pseudonymized composite; fixed after moves
w3_q1,Respondent Current Location,resp_crrnt_locat,w3,bemp_w3.csv,bemp_w3_codebook.csv,Migration,Respondent Current Location,"Do you currently live in the same village as when we spoke last time, meaning in {home village in wave 1} , or have you moved to another location?",,Single Choice,integer-coded,1612,1612,1612,0.0,2,"[""1"", ""3""]","[""In the same village"", ""In another location""]","{""1"": 1558, ""3"": 54}","{""1"": ""In the same village"", ""3"": ""In another location"", ""-8"": ""DK"", ""-9"": ""RA""}",,| |,home-versus-away location status,relational,current location,categorized
w3_q107,Riverbank (Home Village) Current Distance,rivbk_home_villg_crrnt_dist,w3,bemp_w3.csv,bemp_w3_codebook.csv,Erosion 2021 - Perception (Non-Migrants),Riverbank (Home Village) Current Distance,How far away from your house is the river right now? [one of the distance measures is enough],,Single Choice,integer-coded,1612,1612,992,38.46,8,"[""2"", ""1"", ""6"", ""4"", ""8"", ""3"", ""7"", ""5""]","[""[minutes walking time]:"", ""River is right next to the house"", ""[hands]:"", ""[kilometers]:"", ""[roshi/rope]:"", ""[meters]:"", ""[feet]:"", ""[miles]:""]","{""2"": 477, ""1"": 402, ""6"": 28, ""4"": 26, ""8"": 25, ""3"": 17, ""7"": 16, ""5"": 1}","{""1"": ""River is right next to the house"", ""2"": ""[minutes walking time]:"", ""3"": ""[meters]:"", ""4"": ""[kilometers]:"", ""5"": ""[miles]:"", ""6"": ""[hands]:"", ""7"": ""[feet]:"", ""8"": ""[roshi/rope]:"", ""10"": ""Other [enter value and unit]:"", ""-8"": ""DK"", ""-9"": ""RA""}",,"If w3_q1 [Respondent Current Location] = ""In the same village"" | If w3_q105 [Erosion (Home Village) Occurrence] = ""Yes"" |",hazard proximity,meters or reported distance category,origin/current residence context,derived/reported distance; no house coordinates
w3_q107_txt,Riverbank (Home Village) Current Distance,rivbk_home_villg_crrnt_dist_txt,w3,bemp_w3.csv,bemp_w3_codebook.csv,Erosion 2021 - Perception (Non-Migrants),Riverbank (Home Village) Current Distance,How far away from your house is the river right now? [one of the distance measures is enough],,Open Text Box,continuous numeric,1612,1612,593,63.21,38,"[""2"", ""1"", ""3"", ""5"", ""4"", ""10"", ""0.5"", ""20""]","[""2"", ""1"", ""3"", ""5"", ""4"", ""10"", ""0.5"", ""20""]","{""2"": 179, ""1"": 113, ""3"": 81, ""5"": 50, ""4"": 34, ""10"": 22, ""0.5"": 19, ""20"": 9, ""100"": 8, ""50"": 8}",{},,"If w3_q1 [Respondent Current Location] = ""In the same village"" | If w3_q105 [Erosion (Home Village) Occurrence] = ""Yes"" |",hazard proximity,meters or reported distance category,origin/current residence context,derived/reported distance; no house coordinates
w4_q3,House Shift Distance,house_shift_dist,w4,bemp_w4.csv,bemp_w4_codebook.csv,Migration,House Shift Distance,How far have you shifted your house? [one of the distance measures is enough],,Single Choice,integer-coded,1697,1697,132,92.22,5,"[""1"", ""3"", ""2"", ""4"", ""6""]","[""[minutes walking time]:"", ""[kilometers]:"", ""[meters]:"", ""[miles]:"", ""[feet]:""]","{""1"": 93, ""3"": 22, ""2"": 9, ""4"": 6, ""6"": 2}","{""1"": ""[minutes walking time]:"", ""2"": ""[meters]:"", ""3"": ""[kilometers]:"", ""4"": ""[miles]:"", ""5"": ""[hands]:"", ""6"": ""[feet]:"", ""7"": ""[roshi/rope]:"", ""9"": ""Other [enter value and unit]:"", ""-8"": ""DK"", ""-9"": ""RA""}",,"| If w4_q2 [House Shift Frequency] = ""Yes"" |",reported distance/accessibility,distance/category per question,origin/destination context per file,distance only; endpoints not identified
w4_q3_txt,House Shift Distance,house_shift_dist_txt,w4,bemp_w4.csv,bemp_w4_codebook.csv,Migration,House Shift Distance,How far have you shifted your house? [one of the distance measures is enough],,Open Text Box,continuous numeric,1697,1697,132,92.22,20,"[""10"", ""5"", ""1"", ""2"", ""15"", ""20"", ""6"", ""0.5""]","[""10"", ""5"", ""1"", ""2"", ""15"", ""20"", ""6"", ""0.5""]","{""10"": 25, ""5"": 22, ""1"": 20, ""2"": 10, ""15"": 10, ""20"": 6, ""6"": 6, ""0.5"": 5, ""4"": 5, ""3"": 4}",{},,"| If w4_q2 [House Shift Frequency] = ""Yes"" |",reported distance/accessibility,distance/category per question,origin/destination context per file,distance only; endpoints not identified
w4_q24,Migration Respondent House Shift Distance,migr_resp_house_shift_dist,w4,bemp_w4.csv,bemp_w4_codebook.csv,Migrant History - Respondent,Migration Respondent House Shift Distance,How far have you shifted your house? [one of the distance measures is enough],,Single Choice,integer-coded,1697,1697,6,99.65,1,"[""1""]","[""[minutes walking time]:""]","{""1"": 6}","{""1"": ""[minutes walking time]:"", ""2"": ""[meters]:"", ""3"": ""[kilometers]:"", ""4"": ""[miles]:"", ""5"": ""[hands]:"", ""6"": ""[feet]:"", ""7"": ""[roshi/rope]:"", ""8"": ""Other [enter value and unit]:"", ""-8"": ""DK"", ""-9"": ""RA""}",,"If (w4_q1 [Respondent Current Location] = ""In another location"" OR w4_q5 [Migration Participants] = ""Respondent"") | If w4_q23 [Migration Respondent House Shift] = ""Yes"" |",reported distance/accessibility,distance/category per question,origin/destination context per file,distance only; endpoints not identified
w4_q24_txt,Migration Respondent House Shift Distance,migr_resp_house_shift_dist_txt,w4,bemp_w4.csv,bemp_w4_codebook.csv,Migrant History - Respondent,Migration Respondent House Shift Distance,How far have you shifted your house? [one of the distance measures is enough],,Open Text Box,integer-coded,1697,1697,6,99.65,3,"[""10"", ""30"", ""20""]","[""10"", ""30"", ""20""]","{""10"": 3, ""30"": 2, ""20"": 1}",{},,"If (w4_q1 [Respondent Current Location] = ""In another location"" OR w4_q5 [Migration Participants] = ""Respondent"") | If w4_q23 [Migration Respondent House Shift] = ""Yes"" |",reported distance/accessibility,distance/category per question,origin/destination context per file,distance only; endpoints not identified
w4_reg1,Respondent Code,resp_code,w4,bemp_w4.csv,bemp_w4_codebook.csv,Questionnaire Registration,Respondent Code,Respondent code,,Open Text Box,string,1697,1697,1697,0.0,1697,"[""L04-Z02-HH05-H"", ""L24-Z03-HH15-H"", ""L26-Z02-HH11-H"", ""L24-Z03-HH09-H"", ""L24-Z01-HH16-H"", ""L31-Z03-HH57-H"", ""L24-Z03-HH08-H"", ""L21-HH06-YM""]","[""L04-Z02-HH05-H"", ""L24-Z03-HH15-H"", ""L26-Z02-HH11-H"", ""L24-Z03-HH09-H"", ""L24-Z01-HH16-H"", ""L31-Z03-HH57-H"", ""L24-Z03-HH08-H"", ""L21-HH06-YM""]","{""L04-Z02-HH05-H"": 1, ""L24-Z03-HH15-H"": 1, ""L26-Z02-HH11-H"": 1, ""L24-Z03-HH09-H"": 1, ""L24-Z01-HH16-H"": 1, ""L31-Z03-HH57-H"": 1, ""L24-Z03-HH08-H"": 1, ""L21-HH06-YM"": 1, ""L24-Z01-HH14-H"": 1, ""L21-HH06-H"": 1}",{},"Respondent codes follow the structure: location number (Lxx) - sampling zone (Zyy) - household number (HHzz) - subsample identifier (H - household head; F - senior female; YF - youth female; YM - youth male; LB - left-behind member of migrated respondent). For instance: L05-Z02-HH13-F. Note 1: Respondents with identical household code (e.g., L05-Z02-HH13) but different subsample endings (-H, -F, -YF, -YM, -LB) are individuals who belong to the same household. Note 2: The location- and zone-identifier in the respondent code was assigned in wave 1 and kept constant afterwards, even if respondents moved. Note 3: For locations L10, L17, and L18, the zone indicator is missing as houses were sparsely distributed in these locations and we partly had to sample outside the regular 200-m-zone to reach the targeted number of households. Note 4: Locations belong to the following districts: Bogra (L19-L21); Gaibandha (L23); Jamalpur (L01, L22); Kurigram (L24-L36); Manikganj (L04-L06); Sirajganj (L07-L09); Tangail (L02-L03; L10-L18).",| |,baseline origin sampling-location / household code,anonymized Lxx sampling location; district derivable,origin,pseudonymized composite; fixed after moves
w4_q1,Respondent Current Location,resp_crrnt_locat,w4,bemp_w4.csv,bemp_w4_codebook.csv,Migration,Respondent Current Location,"Do you currently live in the same village as when we spoke last time, meaning in {home village in wave 1} , or have you moved to another location?",,Single Choice,integer-coded,1697,1697,1696,0.06,2,"[""1"", ""3""]","[""In the same village"", ""In another location""]","{""1"": 1658, ""3"": 38}","{""1"": ""In the same village"", ""3"": ""In another location"", ""-8"": ""DK"", ""-9"": ""RA""}",,| |,home-versus-away location status,relational,current location,categorized
w4_q101,Riverbank (Home Village) Current Distance,rivbk_home_villg_crrnt_dist,w4,bemp_w4.csv,bemp_w4_codebook.csv,Erosion 2021 - Perception (Non-Migrants),Riverbank (Home Village) Current Distance,How far away from your house is the river right now? [one of the distance measures is enough],,Single Choice,integer-coded,1697,1697,357,78.96,9,"[""1"", ""2"", ""4"", ""6"", ""8"", ""3"", ""5"", ""9""]","[""River is right next to the house"", ""[minutes walking time]:"", ""[kilometers]:"", ""[hands]:"", ""[roshi/rope]:"", ""[meters]:"", ""[miles]:"", ""[gauges/yards]:""]","{""1"": 177, ""2"": 140, ""4"": 9, ""6"": 7, ""8"": 6, ""3"": 6, ""5"": 5, ""9"": 5, ""7"": 2}","{""1"": ""River is right next to the house"", ""2"": ""[minutes walking time]:"", ""3"": ""[meters]:"", ""4"": ""[kilometers]:"", ""5"": ""[miles]:"", ""6"": ""[hands]:"", ""7"": ""[feet]:"", ""8"": ""[roshi/rope]:"", ""9"": ""[gauges/yards]:"", ""10"": ""Other [enter value and unit]:"", ""-8"": ""DK"", ""-9"": ""RA""}",,"If w4_q1 [Respondent Current Location] = ""In the same village"" | If w4_q99 [Erosion (Home Village) Occurrence] = ""Yes"" |",hazard proximity,meters or reported distance category,origin/current residence context,derived/reported distance; no house coordinates
w4_q101_txt,Riverbank (Home Village) Current Distance,rivbk_home_villg_crrnt_dist_txt,w4,bemp_w4.csv,bemp_w4_codebook.csv,Erosion 2021 - Perception (Non-Migrants),Riverbank (Home Village) Current Distance,How far away from your house is the river right now? [one of the distance measures is enough],,Open Text Box,continuous numeric,1697,1697,183,89.22,22,"[""1"", ""2"", ""5"", ""3"", ""10"", ""4"", ""15"", ""1.5""]","[""1"", ""2"", ""5"", ""3"", ""10"", ""4"", ""15"", ""1.5""]","{""1"": 45, ""2"": 30, ""5"": 25, ""3"": 16, ""10"": 16, ""4"": 8, ""15"": 6, ""1.5"": 5, ""100"": 5, ""0.5"": 4}",{},,"If w4_q1 [Respondent Current Location] = ""In the same village"" | If w4_q99 [Erosion (Home Village) Occurrence] = ""Yes"" |",hazard proximity,meters or reported distance category,origin/current residence context,derived/reported distance; no house coordinates
w5_q3,House Shift Distance,house_shift_dist,w5,bemp_w5.csv,bemp_w5_codebook.csv,Migration,House Shift Distance,How far have you shifted your house? [one of the distance measures is enough],,Single Choice,integer-coded,1686,1686,114,93.24,8,"[""1"", ""3"", ""5"", ""6"", ""9"", ""2"", ""4"", ""7""]","[""[minutes walking time]:"", ""[kilometers]:"", ""[hands]:"", ""[feet]:"", ""Other [enter value and unit]:"", ""[meters]:"", ""[miles]:"", ""[roshi/rope]:""]","{""1"": 75, ""3"": 26, ""5"": 3, ""6"": 3, ""9"": 2, ""2"": 2, ""4"": 2, ""7"": 1}","{""1"": ""[minutes walking time]:"", ""2"": ""[meters]:"", ""3"": ""[kilometers]:"", ""4"": ""[miles]:"", ""5"": ""[hands]:"", ""6"": ""[feet]:"", ""7"": ""[roshi/rope]:"", ""9"": ""Other [enter value and unit]:"", ""-8"": ""DK"", ""-9"": ""RA""}",,"| If w5_q2 [House Shift Frequency] = ""Yes"" |",reported distance/accessibility,distance/category per question,origin/destination context per file,distance only; endpoints not identified
w5_q3_txt,House Shift Distance,house_shift_dist_txt,w5,bemp_w5.csv,bemp_w5_codebook.csv,Migration,House Shift Distance,How far have you shifted your house? [one of the distance measures is enough],,Open Text Box,string,1686,1686,114,93.24,25,"[""10"", ""15"", ""2"", ""5"", ""1"", ""20"", ""0.5"", ""1.5""]","[""10"", ""15"", ""2"", ""5"", ""1"", ""20"", ""0.5"", ""1.5""]","{""10"": 17, ""15"": 16, ""2"": 14, ""5"": 11, ""1"": 10, ""20"": 7, ""0.5"": 7, ""1.5"": 6, ""7"": 3, ""60"": 2}",{},,"| If w5_q2 [House Shift Frequency] = ""Yes"" |",reported distance/accessibility,distance/category per question,origin/destination context per file,distance only; endpoints not identified
w5_q24,Migration Respondent House Shift Distance,migr_resp_house_shift_dist,w5,bemp_w5.csv,bemp_w5_codebook.csv,Migrant History - Respondent,Migration Respondent House Shift Distance,How far have you shifted your house? [one of the distance measures is enough],,Single Choice,integer-coded,1686,1686,7,99.58,2,"[""1"", ""7""]","[""[minutes walking time]:"", ""[roshi/rope]:""]","{""1"": 6, ""7"": 1}","{""1"": ""[minutes walking time]:"", ""2"": ""[meters]:"", ""3"": ""[kilometers]:"", ""4"": ""[miles]:"", ""5"": ""[hands]:"", ""6"": ""[feet]:"", ""7"": ""[roshi/rope]:"", ""8"": ""Other [enter value and unit]:"", ""-8"": ""DK"", ""-9"": ""RA""}",,"If (w5_q1 [Respondent Current Location] = ""In another location"" OR w5_q5 [Migration Participants] = ""Respondent"") | If w5_q23 [Migration Respondent House Shift] = ""Yes"" |",reported distance/accessibility,distance/category per question,origin/destination context per file,distance only; endpoints not identified
w5_q24_txt,Migration Respondent House Shift Distance,migr_resp_house_shift_dist_txt,w5,bemp_w5.csv,bemp_w5_codebook.csv,Migrant History - Respondent,Migration Respondent House Shift Distance,How far have you shifted your house? [one of the distance measures is enough],,Open Text Box,integer-coded,1686,1686,7,99.58,7,"[""5"", ""1"", ""10"", ""2"", ""12"", ""7"", ""60""]","[""5"", ""1"", ""10"", ""2"", ""12"", ""7"", ""60""]","{""5"": 1, ""1"": 1, ""10"": 1, ""2"": 1, ""12"": 1, ""7"": 1, ""60"": 1}",{},,"If (w5_q1 [Respondent Current Location] = ""In another location"" OR w5_q5 [Migration Participants] = ""Respondent"") | If w5_q23 [Migration Respondent House Shift] = ""Yes"" |",reported distance/accessibility,distance/category per question,origin/destination context per file,distance only; endpoints not identified
w5_reg1,Respondent Code,resp_code,w5,bemp_w5.csv,bemp_w5_codebook.csv,Questionnaire Registration,Respondent Code,Respondent code,,Open Text Box,string,1686,1686,1686,0.0,1686,"[""L04-Z02-HH05-H"", ""L07-Z02-HH01-H"", ""L35-Z02-HH15-H"", ""L11-Z02-HH10-H"", ""L01-Z01-HH11-H"", ""L23-Z01-HH21-H"", ""L13-Z03-HH11-H"", ""L21-HH06-H""]","[""L04-Z02-HH05-H"", ""L07-Z02-HH01-H"", ""L35-Z02-HH15-H"", ""L11-Z02-HH10-H"", ""L01-Z01-HH11-H"", ""L23-Z01-HH21-H"", ""L13-Z03-HH11-H"", ""L21-HH06-H""]","{""L04-Z02-HH05-H"": 1, ""L07-Z02-HH01-H"": 1, ""L35-Z02-HH15-H"": 1, ""L11-Z02-HH10-H"": 1, ""L01-Z01-HH11-H"": 1, ""L23-Z01-HH21-H"": 1, ""L13-Z03-HH11-H"": 1, ""L21-HH06-H"": 1, ""L09-Z02-HH24-H"": 1, ""L01-Z01-HH04-H"": 1}",{},"Respondent codes follow the structure: location number (Lxx) - sampling zone (Zyy) - household number (HHzz) - subsample identifier (H - household head; F - senior female; YF - youth female; YM - youth male; LB - left-behind member of migrated respondent). For instance: L05-Z02-HH13-F. Note 1: Respondents with identical household code (e.g., L05-Z02-HH13) but different subsample endings (-H, -F, -YF, -YM, -LB) are individuals who belong to the same household. Note 2: The location- and zone-identifier in the respondent code was assigned in wave 1 and kept constant afterwards, even if respondents moved. Note 3: For locations L10, L17, and L18, the zone indicator is missing as houses were sparsely distributed in these locations and we partly had to sample outside the regular 200-m-zone to reach the targeted number of households. Note 4: Locations belong to the following districts: Bogra (L19-L21); Gaibandha (L23); Jamalpur (L01, L22); Kurigram (L24-L36); Manikganj (L04-L06); Sirajganj (L07-L09); Tangail (L02-L03; L10-L18).",| |,baseline origin sampling-location / household code,anonymized Lxx sampling location; district derivable,origin,pseudonymized composite; fixed after moves
w5_q1,Respondent Current Location,resp_crrnt_locat,w5,bemp_w5.csv,bemp_w5_codebook.csv,Migration,Respondent Current Location,"Do you currently live in the same village as when we spoke before the monsoon, meaning in {home village in wave 1} , or have you moved to another location?",,Single Choice,integer-coded,1686,1686,1685,0.06,2,"[""1"", ""3""]","[""In {home village in wave 1}"", ""In another location""]","{""1"": 1623, ""3"": 62}","{""1"": ""In {home village in wave 1}"", ""3"": ""In another location"", ""-8"": ""DK"", ""-9"": ""RA""}",,| |,home-versus-away location status,relational,current location,categorized
w5_q143,Riverbank (Home Village) Current Distance,rivbk_home_villg_crrnt_dist,w5,bemp_w5.csv,bemp_w5_codebook.csv,Erosion 2021 - Perception (Non-Migrants),Riverbank (Home Village) Current Distance,How far away from your house is the river right now? [one of the distance measures is enough],,Single Choice,integer-coded,1686,1686,84,95.02,5,"[""1"", ""2"", ""4"", ""8"", ""5""]","[""River is right next to the house"", ""[minutes walking time]:"", ""[kilometers]:"", ""[roshi/rope]:"", ""[miles]:""]","{""1"": 52, ""2"": 26, ""4"": 4, ""8"": 1, ""5"": 1}","{""1"": ""River is right next to the house"", ""2"": ""[minutes walking time]:"", ""3"": ""[meters]:"", ""4"": ""[kilometers]:"", ""5"": ""[miles]:"", ""6"": ""[hands]:"", ""7"": ""[feet]:"", ""8"": ""[roshi/rope]:"", ""9"": ""[gauges/yards]:"", ""10"": ""Other [enter value and unit]:"", ""-8"": ""DK"", ""-9"": ""RA""}",,"If w5_q1 [Respondent Current Location] = ""In {home village in wave 1}"" | If w5_q141 [Erosion (Home Village) Occurrence] = ""Yes"" |",hazard proximity,meters or reported distance category,origin/current residence context,derived/reported distance; no house coordinates
w5_q143_txt,Riverbank (Home Village) Current Distance,rivbk_home_villg_crrnt_dist_txt,w5,bemp_w5.csv,bemp_w5_codebook.csv,Erosion 2021 - Perception (Non-Migrants),Riverbank (Home Village) Current Distance,How far away from your house is the river right now? [one of the distance measures is enough],,Open Text Box,continuous numeric,1686,1686,32,98.1,10,"[""1"", ""5"", ""3"", ""0.5"", ""10"", ""2"", ""7"", ""8""]","[""1"", ""5"", ""3"", ""0.5"", ""10"", ""2"", ""7"", ""8""]","{""1"": 10, ""5"": 7, ""3"": 3, ""0.5"": 3, ""10"": 2, ""2"": 2, ""7"": 2, ""8"": 1, ""4"": 1, ""15"": 1}",{},,"If w5_q1 [Respondent Current Location] = ""In {home village in wave 1}"" | If w5_q141 [Erosion (Home Village) Occurrence] = ""Yes"" |",hazard proximity,meters or reported distance category,origin/current residence context,derived/reported distance; no house coordinates
w6_N_dist_from_crrnt_river_bank,Distance from Current Riverbank,dist_from_crrnt_river_bank,w6_N,bemp_w6_N.csv,bemp_w6_N_codebook.csv,Geographical Variables,Distance from Current Riverbank,,,Geographical,continuous numeric,2273,2273,1801,20.77,1769,"[""35.1938142878611"", ""47.9268107496163"", ""50.1214211868929"", ""128.574460143418"", ""105.645066388008"", ""71.4578625815159"", ""50.4543502039879"", ""200.30646128004""]","[""35.1938142878611"", ""47.9268107496163"", ""50.1214211868929"", ""128.574460143418"", ""105.645066388008"", ""71.4578625815159"", ""50.4543502039879"", ""200.30646128004""]","{""35.1938142878611"": 3, ""47.9268107496163"": 3, ""50.1214211868929"": 2, ""128.574460143418"": 2, ""105.645066388008"": 2, ""71.4578625815159"": 2, ""50.4543502039879"": 2, ""200.30646128004"": 2, ""48.1273798535297"": 2, ""30.5954047151249"": 2}","{""-55"": ""Missing by panel wave drop-out"", ""-66"": ""Missing due to migrant status (actual survey contained in M-survey)""}","Distance between the respondent's house location in this survey and the riverbank of the Jamuna River at the time of the survey (in meters). This was calculated in ArcGIS using the easternmost riverbank line of the Jamuna River at the time of the survey, which was drawn manually in the Google Earth Engine using optical Sentinel-2 imagery.",| |,hazard proximity,meters or reported distance category,origin/current residence context,derived/reported distance; no house coordinates
w6_N_dist_from_prev_loc,Distance from Previous Location,dist_from_prev_loc,w6_N,bemp_w6_N.csv,bemp_w6_N_codebook.csv,Geographical Variables,Distance from Previous Location,,,Geographical,continuous numeric,2273,2273,1677,26.22,1614,"[""0"", ""13.5867301051985"", ""14.2917554711494"", ""91.0414354655201"", ""58.2607901862544"", ""12.5586695809604"", ""12.4622391982504"", ""14.3148382852762""]","[""0"", ""13.5867301051985"", ""14.2917554711494"", ""91.0414354655201"", ""58.2607901862544"", ""12.5586695809604"", ""12.4622391982504"", ""14.3148382852762""]","{""0"": 64, ""13.5867301051985"": 1, ""14.2917554711494"": 1, ""91.0414354655201"": 1, ""58.2607901862544"": 1, ""12.5586695809604"": 1, ""12.4622391982504"": 1, ""14.3148382852762"": 1, ""25.7635052055008"": 1, ""16.9848093553284"": 1}","{""-55"": ""Missing by panel wave drop-out"", ""-66"": ""Missing due to migrant status (actual survey contained in M-survey)""}",Distance between the respondent's house location in the previous in-person survey and the location in this survey (in meters),| |,coordinate-derived inter-wave distance,meters; no direction or endpoint,origin-to-current / inter-wave,derived from withheld house coordinates
w6_N_dist_from_prev_river_bank,Distance from Previous Riverbank,dist_from_prev_river_bank,w6_N,bemp_w6_N.csv,bemp_w6_N_codebook.csv,Geographical Variables,Distance from Previous Riverbank,,,Geographical,continuous numeric,2273,2273,1801,20.77,1769,"[""31.5074248650247"", ""46.8839022640977"", ""51.0244904027113"", ""128.858027469119"", ""108.490946338695"", ""106.131820356304"", ""56.4293933350623"", ""200.239669600575""]","[""31.5074248650247"", ""46.8839022640977"", ""51.0244904027113"", ""128.858027469119"", ""108.490946338695"", ""106.131820356304"", ""56.4293933350623"", ""200.239669600575""]","{""31.5074248650247"": 3, ""46.8839022640977"": 3, ""51.0244904027113"": 2, ""128.858027469119"": 2, ""108.490946338695"": 2, ""106.131820356304"": 2, ""56.4293933350623"": 2, ""200.239669600575"": 2, ""44.4360658788249"": 2, ""29.930636493698"": 2}","{""-55"": ""Missing by panel wave drop-out"", ""-66"": ""Missing due to migrant status (actual survey contained in M-survey)""}","Distance between the respondent's house location in this survey and the riverbank of the Jamuna River one year ago (in meters). This was calculated in ArcGIS using the easternmost riverbank line of the Jamuna River before the preceding monsoon season, which was drawn manually in the Google Earth Engine using optical Sentinel-2 imagery.",| |,hazard proximity,meters or reported distance category,origin/current residence context,derived/reported distance; no house coordinates
w6_N_q18a,House Shift Distance,house_shift_dist,w6_N,bemp_w6_N.csv,bemp_w6_N_codebook.csv,Household Composition and Migration,House Shift Distance,How far have you shifted your house? [one of the distance measures is enough],,Single Choice,integer-coded,2273,2273,137,93.97,8,"[""1"", ""3"", ""2"", ""8"", ""6"", ""5"", ""7"", ""4""]","[""[minutes walking time]:"", ""[kilometers]:"", ""[meters]:"", ""[gauges/yards]:"", ""[feet]:"", ""[hands]:"", ""[roshi/rope]:"", ""[miles]:""]","{""1"": 71, ""3"": 34, ""2"": 19, ""8"": 3, ""6"": 3, ""5"": 3, ""7"": 2, ""4"": 2}","{""1"": ""[minutes walking time]:"", ""2"": ""[meters]:"", ""3"": ""[kilometers]:"", ""4"": ""[miles]:"", ""5"": ""[hands]:"", ""6"": ""[feet]:"", ""7"": ""[roshi/rope]:"", ""8"": ""[gauges/yards]:"", ""9"": ""Other [enter value and unit]:"", ""-8"": ""DK"", ""-9"": ""RA"", ""-55"": ""Missing by panel wave drop-out"", ""-66"": ""Missing due to migrant status (actual survey contained in M-survey)""}",,| If w6_N_q17_txt [House Shift Frequency] = 1 |,reported distance/accessibility,distance/category per question,origin/destination context per file,distance only; endpoints not identified
w6_N_q18a_txt,House Shift Distance,house_shift_dist_txt,w6_N,bemp_w6_N.csv,bemp_w6_N_codebook.csv,Household Composition and Migration,House Shift Distance,How far have you shifted your house? [one of the distance measures is enough],,Open Text Box,continuous numeric,2273,2273,137,93.97,29,"[""1"", ""2"", ""10"", ""5"", ""500"", ""1.5"", ""200"", ""15""]","[""1"", ""2"", ""10"", ""5"", ""500"", ""1.5"", ""200"", ""15""]","{""1"": 25, ""2"": 18, ""10"": 15, ""5"": 14, ""500"": 7, ""1.5"": 6, ""200"": 6, ""15"": 5, ""0.5"": 5, ""20"": 5}","{""-55"": ""Missing by panel wave drop-out"", ""-66"": ""Missing due to migrant status (actual survey contained in M-survey)""}",,| If w6_N_q17_txt [House Shift Frequency] = 1 |,reported distance/accessibility,distance/category per question,origin/destination context per file,distance only; endpoints not identified
w6_N_q58_L1,Migration Respondent House Shift Distance (Loop 1),migr_resp_house_shift_dist_loop1,w6_N,bemp_w6_N.csv,bemp_w6_N_codebook.csv,Migrant History - Respondent - Loop 1,Migration Respondent House Shift Distance (Loop 1),How far have you shifted your house? [one of the distance measures is enough],,Single Choice,undetermined (no valid values),2273,2273,0,100.0,0,[],[],{},"{""1"": ""[minutes walking time]:"", ""2"": ""[meters]:"", ""3"": ""[kilometers]:"", ""4"": ""[miles]:"", ""5"": ""[hands]:"", ""6"": ""[feet]:"", ""7"": ""[roshi/rope]:"", ""8"": ""[gauges/yards]:"", ""9"": ""Other [enter value and unit]:"", ""-8"": ""DK"", ""-9"": ""RA"", ""-55"": ""Missing by panel wave drop-out"", ""-66"": ""Missing due to migrant status (actual survey contained in M-survey)""}",,"If w6_N_q30_txt [Migration Respondent Frequency] > 0 | If w6_N_q57_L1 [Migration Respondent House Shift (Loop 1)] = ""Yes"" |",reported distance/accessibility,distance/category per question,origin/destination context per file,distance only; endpoints not identified
w6_N_q58_txt_L1,Migration Respondent House Shift Distance (Loop 1),migr_resp_house_shift_dist_txt_loop1,w6_N,bemp_w6_N.csv,bemp_w6_N_codebook.csv,Migrant History - Respondent - Loop 1,Migration Respondent House Shift Distance (Loop 1),How far have you shifted your house? [one of the distance measures is enough],,Open Text Box,undetermined (no valid values),2273,2273,0,100.0,0,[],[],{},"{""-55"": ""Missing by panel wave drop-out"", ""-66"": ""Missing due to migrant status (actual survey contained in M-survey)""}",,"If w6_N_q30_txt [Migration Respondent Frequency] > 0 | If w6_N_q57_L1 [Migration Respondent House Shift (Loop 1)] = ""Yes"" |",reported distance/accessibility,distance/category per question,origin/destination context per file,distance only; endpoints not identified
w6_N_q58_L2,Migration Respondent House Shift Distance (Loop 2),migr_resp_house_shift_dist_loop2,w6_N,bemp_w6_N.csv,bemp_w6_N_codebook.csv,Migrant History - Respondent - Loop 2,Migration Respondent House Shift Distance (Loop 2),How far have you shifted your house? [one of the distance measures is enough],,Single Choice,undetermined (no valid values),2273,2273,0,100.0,0,[],[],{},"{""1"": ""[minutes walking time]:"", ""2"": ""[meters]:"", ""3"": ""[kilometers]:"", ""4"": ""[miles]:"", ""5"": ""[hands]:"", ""6"": ""[feet]:"", ""7"": ""[roshi/rope]:"", ""8"": ""[gauges/yards]:"", ""9"": ""Other [enter value and unit]:"", ""-8"": ""DK"", ""-9"": ""RA"", ""-55"": ""Missing by panel wave drop-out"", ""-66"": ""Missing due to migrant status (actual survey contained in M-survey)""}",,"If w6_N_q30_txt [Migration Respondent Frequency] > 0 | If w6_N_q57_L2 [Migration Respondent House Shift (Loop 2)] = ""Yes"" |",reported distance/accessibility,distance/category per question,origin/destination context per file,distance only; endpoints not identified
w6_N_q58_txt_L2,Migration Respondent House Shift Distance (Loop 2),migr_resp_house_shift_dist_txt_loop2,w6_N,bemp_w6_N.csv,bemp_w6_N_codebook.csv,Migrant History - Respondent - Loop 2,Migration Respondent House Shift Distance (Loop 2),How far have you shifted your house? [one of the distance measures is enough],,Open Text Box,undetermined (no valid values),2273,2273,0,100.0,0,[],[],{},"{""-55"": ""Missing by panel wave drop-out"", ""-66"": ""Missing due to migrant status (actual survey contained in M-survey)""}",,"If w6_N_q30_txt [Migration Respondent Frequency] > 0 | If w6_N_q57_L2 [Migration Respondent House Shift (Loop 2)] = ""Yes"" |",reported distance/accessibility,distance/category per question,origin/destination context per file,distance only; endpoints not identified
w6_N_q58_L3,Migration Respondent House Shift Distance (Loop 3),migr_resp_house_shift_dist_loop3,w6_N,bemp_w6_N.csv,bemp_w6_N_codebook.csv,Migrant History - Respondent - Loop 3,Migration Respondent House Shift Distance (Loop 3),How far have you shifted your house? [one of the distance measures is enough],,Single Choice,undetermined (no valid values),2273,2273,0,100.0,0,[],[],{},"{""1"": ""[minutes walking time]:"", ""2"": ""[meters]:"", ""3"": ""[kilometers]:"", ""4"": ""[miles]:"", ""5"": ""[hands]:"", ""6"": ""[feet]:"", ""7"": ""[roshi/rope]:"", ""8"": ""[gauges/yards]:"", ""9"": ""Other [enter value and unit]:"", ""-8"": ""DK"", ""-9"": ""RA"", ""-55"": ""Missing by panel wave drop-out"", ""-66"": ""Missing due to migrant status (actual survey contained in M-survey)""}",,"If w6_N_q30_txt [Migration Respondent Frequency] > 0 | If w6_N_q57_L3 [Migration Respondent House Shift (Loop 3)] = ""Yes"" |",reported distance/accessibility,distance/category per question,origin/destination context per file,distance only; endpoints not identified
w6_N_q58_txt_L3,Migration Respondent House Shift Distance (Loop 3),migr_resp_house_shift_dist_txt_loop3,w6_N,bemp_w6_N.csv,bemp_w6_N_codebook.csv,Migrant History - Respondent - Loop 3,Migration Respondent House Shift Distance (Loop 3),How far have you shifted your house? [one of the distance measures is enough],,Open Text Box,undetermined (no valid values),2273,2273,0,100.0,0,[],[],{},"{""-55"": ""Missing by panel wave drop-out"", ""-66"": ""Missing due to migrant status (actual survey contained in M-survey)""}",,"If w6_N_q30_txt [Migration Respondent Frequency] > 0 | If w6_N_q57_L3 [Migration Respondent House Shift (Loop 3)] = ""Yes"" |",reported distance/accessibility,distance/category per question,origin/destination context per file,distance only; endpoints not identified
w6_N_q165,Plot Distance from Jamuna,plot_dist_from_jmuna,w6_N,bemp_w6_N.csv,bemp_w6_N_codebook.csv,Plot Characterization,Plot Distance from Jamuna,How far is it from the Jamuna River? [one of the distance measures is enough],,Single Choice,integer-coded,2273,2273,24,98.94,5,"[""1"", ""2"", ""4"", ""5"", ""6""]","[""Right next to the river"", ""[minutes walking time]:"", ""[kilometers]:"", ""[miles]:"", ""[hands]:""]","{""1"": 15, ""2"": 4, ""4"": 3, ""5"": 1, ""6"": 1}","{""1"": ""Right next to the river"", ""2"": ""[minutes walking time]:"", ""3"": ""[meters]:"", ""4"": ""[kilometers]:"", ""5"": ""[miles]:"", ""6"": ""[hands]:"", ""7"": ""[feet]:"", ""8"": ""[roshi/rope]:"", ""9"": ""Other [enter value and unit]:"", ""-8"": ""DK"", ""-9"": ""RA"", ""-55"": ""Missing by panel wave drop-out"", ""-66"": ""Missing due to migrant status (actual survey contained in M-survey)""}",,If w6_N_q152_txt [New Land Plot Count (Home Village)] > 0 | |,hazard proximity,meters or reported distance category,origin/current residence context,derived/reported distance; no house coordinates
w6_N_q165_txt,Plot Distance from Jamuna,plot_dist_from_jmuna_txt,w6_N,bemp_w6_N.csv,bemp_w6_N_codebook.csv,Plot Characterization,Plot Distance from Jamuna,How far is it from the Jamuna River? [one of the distance measures is enough],,Open Text Box,integer-coded,2273,2273,9,99.6,7,"[""2"", ""30"", ""5"", ""6"", ""10"", ""400"", ""63""]","[""2"", ""30"", ""5"", ""6"", ""10"", ""400"", ""63""]","{""2"": 2, ""30"": 2, ""5"": 1, ""6"": 1, ""10"": 1, ""400"": 1, ""63"": 1}","{""-55"": ""Missing by panel wave drop-out"", ""-66"": ""Missing due to migrant status (actual survey contained in M-survey)""}",,If w6_N_q152_txt [New Land Plot Count (Home Village)] > 0 | |,hazard proximity,meters or reported distance category,origin/current residence context,derived/reported distance; no house coordinates
w6_N_reg3,Respondent Code,resp_code,w6_N,bemp_w6_N.csv,bemp_w6_N_codebook.csv,Questionnaire Registration,Respondent Code,Respondent code,,Open Text Box,string,2273,2273,2273,0.0,2273,"[""L04-Z02-HH14-H"", ""L26-Z02-HH17-H"", ""L26-Z01-HH01-H"", ""L26-Z01-HH04-H"", ""L26-Z01-HH02-H"", ""L26-Z01-HH03-H"", ""L26-Z01-HH18-H"", ""L26-Z01-HH18-F""]","[""L04-Z02-HH14-H"", ""L26-Z02-HH17-H"", ""L26-Z01-HH01-H"", ""L26-Z01-HH04-H"", ""L26-Z01-HH02-H"", ""L26-Z01-HH03-H"", ""L26-Z01-HH18-H"", ""L26-Z01-HH18-F""]","{""L04-Z02-HH14-H"": 1, ""L26-Z02-HH17-H"": 1, ""L26-Z01-HH01-H"": 1, ""L26-Z01-HH04-H"": 1, ""L26-Z01-HH02-H"": 1, ""L26-Z01-HH03-H"": 1, ""L26-Z01-HH18-H"": 1, ""L26-Z01-HH18-F"": 1, ""L23-Z02-HH29-H"": 1, ""L27-Z01-HH12-YM"": 1}","{""-55"": ""Missing by panel wave drop-out"", ""-66"": ""Missing due to migrant status (actual survey contained in M-survey)""}","Respondent codes follow the structure: location number (Lxx) - sampling zone (Zyy) - household number (HHzz) - subsample identifier (H - household head; F - senior female; YF - youth female; YM - youth male; LB - left-behind member of migrated respondent). For instance: L05-Z02-HH13-F. Note 1: Respondents with identical household code (e.g., L05-Z02-HH13) but different subsample endings (-H, -F, -YF, -YM, -LB) are individuals who belong to the same household. Note 2: The location- and zone-identifier in the respondent code was assigned in wave 1 and kept constant afterwards, even if respondents moved. Note 3: For locations L10, L17, and L18, the zone indicator is missing as houses were sparsely distributed in these locations and we partly had to sample outside the regular 200-m-zone to reach the targeted number of households. Note 4: Locations belong to the following districts: Bogra (L19-L21); Gaibandha (L23); Jamalpur (L01, L22); Kurigram (L24-L36); Manikganj (L04-L06); Sirajganj (L07-L09); Tangail (L02-L03; L10-L18).",| |,baseline origin sampling-location / household code,anonymized Lxx sampling location; district derivable,origin,pseudonymized composite; fixed after moves
w6_N_q237,Riverbank (Home Village) Current Distance,rivbk_home_villg_crrnt_dist,w6_N,bemp_w6_N.csv,bemp_w6_N_codebook.csv,Erosion 2021 - Perception,Riverbank (Home Village) Current Distance,How far away from your house is the riverbank right now? [one of the distance measures is enough],,Single Choice,integer-coded,2273,2273,1239,45.49,10,"[""2"", ""1"", ""4"", ""3"", ""8"", ""6"", ""7"", ""9""]","[""[minutes walking time]:"", ""River is right next to the house"", ""[kilometers]:"", ""[meters]:"", ""[roshi/rope]:"", ""[hands]:"", ""[feet]:"", ""[gauges/yards]:""]","{""2"": 714, ""1"": 306, ""4"": 61, ""3"": 52, ""8"": 31, ""6"": 28, ""7"": 19, ""9"": 16, ""5"": 11, ""10"": 1}","{""1"": ""River is right next to the house"", ""2"": ""[minutes walking time]:"", ""3"": ""[meters]:"", ""4"": ""[kilometers]:"", ""5"": ""[miles]:"", ""6"": ""[hands]:"", ""7"": ""[feet]:"", ""8"": ""[roshi/rope]:"", ""9"": ""[gauges/yards]:"", ""10"": ""Other [enter value and unit]:"", ""-8"": ""DK"", ""-9"": ""RA"", ""-55"": ""Missing by panel wave drop-out"", ""-66"": ""Missing due to migrant status (actual survey contained in M-survey)""}",,| |,hazard proximity,meters or reported distance category,origin/current residence context,derived/reported distance; no house coordinates
w6_N_q237_txt,Riverbank (Home Village) Current Distance,rivbk_home_villg_crrnt_dist_txt,w6_N,bemp_w6_N.csv,bemp_w6_N_codebook.csv,Erosion 2021 - Perception,Riverbank (Home Village) Current Distance,How far away from your house is the riverbank right now? [one of the distance measures is enough],,Open Text Box,string,2273,2273,933,58.95,41,"[""2"", ""1"", ""3"", ""5"", ""10"", ""4"", ""0.5"", ""15""]","[""2"", ""1"", ""3"", ""5"", ""10"", ""4"", ""0.5"", ""15""]","{""2"": 199, ""1"": 196, ""3"": 108, ""5"": 99, ""10"": 43, ""4"": 39, ""0.5"": 29, ""15"": 22, ""100"": 22, ""200"": 21}","{""-55"": ""Missing by panel wave drop-out"", ""-66"": ""Missing due to migrant status (actual survey contained in M-survey)""}",,| |,hazard proximity,meters or reported distance category,origin/current residence context,derived/reported distance; no house coordinates
w6_N_q18b,Total House Shift Distance,total_house_shift_dist,w6_N,bemp_w6_N.csv,bemp_w6_N_codebook.csv,Household Composition and Migration,Total House Shift Distance,How far have you shifted your house in total? [one of the distance measures is enough],,Single Choice,integer-coded,2273,2273,16,99.3,3,"[""1"", ""2"", ""3""]","[""[minutes walking time]:"", ""[meters]:"", ""[kilometers]:""]","{""1"": 9, ""2"": 4, ""3"": 3}","{""1"": ""[minutes walking time]:"", ""2"": ""[meters]:"", ""3"": ""[kilometers]:"", ""4"": ""[miles]:"", ""5"": ""[hands]:"", ""6"": ""[feet]:"", ""7"": ""[roshi/rope]:"", ""8"": ""[gauges/yards]:"", ""9"": ""Other [enter value and unit]:"", ""-8"": ""DK"", ""-9"": ""RA"", ""-55"": ""Missing by panel wave drop-out"", ""-66"": ""Missing due to migrant status (actual survey contained in M-survey)""}",,| If w6_N_q17_txt [House Shift Frequency] > 1 |,reported distance/accessibility,distance/category per question,origin/destination context per file,distance only; endpoints not identified
w6_N_q18b_txt,Total House Shift Distance,total_house_shift_dist_txt,w6_N,bemp_w6_N.csv,bemp_w6_N_codebook.csv,Household Composition and Migration,Total House Shift Distance,How far have you shifted your house in total? [one of the distance measures is enough],,Open Text Box,continuous numeric,2273,2273,16,99.3,12,"[""15"", ""50"", ""20"", ""5"", ""2"", ""0.5"", ""1.5"", ""4""]","[""15"", ""50"", ""20"", ""5"", ""2"", ""0.5"", ""1.5"", ""4""]","{""15"": 2, ""50"": 2, ""20"": 2, ""5"": 2, ""2"": 1, ""0.5"": 1, ""1.5"": 1, ""4"": 1, ""80"": 1, ""1"": 1}","{""-55"": ""Missing by panel wave drop-out"", ""-66"": ""Missing due to migrant status (actual survey contained in M-survey)""}",,| If w6_N_q17_txt [House Shift Frequency] > 1 |,reported distance/accessibility,distance/category per question,origin/destination context per file,distance only; endpoints not identified
w6_N_q120,Village Migration Individual Distance,villg_migr_indiv_dist,w6_N,bemp_w6_N.csv,bemp_w6_N_codebook.csv,Migration at the Village Level,Village Migration Individual Distance,"If you think about those individuals who have left the village while their families stayed in the village. Did they move only to places close to this village, mostly to places close to this village, both the same, mostly to places far from this village or only to places far from this village?",,Single Choice,integer-coded,2273,2273,296,86.98,5,"[""4"", ""3"", ""2"", ""5"", ""1""]","[""Mostly to places far from this village"", ""Both the same"", ""Mostly to places close to this village"", ""Only to places far from this village"", ""Only to places close to this village""]","{""4"": 111, ""3"": 106, ""2"": 37, ""5"": 34, ""1"": 8}","{""1"": ""Only to places close to this village"", ""2"": ""Mostly to places close to this village"", ""3"": ""Both the same"", ""4"": ""Mostly to places far from this village"", ""5"": ""Only to places far from this village"", ""-8"": ""DK"", ""-9"": ""RA"", ""-55"": ""Missing by panel wave drop-out"", ""-66"": ""Missing due to migrant status (actual survey contained in M-survey)""}",,"If w6_N_reg2 [Respondent Type] = ""Household head (code ending in -H)"" | If w6_N_q117 [Village Migration Individual] = ""Yes"" AND (w6_N_q119 [Village Migration Individual Rural Urban] = ""Both the same"" OR w6_N_q119 [Village Migration Individual Rural Urban] = ""Mostly to villages"" OR w6_N_q119 [Village Migration Individual Rural Urban] = ""Only to villages"") |",reported distance/accessibility,distance/category per question,origin/destination context per file,distance only; endpoints not identified
w6_N_q110,Village Migration Permanent Distance,villg_migr_perm_dist,w6_N,bemp_w6_N.csv,bemp_w6_N_codebook.csv,Migration at the Village Level,Village Migration Permanent Distance,"If you think about those families who have permanently left the village since we spoke before the monsoon. Did they move only to places close to this village, mostly to places close to this village, both the same, mostly to places far from this village or only to places far from this village?",,Single Choice,integer-coded,2273,2273,403,82.27,5,"[""2"", ""4"", ""1"", ""3"", ""5""]","[""Mostly to places close to this village"", ""Mostly to places far from this village"", ""Only to places close to this village"", ""Both the same"", ""Only to places far from this village""]","{""2"": 189, ""4"": 79, ""1"": 55, ""3"": 52, ""5"": 28}","{""1"": ""Only to places close to this village"", ""2"": ""Mostly to places close to this village"", ""3"": ""Both the same"", ""4"": ""Mostly to places far from this village"", ""5"": ""Only to places far from this village"", ""-8"": ""DK"", ""-9"": ""RA"", ""-55"": ""Missing by panel wave drop-out"", ""-66"": ""Missing due to migrant status (actual survey contained in M-survey)""}",,"If w6_N_reg2 [Respondent Type] = ""Household head (code ending in -H)"" | If w6_N_q107 [Village Migration Permanent] = ""Yes"" AND (w6_N_q109 [Village Migration Permanent Rural Urban] = ""Both the same"" OR w6_N_q109 [Village Migration Permanent Rural Urban] = ""Mostly to villages"" OR w6_N_q109 [Village Migration Permanent Rural Urban] = ""Only to villages"") |",reported distance/accessibility,distance/category per question,origin/destination context per file,distance only; endpoints not identified
w6_M_dist_from_prev_loc,Distance from Previous Location,dist_from_prev_loc,w6_M,bemp_w6_M.csv,bemp_w6_M_codebook.csv,Geographical Variables,Distance from Previous Location,,,Geographical,continuous numeric,221,221,65,70.59,65,"[""529.187093707001"", ""2945.86818814731"", ""3592.61805780198"", ""9.57322332346495"", ""893.505547797092"", ""1233.52549584706"", ""1470.53402053947"", ""1434.06645987576""]","[""529.187093707001"", ""2945.86818814731"", ""3592.61805780198"", ""9.57322332346495"", ""893.505547797092"", ""1233.52549584706"", ""1470.53402053947"", ""1434.06645987576""]","{""529.187093707001"": 1, ""2945.86818814731"": 1, ""3592.61805780198"": 1, ""9.57322332346495"": 1, ""893.505547797092"": 1, ""1233.52549584706"": 1, ""1470.53402053947"": 1, ""1434.06645987576"": 1, ""10375.3643045349"": 1, ""13047.5897019888"": 1}","{""-55"": ""Missing by panel wave drop-out""}",Distance between the respondent's house location in the previous in-person survey and the location in this survey (in meters),| |,coordinate-derived inter-wave distance,meters; no direction or endpoint,origin-to-current / inter-wave,derived from withheld house coordinates
w6_M_q28a,House Shift Distance,house_shift_dist,w6_M,bemp_w6_M.csv,bemp_w6_M_codebook.csv,Household Composition and Migration,House Shift Distance,How far have you shifted your house? [one of the distance measures is enough],,Single Choice,integer-coded,221,221,10,95.48,3,"[""3"", ""1"", ""4""]","[""[kilometers]:"", ""[minutes walking time]:"", ""[miles]:""]","{""3"": 5, ""1"": 4, ""4"": 1}","{""1"": ""[minutes walking time]:"", ""2"": ""[meters]:"", ""3"": ""[kilometers]:"", ""4"": ""[miles]:"", ""5"": ""[hands]:"", ""6"": ""[feet]:"", ""7"": ""[roshi/rope]:"", ""8"": ""[gauges/yards]:"", ""9"": ""Other [enter value and unit]:"", ""-8"": ""DK"", ""-9"": ""RA"", ""-55"": ""Missing by panel wave drop-out""}",,| If w6_M_q27_txt [House Shift Frequency] = 1 |,reported distance/accessibility,distance/category per question,origin/destination context per file,distance only; endpoints not identified
w6_M_q28a_txt,House Shift Distance,house_shift_dist_txt,w6_M,bemp_w6_M.csv,bemp_w6_M_codebook.csv,Household Composition and Migration,House Shift Distance,How far have you shifted your house? [one of the distance measures is enough],,Open Text Box,continuous numeric,221,221,10,95.48,5,"[""1"", ""2"", ""5"", ""0.5"", ""10""]","[""1"", ""2"", ""5"", ""0.5"", ""10""]","{""1"": 3, ""2"": 3, ""5"": 2, ""0.5"": 1, ""10"": 1}","{""-55"": ""Missing by panel wave drop-out""}",,| If w6_M_q27_txt [House Shift Frequency] = 1 |,reported distance/accessibility,distance/category per question,origin/destination context per file,distance only; endpoints not identified
w6_M_q186,Plot Distance from Jamuna,plot_dist_from_jmuna,w6_M,bemp_w6_M.csv,bemp_w6_M_codebook.csv,Plot Characterization,Plot Distance from Jamuna,How far is it from the Jamuna River? [one of the distance measures is enough],,Single Choice,integer-coded,221,221,1,99.55,1,"[""2""]","[""[minutes walking time]:""]","{""2"": 1}","{""1"": ""Right next to the river"", ""2"": ""[minutes walking time]:"", ""3"": ""[meters]:"", ""4"": ""[kilometers]:"", ""5"": ""[miles]:"", ""6"": ""[hands]:"", ""7"": ""[feet]:"", ""8"": ""[roshi/rope]:"", ""9"": ""Other [enter value and unit]:"", ""-8"": ""DK"", ""-9"": ""RA"", ""-55"": ""Missing by panel wave drop-out""}",,"If (w6_M_q165_txt [New Land Plot Count (Migration Location)] > 0 OR w6_M_q175_txt [New Land Plot Count (Home Village)] > 0) | If w6_M_q184 [Plot Location] = ""{home village in wave 1}"" |",hazard proximity,meters or reported distance category,origin/current residence context,derived/reported distance; no house coordinates
w6_M_q186_txt,Plot Distance from Jamuna,plot_dist_from_jmuna_txt,w6_M,bemp_w6_M.csv,bemp_w6_M_codebook.csv,Plot Characterization,Plot Distance from Jamuna,How far is it from the Jamuna River? [one of the distance measures is enough],,Open Text Box,integer-coded,221,221,1,99.55,1,"[""10""]","[""10""]","{""10"": 1}","{""-55"": ""Missing by panel wave drop-out""}",,"If (w6_M_q165_txt [New Land Plot Count (Migration Location)] > 0 OR w6_M_q175_txt [New Land Plot Count (Home Village)] > 0) | If w6_M_q184 [Plot Location] = ""{home village in wave 1}"" |",hazard proximity,meters or reported distance category,origin/current residence context,derived/reported distance; no house coordinates
w6_M_enum4,Residence Type,rsdnc_type,w6_M,bemp_w6_M.csv,bemp_w6_M_codebook.csv,Respondent Characteristics,Residence Type,Respondent lives in...,,Single Choice,integer-coded,221,221,8,96.38,3,"[""1"", ""3"", ""2""]","[""hut"", ""multi-story apartment house"", ""single-story apartment house""]","{""1"": 4, ""3"": 3, ""2"": 1}","{""1"": ""hut"", ""2"": ""single-story apartment house"", ""3"": ""multi-story apartment house"", ""4"": ""residential home"", ""5"": ""Other:"", ""-7"": ""Not observed"", ""-55"": ""Missing by panel wave drop-out""}",This variable was assessed by the enumerator and not asked to the respondent.,"If w6_M_reg6 [Phone Interview Status] != ""Yes"" AND enumerator is at respondent's house) | If w6_M_q14 [Respondent Current Location Rural Urban] = ""City"" | If ""single-story apartment house"" is selected, skip to: w6_M_enum9 [Neighborhood Charging Station Access]; If ""multi-story apartment house"" is selected, skip to: w6_M_enum9 [Neighborhood Charging Station Access]; If ""residential home"" is selected, skip to: w6_M_enum9 [Neighborhood Charging Station Access]",destination residence characteristic,house/residence category or duration,destination,categorized
w6_M_enum4_txt,Residence Type,rsdnc_type_txt,w6_M,bemp_w6_M.csv,bemp_w6_M_codebook.csv,Respondent Characteristics,Residence Type,Respondent lives in...,,Open Text Box,undetermined (no valid values),221,221,0,100.0,0,[],[],{},"{""-55"": ""Missing by panel wave drop-out""}",This variable was assessed by the enumerator and not asked to the respondent.,"If w6_M_reg6 [Phone Interview Status] != ""Yes"" AND enumerator is at respondent's house) | If w6_M_q14 [Respondent Current Location Rural Urban] = ""City"" | If ""single-story apartment house"" is selected, skip to: w6_M_enum9 [Neighborhood Charging Station Access]; If ""multi-story apartment house"" is selected, skip to: w6_M_enum9 [Neighborhood Charging Station Access]; If ""residential home"" is selected, skip to: w6_M_enum9 [Neighborhood Charging Station Access]",destination residence characteristic,house/residence category or duration,destination,categorized
w6_M_reg3,Respondent Code,resp_code,w6_M,bemp_w6_M.csv,bemp_w6_M_codebook.csv,Questionnaire Registration,Respondent Code,Respondent code,,Open Text Box,string,221,221,221,0.0,221,"[""L08-Z03-HH22-H"", ""L30-Z02-HH22-H"", ""L08-Z01-HH10-F"", ""L30-Z03-HH23-H"", ""L20-Z03-HH29-H"", ""L30-Z02-HH02-H"", ""L10-HH11-H"", ""L31-Z03-HH11-H""]","[""L08-Z03-HH22-H"", ""L30-Z02-HH22-H"", ""L08-Z01-HH10-F"", ""L30-Z03-HH23-H"", ""L20-Z03-HH29-H"", ""L30-Z02-HH02-H"", ""L10-HH11-H"", ""L31-Z03-HH11-H""]","{""L08-Z03-HH22-H"": 1, ""L30-Z02-HH22-H"": 1, ""L08-Z01-HH10-F"": 1, ""L30-Z03-HH23-H"": 1, ""L20-Z03-HH29-H"": 1, ""L30-Z02-HH02-H"": 1, ""L10-HH11-H"": 1, ""L31-Z03-HH11-H"": 1, ""L30-Z03-HH12-YM"": 1, ""L17-HH07-H"": 1}","{""-55"": ""Missing by panel wave drop-out""}","Respondent codes follow the structure: location number (Lxx) - sampling zone (Zyy) - household number (HHzz) - subsample identifier (H - household head; F - senior female; YF - youth female; YM - youth male; LB - left-behind member of migrated respondent). For instance: L05-Z02-HH13-F. Note 1: Respondents with identical household code (e.g., L05-Z02-HH13) but different subsample endings (-H, -F, -YF, -YM, -LB) are individuals who belong to the same household. Note 2: The location- and zone-identifier in the respondent code was assigned in wave 1 and kept constant afterwards, even if respondents moved. Note 3: For locations L10, L17, and L18, the zone indicator is missing as houses were sparsely distributed in these locations and we partly had to sample outside the regular 200-m-zone to reach the targeted number of households. Note 4: Locations belong to the following districts: Bogra (L19-L21); Gaibandha (L23); Jamalpur (L01, L22); Kurigram (L24-L36); Manikganj (L04-L06); Sirajganj (L07-L09); Tangail (L02-L03; L10-L18).",| |,baseline origin sampling-location / household code,anonymized Lxx sampling location; district derivable,origin,pseudonymized composite; fixed after moves
w6_M_q15,Respondent Current Location City,resp_crrnt_locat_city,w6_M,bemp_w6_M.csv,bemp_w6_M_codebook.csv,Household Composition and Migration,Respondent Current Location City,[filled by enumerator] What is the name of the city to which he/she went?,,Single Choice,integer-coded,221,221,60,72.85,9,"[""1"", ""7"", ""18"", ""9"", ""5"", ""2"", ""12"", ""8""]","[""Dhaka"", ""Gazipur"", ""Other:"", ""Narayanganj"", ""Mymensingh"", ""Tangail"", ""Manikganj"", ""Munshiganj""]","{""1"": 33, ""7"": 12, ""18"": 6, ""9"": 3, ""5"": 2, ""2"": 1, ""12"": 1, ""8"": 1, ""15"": 1}","{""1"": ""Dhaka"", ""2"": ""Tangail"", ""3"": ""Nagarpur"", ""4"": ""Jamalpur"", ""5"": ""Mymensingh"", ""6"": ""Chittagong"", ""7"": ""Gazipur"", ""8"": ""Munshiganj"", ""9"": ""Narayanganj"", ""10"": ""Bogura"", ""11"": ""Gaibandha"", ""12"": ""Manikganj"", ""13"": ""Noakhali"", ""14"": ""Rangpur"", ""15"": ""Bhola"", ""16"": ""Sirajganj"", ""18"": ""Other:"", ""-8"": ""DK"", ""-9"": ""RA"", ""-55"": ""Missing by panel wave drop-out""}",,"| If w6_M_q14 [Respondent Current Location Rural Urban] = ""City"" |",destination city category/name,city,destination,categorical/open-text city; no coordinates
w6_M_q15_txt,Respondent Current Location City,resp_crrnt_locat_city_txt,w6_M,bemp_w6_M.csv,bemp_w6_M_codebook.csv,Household Composition and Migration,Respondent Current Location City,[filled by enumerator] What is the name of the city to which he/she went?,,Open Text Box,string,221,221,6,97.29,6,"[""Alenga"", ""Bhuapur"", ""Vuapur"", ""Sylhet"", ""SAVAR"", ""Saver""]","[""Alenga"", ""Bhuapur"", ""Vuapur"", ""Sylhet"", ""SAVAR"", ""Saver""]","{""Alenga"": 1, ""Bhuapur"": 1, ""Vuapur"": 1, ""Sylhet"": 1, ""SAVAR"": 1, ""Saver"": 1}","{""-55"": ""Missing by panel wave drop-out""}",,"| If w6_M_q14 [Respondent Current Location Rural Urban] = ""City"" |",destination city category/name,city,destination,categorical/open-text city; no coordinates
w6_M_q14,Respondent Current Location Rural Urban,resp_crrnt_locat_rural_urban,w6_M,bemp_w6_M.csv,bemp_w6_M_codebook.csv,Household Composition and Migration,Respondent Current Location Rural Urban,[filled by enumerator] Did the respondent go to a city or to a village?,,Single Choice,integer-coded,221,221,187,15.38,2,"[""2"", ""1""]","[""Village"", ""City""]","{""2"": 127, ""1"": 60}","{""1"": ""City"", ""2"": ""Village"", ""-8"": ""DK"", ""-9"": ""RA"", ""-55"": ""Missing by panel wave drop-out""}",,| |,rural/urban settlement type,settlement type,destination,categorized
w6_M_q34,Respondent Current Location Stay Duration,resp_crrnt_locat_stay_durat,w6_M,bemp_w6_M.csv,bemp_w6_M_codebook.csv,Migrant History - Respondent - Part 1,Respondent Current Location Stay Duration,For how long have you been in {current location}?,,Single Choice,integer-coded,221,221,167,24.43,3,"[""3"", ""2"", ""1""]","[""Months (< 12 months) [specify number of months if they indicate a specific duration]:"", ""Weeks (< 1 month)"", ""Days (< 1 week)""]","{""3"": 130, ""2"": 30, ""1"": 7}","{""1"": ""Days (< 1 week)"", ""2"": ""Weeks (< 1 month)"", ""3"": ""Months (< 12 months) [specify number of months if they indicate a specific duration]:"", ""-8"": ""DK"", ""-9"": ""RA"", ""-55"": ""Missing by panel wave drop-out""}",,"| If w6_M_reg2 [Respondent Type] = ""Household head (code ending in -H)"" OR (w6_M_q19 [Respondent Current Migration Individual or Household] != ""I took the whole household along"") |",destination residence characteristic,house/residence category or duration,destination,categorized
w6_M_q34_txt,Respondent Current Location Stay Duration,resp_crrnt_locat_stay_durat_txt,w6_M,bemp_w6_M.csv,bemp_w6_M_codebook.csv,Migrant History - Respondent - Part 1,Respondent Current Location Stay Duration,For how long have you been in {current location}?,,Open Text Box,continuous numeric,221,221,120,45.7,16,"[""6"", ""7"", ""5"", ""3"", ""4"", ""2"", ""1"", ""12""]","[""6"", ""7"", ""5"", ""3"", ""4"", ""2"", ""1"", ""12""]","{""6"": 24, ""7"": 17, ""5"": 15, ""3"": 14, ""4"": 11, ""2"": 10, ""1"": 8, ""12"": 6, ""8"": 5, ""9"": 2}","{""-55"": ""Missing by panel wave drop-out""}",,"| If w6_M_reg2 [Respondent Type] = ""Household head (code ending in -H)"" OR (w6_M_q19 [Respondent Current Migration Individual or Household] != ""I took the whole household along"") |",destination residence characteristic,house/residence category or duration,destination,categorized
w6_M_q16x5,Respondent Current Location Village,resp_crrnt_locat_villg5,w6_M,bemp_w6_M.csv,bemp_w6_M_codebook.csv,Household Composition and Migration,Respondent Current Location Village,[filled by enumerator] What is the name of the village to which he/she went? [fill in whatever information the respondent can provide; be careful about spelling],District:,Multiple Choice,integer-coded,221,221,127,42.53,2,"[""1"", ""0""]","[""Selected"", ""Not Selected""]","{""1"": 111, ""0"": 16}","{""0"": ""Not Selected"", ""1"": ""Selected"", ""-55"": ""Missing by panel wave drop-out""}",Geographic identifiers below the district level were removed from the published dataset to protect participant confidentiality.,"| If w6_M_q14 [Respondent Current Location Rural Urban] = ""Village"" |",rural destination district,district,destination,village/upazila/union removed; district retained
w6_M_q16x5_txt,Respondent Current Location Village,resp_crrnt_locat_villg5_txt,w6_M,bemp_w6_M.csv,bemp_w6_M_codebook.csv,Household Composition and Migration,Respondent Current Location Village,[filled by enumerator] What is the name of the village to which he/she went? [fill in whatever information the respondent can provide; be careful about spelling],District:,Open Text Box,string,221,221,111,49.77,29,"[""Tangail"", ""Kurigram"", ""Jamalpur"", ""Gazipur"", ""Bogura"", ""bogura"", ""Sirajganj"", ""Sirajgonj""]","[""Tangail"", ""Kurigram"", ""Jamalpur"", ""Gazipur"", ""Bogura"", ""bogura"", ""Sirajganj"", ""Sirajgonj""]","{""Tangail"": 40, ""Kurigram"": 12, ""Jamalpur"": 8, ""Gazipur"": 7, ""Bogura"": 6, ""bogura"": 4, ""Sirajganj"": 3, ""Sirajgonj"": 3, ""Kirigami"": 3, ""Dinajpur"": 2}","{""-55"": ""Missing by panel wave drop-out""}",Geographic identifiers below the district level were removed from the published dataset to protect participant confidentiality.,"| If w6_M_q14 [Respondent Current Location Rural Urban] = ""Village"" |",rural destination district,district,destination,village/upazila/union removed; district retained
w6_M_q16x6,Respondent Current Location Village,resp_crrnt_locat_villg6,w6_M,bemp_w6_M.csv,bemp_w6_M_codebook.csv,Household Composition and Migration,Respondent Current Location Village,[filled by enumerator] What is the name of the village to which he/she went? [fill in whatever information the respondent can provide; be careful about spelling],Division:,Multiple Choice,integer-coded,221,221,127,42.53,2,"[""0"", ""1""]","[""Not Selected"", ""Selected""]","{""0"": 83, ""1"": 44}","{""0"": ""Not Selected"", ""1"": ""Selected"", ""-55"": ""Missing by panel wave drop-out""}",Geographic identifiers below the district level were removed from the published dataset to protect participant confidentiality.,"| If w6_M_q14 [Respondent Current Location Rural Urban] = ""Village"" |",rural destination division,division,destination,village/upazila/union removed; division retained
w6_M_q16x6_txt,Respondent Current Location Village,resp_crrnt_locat_villg6_txt,w6_M,bemp_w6_M.csv,bemp_w6_M_codebook.csv,Household Composition and Migration,Respondent Current Location Village,[filled by enumerator] What is the name of the village to which he/she went? [fill in whatever information the respondent can provide; be careful about spelling],Division:,Open Text Box,string,221,221,44,80.09,9,"[""Dhaka"", ""Rajshahi"", ""Rangpur"", ""rajshahi"", ""Mymensingh"", ""Pabna"", ""GAIBANDHA"", ""Kurigram""]","[""Dhaka"", ""Rajshahi"", ""Rangpur"", ""rajshahi"", ""Mymensingh"", ""Pabna"", ""GAIBANDHA"", ""Kurigram""]","{""Dhaka"": 18, ""Rajshahi"": 8, ""Rangpur"": 8, ""rajshahi"": 4, ""Mymensingh"": 2, ""Pabna"": 1, ""GAIBANDHA"": 1, ""Kurigram"": 1, ""Rongpur"": 1}","{""-55"": ""Missing by panel wave drop-out""}",Geographic identifiers below the district level were removed from the published dataset to protect participant confidentiality.,"| If w6_M_q14 [Respondent Current Location Rural Urban] = ""Village"" |",rural destination division,division,destination,village/upazila/union removed; division retained
w6_M_q16x88,Respondent Current Location Village,resp_crrnt_locat_villg88,w6_M,bemp_w6_M.csv,bemp_w6_M_codebook.csv,Household Composition and Migration,Respondent Current Location Village,[filled by enumerator] What is the name of the village to which he/she went? [fill in whatever information the respondent can provide; be careful about spelling],DK,Multiple Choice,integer-coded,221,221,127,42.53,2,"[""0"", ""1""]","[""Not Selected"", ""Selected""]","{""0"": 126, ""1"": 1}","{""0"": ""Not Selected"", ""1"": ""Selected"", ""-55"": ""Missing by panel wave drop-out""}",Geographic identifiers below the district level were removed from the published dataset to protect participant confidentiality.,"| If w6_M_q14 [Respondent Current Location Rural Urban] = ""Village"" |",rural destination response flag,relational/nonresponse flag,destination,village identity removed
w6_M_q16x99,Respondent Current Location Village,resp_crrnt_locat_villg99,w6_M,bemp_w6_M.csv,bemp_w6_M_codebook.csv,Household Composition and Migration,Respondent Current Location Village,[filled by enumerator] What is the name of the village to which he/she went? [fill in whatever information the respondent can provide; be careful about spelling],RA,Multiple Choice,integer-coded,221,221,127,42.53,1,"[""0""]","[""Not Selected""]","{""0"": 127}","{""0"": ""Not Selected"", ""1"": ""Selected"", ""-55"": ""Missing by panel wave drop-out""}",Geographic identifiers below the district level were removed from the published dataset to protect participant confidentiality.,"| If w6_M_q14 [Respondent Current Location Rural Urban] = ""Village"" |",rural destination response flag,relational/nonresponse flag,destination,village identity removed
w6_M_q28b,Total House Shift Distance,total_house_shift_dist,w6_M,bemp_w6_M.csv,bemp_w6_M_codebook.csv,Household Composition and Migration,Total House Shift Distance,How far have you shifted your house in total? [one of the distance measures is enough],,Single Choice,undetermined (no valid values),221,221,0,100.0,0,[],[],{},"{""1"": ""[minutes walking time]:"", ""2"": ""[meters]:"", ""3"": ""[kilometers]:"", ""4"": ""[miles]:"", ""5"": ""[hands]:"", ""6"": ""[feet]:"", ""7"": ""[roshi/rope]:"", ""8"": ""[gauges/yards]:"", ""9"": ""Other [enter value and unit]:"", ""-8"": ""DK"", ""-9"": ""RA"", ""-55"": ""Missing by panel wave drop-out""}",,| If w6_M_q27_txt [House Shift Frequency] > 1 |,reported distance/accessibility,distance/category per question,origin/destination context per file,distance only; endpoints not identified
w6_M_q28b_txt,Total House Shift Distance,total_house_shift_dist_txt,w6_M,bemp_w6_M.csv,bemp_w6_M_codebook.csv,Household Composition and Migration,Total House Shift Distance,How far have you shifted your house in total? [one of the distance measures is enough],,Open Text Box,undetermined (no valid values),221,221,0,100.0,0,[],[],{},"{""-55"": ""Missing by panel wave drop-out""}",,| If w6_M_q27_txt [House Shift Frequency] > 1 |,reported distance/accessibility,distance/category per question,origin/destination context per file,distance only; endpoints not identified
w7_q21,House Shift Distance,house_shift_dist,w7,bemp_w7.csv,bemp_w7_codebook.csv,Migration,House Shift Distance,How far have you shifted your house? [one of the distance measures is enough],,Single Choice,integer-coded,1851,1851,72,96.11,5,"[""1"", ""3"", ""5"", ""2"", ""4""]","[""[minutes walking time]:"", ""[kilometers]:"", ""[hands]:"", ""[meters]:"", ""[miles]:""]","{""1"": 53, ""3"": 8, ""5"": 5, ""2"": 4, ""4"": 2}","{""1"": ""[minutes walking time]:"", ""2"": ""[meters]:"", ""3"": ""[kilometers]:"", ""4"": ""[miles]:"", ""5"": ""[hands]:"", ""6"": ""[feet]:"", ""7"": ""[roshi/rope]:"", ""9"": ""Other [enter value and unit]:"", ""-8"": ""DK"", ""-9"": ""RA"", ""-55"": ""Missing by panel wave drop-out""}",,"| If w7_q20 [House Shift Frequency] = ""Yes [enter number of times]"" |",reported distance/accessibility,distance/category per question,origin/destination context per file,distance only; endpoints not identified
w7_q21_txt,House Shift Distance,house_shift_dist_txt,w7,bemp_w7.csv,bemp_w7_codebook.csv,Migration,House Shift Distance,How far have you shifted your house? [one of the distance measures is enough],,Open Text Box,continuous numeric,1851,1851,75,95.95,20,"[""2"", ""1"", ""5"", ""10"", ""15"", ""3"", ""20"", ""30""]","[""2"", ""1"", ""5"", ""10"", ""15"", ""3"", ""20"", ""30""]","{""2"": 11, ""1"": 10, ""5"": 9, ""10"": 9, ""15"": 7, ""3"": 5, ""20"": 4, ""30"": 4, ""500"": 3, ""0.5"": 3}","{""-55"": ""Missing by panel wave drop-out""}",,"| If w7_q20 [House Shift Frequency] = ""Yes [enter number of times]"" |",reported distance/accessibility,distance/category per question,origin/destination context per file,distance only; endpoints not identified
w7_q43,Migration Respondent House Shift Distance,migr_resp_house_shift_dist,w7,bemp_w7.csv,bemp_w7_codebook.csv,Migrant History - Respondent,Migration Respondent House Shift Distance,How far have you shifted your house? [one of the distance measures is enough],,Single Choice,undetermined (no valid values),1851,1851,0,100.0,0,[],[],{},"{""1"": ""[minutes walking time]:"", ""2"": ""[meters]:"", ""3"": ""[kilometers]:"", ""4"": ""[miles]:"", ""5"": ""[hands]:"", ""6"": ""[feet]:"", ""7"": ""[roshi/rope]:"", ""8"": ""Other [enter value and unit]:"", ""-8"": ""DK"", ""-9"": ""RA"", ""-55"": ""Missing by panel wave drop-out""}","If the respondent moved more more than once, then the questions in this block refer to the first of these moves.","If (w7_q1 [Respondent Current Location] = ""In another location"" AND w7_q6 [Respondent Current Location Same or Different Village] != ""{home village in wave 1}"" AND w7_q6 [Respondent Current Location Same or Different Village] != ""{previous migration destination}"") OR w7_q25 [Migration Participants] = ""Respondent"" | If w7_q42 [Migration Respondent House Shift] = ""Yes"" |",reported distance/accessibility,distance/category per question,origin/destination context per file,distance only; endpoints not identified
w7_q43_txt,Migration Respondent House Shift Distance,migr_resp_house_shift_dist_txt,w7,bemp_w7.csv,bemp_w7_codebook.csv,Migrant History - Respondent,Migration Respondent House Shift Distance,How far have you shifted your house? [one of the distance measures is enough],,Open Text Box,undetermined (no valid values),1851,1851,0,100.0,0,[],[],{},"{""-55"": ""Missing by panel wave drop-out""}","If the respondent moved more more than once, then the questions in this block refer to the first of these moves.","If (w7_q1 [Respondent Current Location] = ""In another location"" AND w7_q6 [Respondent Current Location Same or Different Village] != ""{home village in wave 1}"" AND w7_q6 [Respondent Current Location Same or Different Village] != ""{previous migration destination}"") OR w7_q25 [Migration Participants] = ""Respondent"" | If w7_q42 [Migration Respondent House Shift] = ""Yes"" |",reported distance/accessibility,distance/category per question,origin/destination context per file,distance only; endpoints not identified
w7_reg2,Respondent Code,resp_code,w7,bemp_w7.csv,bemp_w7_codebook.csv,Questionnaire Registration,Respondent Code,Respondent code,,Open Text Box,string,1851,1851,1851,0.0,1851,"[""L01-Z01-HH02-H"", ""L29-Z01-HH03-H"", ""L23-Z02-HH22-H"", ""L09-Z03-HH15-H"", ""L14-Z01-HH07-H"", ""L28-Z03-HH15-H"", ""L32-Z03-HH30-H"", ""L34-Z03-HH09-YM""]","[""L01-Z01-HH02-H"", ""L29-Z01-HH03-H"", ""L23-Z02-HH22-H"", ""L09-Z03-HH15-H"", ""L14-Z01-HH07-H"", ""L28-Z03-HH15-H"", ""L32-Z03-HH30-H"", ""L34-Z03-HH09-YM""]","{""L01-Z01-HH02-H"": 1, ""L29-Z01-HH03-H"": 1, ""L23-Z02-HH22-H"": 1, ""L09-Z03-HH15-H"": 1, ""L14-Z01-HH07-H"": 1, ""L28-Z03-HH15-H"": 1, ""L32-Z03-HH30-H"": 1, ""L34-Z03-HH09-YM"": 1, ""L19-Z03-HH11-H"": 1, ""L15-Z03-HH01-H"": 1}","{""-55"": ""Missing by panel wave drop-out""}","Respondent codes follow the structure: location number (Lxx) - sampling zone (Zyy) - household number (HHzz) - subsample identifier (H - household head; F - senior female; YF - youth female; YM - youth male; LB - left-behind member of migrated respondent). For instance: L05-Z02-HH13-F. Note 1: Respondents with identical household code (e.g., L05-Z02-HH13) but different subsample endings (-H, -F, -YF, -YM, -LB) are individuals who belong to the same household. Note 2: The location- and zone-identifier in the respondent code was assigned in wave 1 and kept constant afterwards, even if respondents moved. Note 3: For locations L10, L17, and L18, the zone indicator is missing as houses were sparsely distributed in these locations and we partly had to sample outside the regular 200-m-zone to reach the targeted number of households. Note 4: Locations belong to the following districts: Bogra (L19-L21); Gaibandha (L23); Jamalpur (L01, L22); Kurigram (L24-L36); Manikganj (L04-L06); Sirajganj (L07-L09); Tangail (L02-L03; L10-L18).",| |,baseline origin sampling-location / household code,anonymized Lxx sampling location; district derivable,origin,pseudonymized composite; fixed after moves
w7_q1,Respondent Current Location,resp_crrnt_locat,w7,bemp_w7.csv,bemp_w7_codebook.csv,Migration,Respondent Current Location,In which location do you currently live?,,Single Choice,integer-coded,1851,1851,1578,14.75,3,"[""1"", ""2"", ""3""]","[""In {home village in wave 1}"", ""In {previous migration destination}"", ""In another location""]","{""1"": 1437, ""2"": 72, ""3"": 69}","{""1"": ""In {home village in wave 1}"", ""2"": ""In {previous migration destination}"", ""3"": ""In another location"", ""-55"": ""Missing by panel wave drop-out""}",,| |,home-versus-away location status,relational,current location,categorized
w7_q5,Respondent Current Location City,resp_crrnt_locat_city,w7,bemp_w7.csv,bemp_w7_codebook.csv,Migration,Respondent Current Location City,What is the name of the city to which you went?,,Single Choice,integer-coded,1851,1851,33,98.22,9,"[""1"", ""2"", ""18"", ""16"", ""7"", ""10"", ""4"", ""14""]","[""Dhaka"", ""Tangail"", ""Other:"", ""Sirajganj"", ""Gazipur"", ""Bogura"", ""Jamalpur"", ""Rangpur""]","{""1"": 20, ""2"": 3, ""18"": 3, ""16"": 2, ""7"": 1, ""10"": 1, ""4"": 1, ""14"": 1, ""13"": 1}","{""1"": ""Dhaka"", ""2"": ""Tangail"", ""3"": ""Nagarpur"", ""4"": ""Jamalpur"", ""5"": ""Mymensingh"", ""6"": ""Chittagong"", ""7"": ""Gazipur"", ""8"": ""Munshiganj"", ""9"": ""Narayanganj"", ""10"": ""Bogura"", ""11"": ""Gaibandha"", ""12"": ""Manikganj"", ""13"": ""Noakhali"", ""14"": ""Rangpur"", ""15"": ""Bhola"", ""16"": ""Sirajganj"", ""18"": ""Other:"", ""-8"": ""DK"", ""-9"": ""RA"", ""-55"": ""Missing by panel wave drop-out""}",,"| If w7_q4 [Respondent Current Location Rural Urban] = ""City"" |",destination city category/name,city,destination,categorical/open-text city; no coordinates
w7_q5_txt,Respondent Current Location City,resp_crrnt_locat_city_txt,w7,bemp_w7.csv,bemp_w7_codebook.csv,Migration,Respondent Current Location City,What is the name of the city to which you went?,,Open Text Box,string,1851,1851,3,99.84,3,"[""Bandarban"", ""Barguna"", ""নরসিংদী""]","[""Bandarban"", ""Barguna"", ""নরসিংদী""]","{""Bandarban"": 1, ""Barguna"": 1, ""নরসিংদী"": 1}","{""-55"": ""Missing by panel wave drop-out""}",,"| If w7_q4 [Respondent Current Location Rural Urban] = ""City"" |",destination city category/name,city,destination,categorical/open-text city; no coordinates
w7_q3,Respondent Current Location Country,resp_crrnt_locat_cntr,w7,bemp_w7.csv,bemp_w7_codebook.csv,Migration,Respondent Current Location Country,To which country did you go?,,Single Choice,undetermined (no valid values),1851,1851,0,100.0,0,[],[],{},"{""1"": ""Qatar"", ""2"": ""Malaysia"", ""3"": ""Saudi-Arabia"", ""4"": ""UAE"", ""5"": ""Dubai"", ""6"": ""India"", ""7"": ""Singapur"", ""8"": ""Libya"", ""9"": ""Other:"", ""-8"": ""DK"", ""-9"": ""RA"", ""-55"": ""Missing by panel wave drop-out""}",,"| If w7_q2 [Respondent Current Location Domestic Abroad] = ""Abroad"" |",domestic/international destination,country/internal status,destination,categorized
w7_q3_txt,Respondent Current Location Country,resp_crrnt_locat_cntr_txt,w7,bemp_w7.csv,bemp_w7_codebook.csv,Migration,Respondent Current Location Country,To which country did you go?,,Open Text Box,undetermined (no valid values),1851,1851,0,100.0,0,[],[],{},"{""-55"": ""Missing by panel wave drop-out""}",,"| If w7_q2 [Respondent Current Location Domestic Abroad] = ""Abroad"" |",domestic/international destination,country/internal status,destination,categorized
w7_q2,Respondent Current Location Domestic Abroad,resp_crrnt_locat_dmstc_abrod,w7,bemp_w7.csv,bemp_w7_codebook.csv,Migration,Respondent Current Location Domestic Abroad,Did you go to a location inside Bangladesh or abroad?,,Single Choice,integer-coded,1851,1851,69,96.27,1,"[""1""]","[""In Bangladesh""]","{""1"": 69}","{""1"": ""In Bangladesh"", ""2"": ""Abroad"", ""-8"": ""DK"", ""-9"": ""RA"", ""-55"": ""Missing by panel wave drop-out""}",,"| If w7_q1 [Respondent Current Location] = ""In another location"" |",domestic/international destination,country/internal status,destination,categorized
w7_q4,Respondent Current Location Rural Urban,resp_crrnt_locat_rural_urban,w7,bemp_w7.csv,bemp_w7_codebook.csv,Migration,Respondent Current Location Rural Urban,Did you move to a city or to a village?,,Single Choice,integer-coded,1851,1851,69,96.27,2,"[""2"", ""1""]","[""Village"", ""City""]","{""2"": 36, ""1"": 33}","{""1"": ""City"", ""2"": ""Village"", ""-8"": ""DK"", ""-9"": ""RA"", ""-55"": ""Missing by panel wave drop-out""}",,"| If w7_q2 [Respondent Current Location Domestic Abroad] = ""In Bangladesh"" |",rural/urban settlement type,settlement type,destination,categorized
w7_q6,Respondent Current Location Same or Different Village,resp_crrnt_locat_same_or_diff_villg,w7,bemp_w7.csv,bemp_w7_codebook.csv,Migration,Respondent Current Location Same or Different Village,Is the name of the village to which you moved {home village in wave 1} / {previous migration destination} or is it a different village?,,Single Choice,integer-coded,1851,1851,36,98.06,1,"[""3""]","[""Another village""]","{""3"": 36}","{""1"": ""{home village in wave 1}"", ""2"": ""{previous migration destination}"", ""3"": ""Another village"", ""-8"": ""DK"", ""-9"": ""RA"", ""-55"": ""Missing by panel wave drop-out""}",,"| If w7_q4 [Respondent Current Location Rural Urban] = ""Village"" |",same-versus-another-village relation,relational,destination,categorized; no destination identifier
w7_q7x5,Respondent Current Location Village,resp_crrnt_locat_villg5,w7,bemp_w7.csv,bemp_w7_codebook.csv,Migration,Respondent Current Location Village,What is the name of the village to which you went? [fill in whatever information the respondent can provide; be careful about spelling],District:,Multiple Choice,integer-coded,1851,1851,36,98.06,2,"[""1"", ""0""]","[""Selected"", ""Not Selected""]","{""1"": 24, ""0"": 12}","{""0"": ""Not Selected"", ""1"": ""Selected"", ""-55"": ""Missing by panel wave drop-out""}",Geographic identifiers below the district level were removed from the published dataset to protect participant confidentiality.,"| If w7_q6 [Respondent Current Location Same or Different Village] = ""Another village"" |",rural destination district,district,destination,village/upazila/union removed; district retained
w7_q7x5_txt,Respondent Current Location Village,resp_crrnt_locat_villg5_txt,w7,bemp_w7.csv,bemp_w7_codebook.csv,Migration,Respondent Current Location Village,What is the name of the village to which you went? [fill in whatever information the respondent can provide; be careful about spelling],District:,Open Text Box,string,1851,1851,24,98.7,13,"[""Tangail"", ""Sirajganj"", ""Kurigram"", ""shirajganj"", ""Rajbari"", ""Gazipur"", ""kurigram"", ""Bagura""]","[""Tangail"", ""Sirajganj"", ""Kurigram"", ""shirajganj"", ""Rajbari"", ""Gazipur"", ""kurigram"", ""Bagura""]","{""Tangail"": 6, ""Sirajganj"": 4, ""Kurigram"": 4, ""shirajganj"": 1, ""Rajbari"": 1, ""Gazipur"": 1, ""kurigram"": 1, ""Bagura"": 1, ""Pabna"": 1, ""Panchagor"": 1}","{""-55"": ""Missing by panel wave drop-out""}",Geographic identifiers below the district level were removed from the published dataset to protect participant confidentiality.,"| If w7_q6 [Respondent Current Location Same or Different Village] = ""Another village"" |",rural destination district,district,destination,village/upazila/union removed; district retained
w7_q7x6,Respondent Current Location Village,resp_crrnt_locat_villg6,w7,bemp_w7.csv,bemp_w7_codebook.csv,Migration,Respondent Current Location Village,What is the name of the village to which you went? [fill in whatever information the respondent can provide; be careful about spelling],Division:,Multiple Choice,integer-coded,1851,1851,36,98.06,2,"[""0"", ""1""]","[""Not Selected"", ""Selected""]","{""0"": 32, ""1"": 4}","{""0"": ""Not Selected"", ""1"": ""Selected"", ""-55"": ""Missing by panel wave drop-out""}",Geographic identifiers below the district level were removed from the published dataset to protect participant confidentiality.,"| If w7_q6 [Respondent Current Location Same or Different Village] = ""Another village"" |",rural destination division,division,destination,village/upazila/union removed; division retained
w7_q7x6_txt,Respondent Current Location Village,resp_crrnt_locat_villg6_txt,w7,bemp_w7.csv,bemp_w7_codebook.csv,Migration,Respondent Current Location Village,What is the name of the village to which you went? [fill in whatever information the respondent can provide; be careful about spelling],Division:,Open Text Box,string,1851,1851,4,99.78,3,"[""rajshahi"", ""sirajgang"", ""Dhaka""]","[""rajshahi"", ""sirajgang"", ""Dhaka""]","{""rajshahi"": 2, ""sirajgang"": 1, ""Dhaka"": 1}","{""-55"": ""Missing by panel wave drop-out""}",Geographic identifiers below the district level were removed from the published dataset to protect participant confidentiality.,"| If w7_q6 [Respondent Current Location Same or Different Village] = ""Another village"" |",rural destination division,division,destination,village/upazila/union removed; division retained
w7_q7x88,Respondent Current Location Village,resp_crrnt_locat_villg88,w7,bemp_w7.csv,bemp_w7_codebook.csv,Migration,Respondent Current Location Village,What is the name of the village to which you went? [fill in whatever information the respondent can provide; be careful about spelling],DK,Multiple Choice,integer-coded,1851,1851,36,98.06,1,"[""0""]","[""Not Selected""]","{""0"": 36}","{""0"": ""Not Selected"", ""1"": ""Selected"", ""-55"": ""Missing by panel wave drop-out""}",Geographic identifiers below the district level were removed from the published dataset to protect participant confidentiality.,"| If w7_q6 [Respondent Current Location Same or Different Village] = ""Another village"" |",rural destination response flag,relational/nonresponse flag,destination,village identity removed
w7_q7x99,Respondent Current Location Village,resp_crrnt_locat_villg99,w7,bemp_w7.csv,bemp_w7_codebook.csv,Migration,Respondent Current Location Village,What is the name of the village to which you went? [fill in whatever information the respondent can provide; be careful about spelling],RA,Multiple Choice,integer-coded,1851,1851,36,98.06,1,"[""0""]","[""Not Selected""]","{""0"": 36}","{""0"": ""Not Selected"", ""1"": ""Selected"", ""-55"": ""Missing by panel wave drop-out""}",Geographic identifiers below the district level were removed from the published dataset to protect participant confidentiality.,"| If w7_q6 [Respondent Current Location Same or Different Village] = ""Another village"" |",rural destination response flag,relational/nonresponse flag,destination,village identity removed
w7_q143,Riverbank (Home Village) Current Distance,rivbk_home_villg_crrnt_dist,w7,bemp_w7.csv,bemp_w7_codebook.csv,Erosion 2022 - Perception (W1 Village),Riverbank (Home Village) Current Distance,How far away from your house is the river right now? [one of the distance measures is enough],,Single Choice,integer-coded,1851,1851,692,62.61,10,"[""2"", ""1"", ""4"", ""6"", ""3"", ""8"", ""7"", ""9""]","[""[minutes walking time]:"", ""River is right next to the house"", ""[kilometers]:"", ""[hands]:"", ""[meters]:"", ""[roshi/rope]:"", ""[feet]:"", ""[gauges/yards]:""]","{""2"": 334, ""1"": 207, ""4"": 31, ""6"": 28, ""3"": 26, ""8"": 26, ""7"": 17, ""9"": 17, ""5"": 5, ""10"": 1}","{""1"": ""River is right next to the house"", ""2"": ""[minutes walking time]:"", ""3"": ""[meters]:"", ""4"": ""[kilometers]:"", ""5"": ""[miles]:"", ""6"": ""[hands]:"", ""7"": ""[feet]:"", ""8"": ""[roshi/rope]:"", ""9"": ""[gauges/yards]:"", ""10"": ""Other [enter value and unit]:"", ""-8"": ""DK"", ""-9"": ""RA"", ""-55"": ""Missing by panel wave drop-out""}",,"| If (w7_q141 [Erosion (Home Village) Occurrence] = ""Yes"" AND w7_q1 [Respondent Current Location] = ""In {home village in wave 1}"") |",hazard proximity,meters or reported distance category,origin/current residence context,derived/reported distance; no house coordinates
w7_q143_txt,Riverbank (Home Village) Current Distance,rivbk_home_villg_crrnt_dist_txt,w7,bemp_w7.csv,bemp_w7_codebook.csv,Erosion 2022 - Perception (W1 Village),Riverbank (Home Village) Current Distance,How far away from your house is the river right now? [one of the distance measures is enough],,Open Text Box,string,1851,1851,486,73.74,42,"[""2"", ""1"", ""3"", ""5"", ""10"", ""4"", ""15"", ""100""]","[""2"", ""1"", ""3"", ""5"", ""10"", ""4"", ""15"", ""100""]","{""2"": 98, ""1"": 90, ""3"": 58, ""5"": 44, ""10"": 26, ""4"": 20, ""15"": 13, ""100"": 11, ""0.5"": 11, ""200"": 10}","{""-55"": ""Missing by panel wave drop-out""}",,"| If (w7_q141 [Erosion (Home Village) Occurrence] = ""Yes"" AND w7_q1 [Respondent Current Location] = ""In {home village in wave 1}"") |",hazard proximity,meters or reported distance category,origin/current residence context,derived/reported distance; no house coordinates
w8_q19,House Shift Distance,house_shift_dist,w8,bemp_w8.csv,bemp_w8_codebook.csv,Migration,House Shift Distance,How far have you shifted your house? [one of the distance measures is enough],,Single Choice,integer-coded,1852,1852,31,98.33,5,"[""1"", ""3"", ""5"", ""4"", ""2""]","[""[minutes walking time]:"", ""[kilometers]:"", ""[hands]:"", ""[miles]:"", ""[meters]:""]","{""1"": 20, ""3"": 5, ""5"": 2, ""4"": 2, ""2"": 2}","{""1"": ""[minutes walking time]:"", ""2"": ""[meters]:"", ""3"": ""[kilometers]:"", ""4"": ""[miles]:"", ""5"": ""[hands]:"", ""6"": ""[feet]:"", ""7"": ""[roshi/rope]:"", ""9"": ""Other [enter value and unit]:"", ""-8"": ""DK"", ""-9"": ""RA"", ""-55"": ""Missing by panel wave drop-out""}",,"| If w8_q18 [House Shift Frequency] = ""Yes [enter number of times]"" |",reported distance/accessibility,distance/category per question,origin/destination context per file,distance only; endpoints not identified
w8_q19_txt,House Shift Distance,house_shift_dist_txt,w8,bemp_w8.csv,bemp_w8_codebook.csv,Migration,House Shift Distance,How far have you shifted your house? [one of the distance measures is enough],,Open Text Box,continuous numeric,1852,1852,44,97.62,14,"[""10"", ""5"", ""1"", ""300"", ""30"", ""2"", ""0.5"", ""3""]","[""10"", ""5"", ""1"", ""300"", ""30"", ""2"", ""0.5"", ""3""]","{""10"": 11, ""5"": 8, ""1"": 6, ""300"": 3, ""30"": 3, ""2"": 3, ""0.5"": 2, ""3"": 2, ""80"": 1, ""4"": 1}","{""-55"": ""Missing by panel wave drop-out""}",,"| If w8_q18 [House Shift Frequency] = ""Yes [enter number of times]"" |",reported distance/accessibility,distance/category per question,origin/destination context per file,distance only; endpoints not identified
w8_q41,Migration Respondent House Shift Distance,migr_resp_house_shift_dist,w8,bemp_w8.csv,bemp_w8_codebook.csv,Migrant History - Respondent,Migration Respondent House Shift Distance,How far have you shifted your house? [one of the distance measures is enough],,Single Choice,undetermined (no valid values),1852,1852,0,100.0,0,[],[],{},"{""1"": ""[minutes walking time]:"", ""2"": ""[meters]:"", ""3"": ""[kilometers]:"", ""4"": ""[miles]:"", ""5"": ""[hands]:"", ""6"": ""[feet]:"", ""7"": ""[roshi/rope]:"", ""8"": ""Other [enter value and unit]:"", ""-8"": ""DK"", ""-9"": ""RA"", ""-55"": ""Missing by panel wave drop-out""}","If the respondent moved more more than once, then the questions in this block refer to the first of these moves.","If (w8_q1 [Respondent Current Location] = ""In another location"" AND w8_q6 [Respondent Current Location Same or Different Village] != ""{home village in wave 1}"" AND w8_q6 [Respondent Current Location Same or Different Village] != ""{previous migration destination}"") OR w8_q23 [Migration Participants] = ""Respondent"" | If w8_q40 [Migration Respondent House Shift] = ""Yes"" |",reported distance/accessibility,distance/category per question,origin/destination context per file,distance only; endpoints not identified
w8_q41_txt,Migration Respondent House Shift Distance,migr_resp_house_shift_dist_txt,w8,bemp_w8.csv,bemp_w8_codebook.csv,Migrant History - Respondent,Migration Respondent House Shift Distance,How far have you shifted your house? [one of the distance measures is enough],,Open Text Box,undetermined (no valid values),1852,1852,0,100.0,0,[],[],{},"{""-55"": ""Missing by panel wave drop-out""}","If the respondent moved more more than once, then the questions in this block refer to the first of these moves.","If (w8_q1 [Respondent Current Location] = ""In another location"" AND w8_q6 [Respondent Current Location Same or Different Village] != ""{home village in wave 1}"" AND w8_q6 [Respondent Current Location Same or Different Village] != ""{previous migration destination}"") OR w8_q23 [Migration Participants] = ""Respondent"" | If w8_q40 [Migration Respondent House Shift] = ""Yes"" |",reported distance/accessibility,distance/category per question,origin/destination context per file,distance only; endpoints not identified
w8_reg2,Respondent Code,resp_code,w8,bemp_w8.csv,bemp_w8_codebook.csv,Questionnaire Registration,Respondent Code,Respondent code,,Open Text Box,string,1852,1852,1852,0.0,1851,"[""L09-Z03-HH10-H"", ""L04-Z02-HH15-H"", ""L23-Z01-HH20-YM"", ""L23-Z01-HH08-H"", ""L23-Z01-HH08-YM"", ""L32-Z03-HH58-YF"", ""L14-Z03-HH04-H"", ""L08-Z02-HH22-H""]","[""L09-Z03-HH10-H"", ""L04-Z02-HH15-H"", ""L23-Z01-HH20-YM"", ""L23-Z01-HH08-H"", ""L23-Z01-HH08-YM"", ""L32-Z03-HH58-YF"", ""L14-Z03-HH04-H"", ""L08-Z02-HH22-H""]","{""L09-Z03-HH10-H"": 2, ""L04-Z02-HH15-H"": 1, ""L23-Z01-HH20-YM"": 1, ""L23-Z01-HH08-H"": 1, ""L23-Z01-HH08-YM"": 1, ""L32-Z03-HH58-YF"": 1, ""L14-Z03-HH04-H"": 1, ""L08-Z02-HH22-H"": 1, ""L09-Z03-HH18-H"": 1, ""L10-HH07-YM"": 1}","{""-55"": ""Missing by panel wave drop-out""}","Respondent codes follow the structure: location number (Lxx) - sampling zone (Zyy) - household number (HHzz) - subsample identifier (H - household head; F - senior female; YF - youth female; YM - youth male; LB - left-behind member of migrated respondent). For instance: L05-Z02-HH13-F. Note 1: Respondents with identical household code (e.g., L05-Z02-HH13) but different subsample endings (-H, -F, -YF, -YM, -LB) are individuals who belong to the same household. Note 2: The location- and zone-identifier in the respondent code was assigned in wave 1 and kept constant afterwards, even if respondents moved. Note 3: For locations L10, L17, and L18, the zone indicator is missing as houses were sparsely distributed in these locations and we partly had to sample outside the regular 200-m-zone to reach the targeted number of households. Note 4: Locations belong to the following districts: Bogra (L19-L21); Gaibandha (L23); Jamalpur (L01, L22); Kurigram (L24-L36); Manikganj (L04-L06); Sirajganj (L07-L09); Tangail (L02-L03; L10-L18).",| |,baseline origin sampling-location / household code,anonymized Lxx sampling location; district derivable,origin,pseudonymized composite; fixed after moves
w8_q1,Respondent Current Location,resp_crrnt_locat,w8,bemp_w8.csv,bemp_w8_codebook.csv,Migration,Respondent Current Location,In which location do you currently live?,,Single Choice,integer-coded,1852,1852,1515,18.2,3,"[""1"", ""2"", ""3""]","[""In {home village in wave 1}"", ""In {previous migration destination}"", ""In another location""]","{""1"": 1355, ""2"": 97, ""3"": 63}","{""1"": ""In {home village in wave 1}"", ""2"": ""In {previous migration destination}"", ""3"": ""In another location"", ""-55"": ""Missing by panel wave drop-out""}",,| |,home-versus-away location status,relational,current location,categorized
w8_q5,Respondent Current Location City,resp_crrnt_locat_city,w8,bemp_w8.csv,bemp_w8_codebook.csv,Migration,Respondent Current Location City,What is the name of the city to which you went?,,Single Choice,integer-coded,1852,1852,25,98.65,8,"[""1"", ""10"", ""7"", ""17"", ""18"", ""2"", ""14"", ""12""]","[""Dhaka"", ""Bogura"", ""Gazipur"", ""Sylhet"", ""Other:"", ""Tangail"", ""Rangpur"", ""Manikganj""]","{""1"": 16, ""10"": 2, ""7"": 2, ""17"": 1, ""18"": 1, ""2"": 1, ""14"": 1, ""12"": 1}","{""1"": ""Dhaka"", ""2"": ""Tangail"", ""3"": ""Nagarpur"", ""4"": ""Jamalpur"", ""5"": ""Mymensingh"", ""6"": ""Chittagong"", ""7"": ""Gazipur"", ""8"": ""Munshiganj"", ""9"": ""Narayanganj"", ""10"": ""Bogura"", ""11"": ""Gaibandha"", ""12"": ""Manikganj"", ""13"": ""Noakhali"", ""14"": ""Rangpur"", ""15"": ""Bhola"", ""16"": ""Sirajganj"", ""17"": ""Sylhet"", ""18"": ""Other:"", ""-8"": ""DK"", ""-9"": ""RA"", ""-55"": ""Missing by panel wave drop-out""}",,"| If w8_q4 [Respondent Current Location Rural Urban] = ""City"" |",destination city category/name,city,destination,categorical/open-text city; no coordinates
w8_q5_txt,Respondent Current Location City,resp_crrnt_locat_city_txt,w8,bemp_w8.csv,bemp_w8_codebook.csv,Migration,Respondent Current Location City,What is the name of the city to which you went?,,Open Text Box,string,1852,1852,1,99.95,1,"[""Nilphamari""]","[""Nilphamari""]","{""Nilphamari"": 1}","{""-55"": ""Missing by panel wave drop-out""}",,"| If w8_q4 [Respondent Current Location Rural Urban] = ""City"" |",destination city category/name,city,destination,categorical/open-text city; no coordinates
w8_q3,Respondent Current Location Country,resp_crrnt_locat_cntr,w8,bemp_w8.csv,bemp_w8_codebook.csv,Migration,Respondent Current Location Country,To which country did you go?,,Single Choice,undetermined (no valid values),1852,1852,0,100.0,0,[],[],{},"{""1"": ""Qatar"", ""2"": ""Malaysia"", ""3"": ""Saudi-Arabia"", ""4"": ""UAE"", ""5"": ""Dubai"", ""6"": ""India"", ""7"": ""Singapur"", ""8"": ""Libya"", ""9"": ""Other:"", ""-8"": ""DK"", ""-9"": ""RA"", ""-55"": ""Missing by panel wave drop-out""}",,"| If w8_q2 [Respondent Current Location Domestic Abroad] = ""Abroad"" |",domestic/international destination,country/internal status,destination,categorized
w8_q3_txt,Respondent Current Location Country,resp_crrnt_locat_cntr_txt,w8,bemp_w8.csv,bemp_w8_codebook.csv,Migration,Respondent Current Location Country,To which country did you go?,,Open Text Box,undetermined (no valid values),1852,1852,0,100.0,0,[],[],{},"{""-55"": ""Missing by panel wave drop-out""}",,"| If w8_q2 [Respondent Current Location Domestic Abroad] = ""Abroad"" |",domestic/international destination,country/internal status,destination,categorized
w8_q2,Respondent Current Location Domestic Abroad,resp_crrnt_locat_dmstc_abrod,w8,bemp_w8.csv,bemp_w8_codebook.csv,Migration,Respondent Current Location Domestic Abroad,Did you go to a location inside Bangladesh or abroad?,,Single Choice,integer-coded,1852,1852,63,96.6,1,"[""1""]","[""In Bangladesh""]","{""1"": 63}","{""1"": ""In Bangladesh"", ""2"": ""Abroad"", ""-8"": ""DK"", ""-9"": ""RA"", ""-55"": ""Missing by panel wave drop-out""}",,"| If w8_q1 [Respondent Current Location] = ""In another location"" |",domestic/international destination,country/internal status,destination,categorized
w8_q4,Respondent Current Location Rural Urban,resp_crrnt_locat_rural_urban,w8,bemp_w8.csv,bemp_w8_codebook.csv,Migration,Respondent Current Location Rural Urban,Did you move to a city or to a village?,,Single Choice,integer-coded,1852,1852,63,96.6,2,"[""2"", ""1""]","[""Village"", ""City""]","{""2"": 38, ""1"": 25}","{""1"": ""City"", ""2"": ""Village"", ""-8"": ""DK"", ""-9"": ""RA"", ""-55"": ""Missing by panel wave drop-out""}",,"| If w8_q2 [Respondent Current Location Domestic Abroad] = ""In Bangladesh"" |",rural/urban settlement type,settlement type,destination,categorized
w8_q6,Respondent Current Location Same or Different Village,resp_crrnt_locat_same_or_diff_villg,w8,bemp_w8.csv,bemp_w8_codebook.csv,Migration,Respondent Current Location Same or Different Village,Is the name of the village to which you moved {home village in wave 1} / {previous migration destination} or is it a different village?,,Single Choice,integer-coded,1852,1852,38,97.95,1,"[""3""]","[""Another village""]","{""3"": 38}","{""1"": ""{home village in wave 1}"", ""2"": ""{previous migration destination}"", ""3"": ""Another village"", ""-8"": ""DK"", ""-9"": ""RA"", ""-55"": ""Missing by panel wave drop-out""}",,"| If w8_q4 [Respondent Current Location Rural Urban] = ""Village"" |",same-versus-another-village relation,relational,destination,categorized; no destination identifier
w8_q8x5,Respondent Current Location Village,resp_crrnt_locat_villg5,w8,bemp_w8.csv,bemp_w8_codebook.csv,Migration,Respondent Current Location Village,What is the name of the village to which you went? [fill in whatever information the respondent can provide; be careful about spelling],District:,Multiple Choice,integer-coded,1852,1852,38,97.95,2,"[""1"", ""0""]","[""Selected"", ""Not Selected""]","{""1"": 28, ""0"": 10}","{""0"": ""Not Selected"", ""1"": ""Selected"", ""-55"": ""Missing by panel wave drop-out""}",Geographic identifiers below the district level were removed from the published dataset to protect participant confidentiality.,"| If w8_q6 [Respondent Current Location Same or Different Village] = ""Another village"" |",rural destination district,district,destination,village/upazila/union removed; district retained
w8_q8x5_txt,Respondent Current Location Village,resp_crrnt_locat_villg5_txt,w8,bemp_w8.csv,bemp_w8_codebook.csv,Migration,Respondent Current Location Village,What is the name of the village to which you went? [fill in whatever information the respondent can provide; be careful about spelling],District:,Open Text Box,string,1852,1852,28,98.49,14,"[""Tangail"", ""tangail"", ""Sirajganj"", ""Manikgonj"", ""Bagura"", ""Bogura"", ""Sirajgonj"", ""Munshigonj""]","[""Tangail"", ""tangail"", ""Sirajganj"", ""Manikgonj"", ""Bagura"", ""Bogura"", ""Sirajgonj"", ""Munshigonj""]","{""Tangail"": 8, ""tangail"": 4, ""Sirajganj"": 2, ""Manikgonj"": 2, ""Bagura"": 2, ""Bogura"": 2, ""Sirajgonj"": 1, ""Munshigonj"": 1, ""BOGURA"": 1, ""jmamlapur"": 1}","{""-55"": ""Missing by panel wave drop-out""}",Geographic identifiers below the district level were removed from the published dataset to protect participant confidentiality.,"| If w8_q6 [Respondent Current Location Same or Different Village] = ""Another village"" |",rural destination district,district,destination,village/upazila/union removed; district retained
w8_q8x6,Respondent Current Location Village,resp_crrnt_locat_villg6,w8,bemp_w8.csv,bemp_w8_codebook.csv,Migration,Respondent Current Location Village,What is the name of the village to which you went? [fill in whatever information the respondent can provide; be careful about spelling],Division:,Multiple Choice,integer-coded,1852,1852,38,97.95,2,"[""0"", ""1""]","[""Not Selected"", ""Selected""]","{""0"": 27, ""1"": 11}","{""0"": ""Not Selected"", ""1"": ""Selected"", ""-55"": ""Missing by panel wave drop-out""}",Geographic identifiers below the district level were removed from the published dataset to protect participant confidentiality.,"| If w8_q6 [Respondent Current Location Same or Different Village] = ""Another village"" |",rural destination division,division,destination,village/upazila/union removed; division retained
w8_q8x6_txt,Respondent Current Location Village,resp_crrnt_locat_villg6_txt,w8,bemp_w8.csv,bemp_w8_codebook.csv,Migration,Respondent Current Location Village,What is the name of the village to which you went? [fill in whatever information the respondent can provide; be careful about spelling],Division:,Open Text Box,string,1852,1852,10,99.46,8,"[""Dhaka"", ""0"", ""Rajshahi"", ""mymensing"", ""dhaka"", ""Rangpur"", ""chittagong"", ""Rajsahi""]","[""Dhaka"", ""0"", ""Rajshahi"", ""mymensing"", ""dhaka"", ""Rangpur"", ""chittagong"", ""Rajsahi""]","{""Dhaka"": 3, ""0"": 1, ""Rajshahi"": 1, ""mymensing"": 1, ""dhaka"": 1, ""Rangpur"": 1, ""chittagong"": 1, ""Rajsahi"": 1}","{""-55"": ""Missing by panel wave drop-out""}",Geographic identifiers below the district level were removed from the published dataset to protect participant confidentiality.,"| If w8_q6 [Respondent Current Location Same or Different Village] = ""Another village"" |",rural destination division,division,destination,village/upazila/union removed; division retained
w8_q8x88,Respondent Current Location Village,resp_crrnt_locat_villg88,w8,bemp_w8.csv,bemp_w8_codebook.csv,Migration,Respondent Current Location Village,What is the name of the village to which you went? [fill in whatever information the respondent can provide; be careful about spelling],DK,Multiple Choice,integer-coded,1852,1852,38,97.95,1,"[""0""]","[""Not Selected""]","{""0"": 38}","{""0"": ""Not Selected"", ""1"": ""Selected"", ""-55"": ""Missing by panel wave drop-out""}",Geographic identifiers below the district level were removed from the published dataset to protect participant confidentiality.,"| If w8_q6 [Respondent Current Location Same or Different Village] = ""Another village"" |",rural destination response flag,relational/nonresponse flag,destination,village identity removed
w8_q8x99,Respondent Current Location Village,resp_crrnt_locat_villg99,w8,bemp_w8.csv,bemp_w8_codebook.csv,Migration,Respondent Current Location Village,What is the name of the village to which you went? [fill in whatever information the respondent can provide; be careful about spelling],RA,Multiple Choice,integer-coded,1852,1852,38,97.95,1,"[""0""]","[""Not Selected""]","{""0"": 38}","{""0"": ""Not Selected"", ""1"": ""Selected"", ""-55"": ""Missing by panel wave drop-out""}",Geographic identifiers below the district level were removed from the published dataset to protect participant confidentiality.,"| If w8_q6 [Respondent Current Location Same or Different Village] = ""Another village"" |",rural destination response flag,relational/nonresponse flag,destination,village identity removed
w8_q118,Riverbank (Home Village) Current Distance,rivbk_home_villg_crrnt_dist,w8,bemp_w8.csv,bemp_w8_codebook.csv,Erosion 2022 - Perception (W1 Village),Riverbank (Home Village) Current Distance,How far away from your house is the river right now? [one of the distance measures is enough],,Single Choice,integer-coded,1852,1852,558,69.87,9,"[""2"", ""1"", ""4"", ""6"", ""7"", ""9"", ""3"", ""8""]","[""[minutes walking time]:"", ""River is right next to the house"", ""[kilometers]:"", ""[hands]:"", ""[feet]:"", ""[gauges/yards]:"", ""[meters]:"", ""[roshi/rope]:""]","{""2"": 286, ""1"": 134, ""4"": 33, ""6"": 26, ""7"": 19, ""9"": 18, ""3"": 18, ""8"": 15, ""5"": 9}","{""1"": ""River is right next to the house"", ""2"": ""[minutes walking time]:"", ""3"": ""[meters]:"", ""4"": ""[kilometers]:"", ""5"": ""[miles]:"", ""6"": ""[hands]:"", ""7"": ""[feet]:"", ""8"": ""[roshi/rope]:"", ""9"": ""[gauges/yards]:"", ""10"": ""Other [enter value and unit]:"", ""-8"": ""DK"", ""-9"": ""RA"", ""-55"": ""Missing by panel wave drop-out""}",,"| If (w8_q116 [Erosion (Home Village) Occurrence] = ""Yes"" AND w8_q1 [Respondent Current Location] = ""In {home village in wave 1}"") |",hazard proximity,meters or reported distance category,origin/current residence context,derived/reported distance; no house coordinates
w8_q118_txt,Riverbank (Home Village) Current Distance,rivbk_home_villg_crrnt_dist_txt,w8,bemp_w8.csv,bemp_w8_codebook.csv,Erosion 2022 - Perception (W1 Village),Riverbank (Home Village) Current Distance,How far away from your house is the river right now? [one of the distance measures is enough],,Open Text Box,continuous numeric,1852,1852,424,77.11,36,"[""2"", ""1"", ""5"", ""3"", ""10"", ""4"", ""100"", ""0.5""]","[""2"", ""1"", ""5"", ""3"", ""10"", ""4"", ""100"", ""0.5""]","{""2"": 76, ""1"": 74, ""5"": 45, ""3"": 32, ""10"": 30, ""4"": 19, ""100"": 18, ""0.5"": 17, ""15"": 14, ""200"": 9}","{""-55"": ""Missing by panel wave drop-out""}",,"| If (w8_q116 [Erosion (Home Village) Occurrence] = ""Yes"" AND w8_q1 [Respondent Current Location] = ""In {home village in wave 1}"") |",hazard proximity,meters or reported distance category,origin/current residence context,derived/reported distance; no house coordinates
w9_q19,House Shift Distance,house_shift_dist,w9,bemp_w9.csv,bemp_w9_codebook.csv,Migration,House Shift Distance,How far have you shifted your house? [one of the distance measures is enough],,Single Choice,integer-coded,1851,1851,16,99.14,3,"[""1"", ""3"", ""4""]","[""[minutes walking time]:"", ""[kilometers]:"", ""[miles]:""]","{""1"": 11, ""3"": 3, ""4"": 2}","{""1"": ""[minutes walking time]:"", ""2"": ""[meters]:"", ""3"": ""[kilometers]:"", ""4"": ""[miles]:"", ""5"": ""[hands]:"", ""6"": ""[feet]:"", ""7"": ""[roshi/rope]:"", ""9"": ""Other [enter value and unit]:"", ""-8"": ""DK"", ""-9"": ""RA"", ""-55"": ""Missing by panel wave drop-out""}",,"| If w9_q18 [House Shift Frequency] = ""Yes [enter number of times]"" |",reported distance/accessibility,distance/category per question,origin/destination context per file,distance only; endpoints not identified
w9_q19_txt,House Shift Distance,house_shift_dist_txt,w9,bemp_w9.csv,bemp_w9_codebook.csv,Migration,House Shift Distance,How far have you shifted your house? [one of the distance measures is enough],,Open Text Box,continuous numeric,1851,1851,17,99.08,11,"[""2"", ""1"", ""5"", ""15"", ""30"", ""20"", ""35"", ""4""]","[""2"", ""1"", ""5"", ""15"", ""30"", ""20"", ""35"", ""4""]","{""2"": 3, ""1"": 3, ""5"": 2, ""15"": 2, ""30"": 1, ""20"": 1, ""35"": 1, ""4"": 1, ""2.5"": 1, ""7"": 1}","{""-55"": ""Missing by panel wave drop-out""}",,"| If w9_q18 [House Shift Frequency] = ""Yes [enter number of times]"" |",reported distance/accessibility,distance/category per question,origin/destination context per file,distance only; endpoints not identified
w9_q41,Migration Respondent House Shift Distance,migr_resp_house_shift_dist,w9,bemp_w9.csv,bemp_w9_codebook.csv,Migrant History - Respondent,Migration Respondent House Shift Distance,How far have you shifted your house? [one of the distance measures is enough],,Single Choice,undetermined (no valid values),1851,1851,0,100.0,0,[],[],{},"{""1"": ""[minutes walking time]:"", ""2"": ""[meters]:"", ""3"": ""[kilometers]:"", ""4"": ""[miles]:"", ""5"": ""[hands]:"", ""6"": ""[feet]:"", ""7"": ""[roshi/rope]:"", ""8"": ""Other [enter value and unit]:"", ""-8"": ""DK"", ""-9"": ""RA"", ""-55"": ""Missing by panel wave drop-out""}","If the respondent moved more more than once, then the questions in this block refer to the first of these moves.","If (w9_q1 [Respondent Current Location] = ""In another location"" AND w9_q6 [Respondent Current Location Same or Different Village] != ""{home village in wave 1}"" AND w9_q6 [Respondent Current Location Same or Different Village] != ""{previous migration destination}"") OR w9_q23 [Migration Participants] = ""Respondent"" | If w9_q40 [Migration Respondent House Shift] = ""Yes"" |",reported distance/accessibility,distance/category per question,origin/destination context per file,distance only; endpoints not identified
w9_q41_txt,Migration Respondent House Shift Distance,migr_resp_house_shift_dist_txt,w9,bemp_w9.csv,bemp_w9_codebook.csv,Migrant History - Respondent,Migration Respondent House Shift Distance,How far have you shifted your house? [one of the distance measures is enough],,Open Text Box,undetermined (no valid values),1851,1851,0,100.0,0,[],[],{},"{""-55"": ""Missing by panel wave drop-out""}","If the respondent moved more more than once, then the questions in this block refer to the first of these moves.","If (w9_q1 [Respondent Current Location] = ""In another location"" AND w9_q6 [Respondent Current Location Same or Different Village] != ""{home village in wave 1}"" AND w9_q6 [Respondent Current Location Same or Different Village] != ""{previous migration destination}"") OR w9_q23 [Migration Participants] = ""Respondent"" | If w9_q40 [Migration Respondent House Shift] = ""Yes"" |",reported distance/accessibility,distance/category per question,origin/destination context per file,distance only; endpoints not identified
w9_reg2,Respondent Code,resp_code,w9,bemp_w9.csv,bemp_w9_codebook.csv,Questionnaire Registration,Respondent Code,Respondent code,,Open Text Box,string,1851,1851,1851,0.0,1851,"[""L02-Z01-HH03-H"", ""L08-Z02-HH25-H"", ""L36-Z02-HH25-H"", ""L07-Z02-HH14-H"", ""L29-Z01-HH28-H"", ""L29-Z03-HH22-H"", ""L34-Z03-HH09-YM"", ""L36-Z03-HH39-H""]","[""L02-Z01-HH03-H"", ""L08-Z02-HH25-H"", ""L36-Z02-HH25-H"", ""L07-Z02-HH14-H"", ""L29-Z01-HH28-H"", ""L29-Z03-HH22-H"", ""L34-Z03-HH09-YM"", ""L36-Z03-HH39-H""]","{""L02-Z01-HH03-H"": 1, ""L08-Z02-HH25-H"": 1, ""L36-Z02-HH25-H"": 1, ""L07-Z02-HH14-H"": 1, ""L29-Z01-HH28-H"": 1, ""L29-Z03-HH22-H"": 1, ""L34-Z03-HH09-YM"": 1, ""L36-Z03-HH39-H"": 1, ""L25-Z01-HH17-H"": 1, ""L25-Z03-HH19-YM"": 1}","{""-55"": ""Missing by panel wave drop-out""}","Respondent codes follow the structure: location number (Lxx) - sampling zone (Zyy) - household number (HHzz) - subsample identifier (H - household head; F - senior female; YF - youth female; YM - youth male; LB - left-behind member of migrated respondent). For instance: L05-Z02-HH13-F. Note 1: Respondents with identical household code (e.g., L05-Z02-HH13) but different subsample endings (-H, -F, -YF, -YM, -LB) are individuals who belong to the same household. Note 2: The location- and zone-identifier in the respondent code was assigned in wave 1 and kept constant afterwards, even if respondents moved. Note 3: For locations L10, L17, and L18, the zone indicator is missing as houses were sparsely distributed in these locations and we partly had to sample outside the regular 200-m-zone to reach the targeted number of households. Note 4: Locations belong to the following districts: Bogra (L19-L21); Gaibandha (L23); Jamalpur (L01, L22); Kurigram (L24-L36); Manikganj (L04-L06); Sirajganj (L07-L09); Tangail (L02-L03; L10-L18).",| |,baseline origin sampling-location / household code,anonymized Lxx sampling location; district derivable,origin,pseudonymized composite; fixed after moves
w9_q1,Respondent Current Location,resp_crrnt_locat,w9,bemp_w9.csv,bemp_w9_codebook.csv,Migration,Respondent Current Location,In which location do you currently live?,,Single Choice,integer-coded,1851,1851,1490,19.5,3,"[""1"", ""2"", ""3""]","[""In {home village in wave 1}"", ""In {previous migration destination}"", ""In another location""]","{""1"": 1330, ""2"": 127, ""3"": 33}","{""1"": ""In {home village in wave 1}"", ""2"": ""In {previous migration destination}"", ""3"": ""In another location"", ""-55"": ""Missing by panel wave drop-out""}",,| |,home-versus-away location status,relational,current location,categorized
w9_q5,Respondent Current Location City,resp_crrnt_locat_city,w9,bemp_w9.csv,bemp_w9_codebook.csv,Migration,Respondent Current Location City,What is the name of the city to which you went?,,Single Choice,integer-coded,1851,1851,20,98.92,9,"[""1"", ""18"", ""2"", ""17"", ""6"", ""7"", ""5"", ""10""]","[""Dhaka"", ""Other:"", ""Tangail"", ""Sylhet"", ""Chittagong"", ""Gazipur"", ""Mymensingh"", ""Bogura""]","{""1"": 6, ""18"": 5, ""2"": 2, ""17"": 2, ""6"": 1, ""7"": 1, ""5"": 1, ""10"": 1, ""8"": 1}","{""1"": ""Dhaka"", ""2"": ""Tangail"", ""3"": ""Nagarpur"", ""4"": ""Jamalpur"", ""5"": ""Mymensingh"", ""6"": ""Chittagong"", ""7"": ""Gazipur"", ""8"": ""Munshiganj"", ""9"": ""Narayanganj"", ""10"": ""Bogura"", ""11"": ""Gaibandha"", ""12"": ""Manikganj"", ""13"": ""Noakhali"", ""14"": ""Rangpur"", ""15"": ""Bhola"", ""16"": ""Sirajganj"", ""17"": ""Sylhet"", ""18"": ""Other:"", ""-8"": ""DK"", ""-9"": ""RA"", ""-55"": ""Missing by panel wave drop-out""}",,"| If w9_q4 [Respondent Current Location Rural Urban] = ""City"" |",destination city category/name,city,destination,categorical/open-text city; no coordinates
w9_q5_txt,Respondent Current Location City,resp_crrnt_locat_city_txt,w9,bemp_w9.csv,bemp_w9_codebook.csv,Migration,Respondent Current Location City,What is the name of the city to which you went?,,Open Text Box,string,1851,1851,5,99.73,5,"[""Kalampur"", ""Nabinagar"", ""Chittagong"", ""Narshindi"", ""Moheshkhali""]","[""Kalampur"", ""Nabinagar"", ""Chittagong"", ""Narshindi"", ""Moheshkhali""]","{""Kalampur"": 1, ""Nabinagar"": 1, ""Chittagong"": 1, ""Narshindi"": 1, ""Moheshkhali"": 1}","{""-55"": ""Missing by panel wave drop-out""}",,"| If w9_q4 [Respondent Current Location Rural Urban] = ""City"" |",destination city category/name,city,destination,categorical/open-text city; no coordinates
w9_q3,Respondent Current Location Country,resp_crrnt_locat_cntr,w9,bemp_w9.csv,bemp_w9_codebook.csv,Migration,Respondent Current Location Country,To which country did you go?,,Single Choice,undetermined (no valid values),1851,1851,0,100.0,0,[],[],{},"{""1"": ""Qatar"", ""2"": ""Malaysia"", ""3"": ""Saudi-Arabia"", ""4"": ""UAE"", ""5"": ""Dubai"", ""6"": ""India"", ""7"": ""Singapur"", ""8"": ""Libya"", ""9"": ""Other:"", ""-8"": ""DK"", ""-9"": ""RA"", ""-55"": ""Missing by panel wave drop-out""}",,"| If w9_q2 [Respondent Current Location Domestic Abroad] = ""Abroad"" |",domestic/international destination,country/internal status,destination,categorized
w9_q3_txt,Respondent Current Location Country,resp_crrnt_locat_cntr_txt,w9,bemp_w9.csv,bemp_w9_codebook.csv,Migration,Respondent Current Location Country,To which country did you go?,,Open Text Box,undetermined (no valid values),1851,1851,0,100.0,0,[],[],{},"{""-55"": ""Missing by panel wave drop-out""}",,"| If w9_q2 [Respondent Current Location Domestic Abroad] = ""Abroad"" |",domestic/international destination,country/internal status,destination,categorized
w9_q2,Respondent Current Location Domestic Abroad,resp_crrnt_locat_dmstc_abrod,w9,bemp_w9.csv,bemp_w9_codebook.csv,Migration,Respondent Current Location Domestic Abroad,Did you go to a location inside Bangladesh or abroad?,,Single Choice,integer-coded,1851,1851,33,98.22,1,"[""1""]","[""In Bangladesh""]","{""1"": 33}","{""1"": ""In Bangladesh"", ""2"": ""Abroad"", ""-8"": ""DK"", ""-9"": ""RA"", ""-55"": ""Missing by panel wave drop-out""}",,"| If w9_q1 [Respondent Current Location] = ""In another location"" |",domestic/international destination,country/internal status,destination,categorized
w9_q4,Respondent Current Location Rural Urban,resp_crrnt_locat_rural_urban,w9,bemp_w9.csv,bemp_w9_codebook.csv,Migration,Respondent Current Location Rural Urban,Did you move to a city or to a village?,,Single Choice,integer-coded,1851,1851,33,98.22,2,"[""1"", ""2""]","[""City"", ""Village""]","{""1"": 20, ""2"": 13}","{""1"": ""City"", ""2"": ""Village"", ""-8"": ""DK"", ""-9"": ""RA"", ""-55"": ""Missing by panel wave drop-out""}",,"| If w9_q2 [Respondent Current Location Domestic Abroad] = ""In Bangladesh"" |",rural/urban settlement type,settlement type,destination,categorized
w9_q6,Respondent Current Location Same or Different Village,resp_crrnt_locat_same_or_diff_villg,w9,bemp_w9.csv,bemp_w9_codebook.csv,Migration,Respondent Current Location Same or Different Village,Is the name of the village to which you moved {home village in wave 1} / {previous migration destination} or is it a different village?,,Single Choice,integer-coded,1851,1851,13,99.3,1,"[""3""]","[""Another village""]","{""3"": 13}","{""1"": ""{home village in wave 1}"", ""2"": ""{previous migration destination}"", ""3"": ""Another village"", ""-8"": ""DK"", ""-9"": ""RA"", ""-55"": ""Missing by panel wave drop-out""}",,"| If w9_q4 [Respondent Current Location Rural Urban] = ""Village"" |",same-versus-another-village relation,relational,destination,categorized; no destination identifier
w9_q8x5,Respondent Current Location Village,resp_crrnt_locat_villg5,w9,bemp_w9.csv,bemp_w9_codebook.csv,Migration,Respondent Current Location Village,What is the name of the village to which you went? [fill in whatever information the respondent can provide; be careful about spelling],District:,Multiple Choice,integer-coded,1851,1851,13,99.3,2,"[""1"", ""0""]","[""Selected"", ""Not Selected""]","{""1"": 9, ""0"": 4}","{""0"": ""Not Selected"", ""1"": ""Selected"", ""-55"": ""Missing by panel wave drop-out""}",Geographic identifiers below the district level were removed from the published dataset to protect participant confidentiality.,"| If w9_q6 [Respondent Current Location Same or Different Village] = ""Another village"" |",rural destination district,district,destination,village/upazila/union removed; district retained
w9_q8x5_txt,Respondent Current Location Village,resp_crrnt_locat_villg5_txt,w9,bemp_w9.csv,bemp_w9_codebook.csv,Migration,Respondent Current Location Village,What is the name of the village to which you went? [fill in whatever information the respondent can provide; be careful about spelling],District:,Open Text Box,string,1851,1851,9,99.51,6,"[""Kurigram"", ""Tangail"", ""Kuigram"", ""Manikganj"", ""gajipur"", ""tangail""]","[""Kurigram"", ""Tangail"", ""Kuigram"", ""Manikganj"", ""gajipur"", ""tangail""]","{""Kurigram"": 3, ""Tangail"": 2, ""Kuigram"": 1, ""Manikganj"": 1, ""gajipur"": 1, ""tangail"": 1}","{""-55"": ""Missing by panel wave drop-out""}",Geographic identifiers below the district level were removed from the published dataset to protect participant confidentiality.,"| If w9_q6 [Respondent Current Location Same or Different Village] = ""Another village"" |",rural destination district,district,destination,village/upazila/union removed; district retained
w9_q8x6,Respondent Current Location Village,resp_crrnt_locat_villg6,w9,bemp_w9.csv,bemp_w9_codebook.csv,Migration,Respondent Current Location Village,What is the name of the village to which you went? [fill in whatever information the respondent can provide; be careful about spelling],Division:,Multiple Choice,integer-coded,1851,1851,13,99.3,2,"[""0"", ""1""]","[""Not Selected"", ""Selected""]","{""0"": 10, ""1"": 3}","{""0"": ""Not Selected"", ""1"": ""Selected"", ""-55"": ""Missing by panel wave drop-out""}",Geographic identifiers below the district level were removed from the published dataset to protect participant confidentiality.,"| If w9_q6 [Respondent Current Location Same or Different Village] = ""Another village"" |",rural destination division,division,destination,village/upazila/union removed; division retained
w9_q8x6_txt,Respondent Current Location Village,resp_crrnt_locat_villg6_txt,w9,bemp_w9.csv,bemp_w9_codebook.csv,Migration,Respondent Current Location Village,What is the name of the village to which you went? [fill in whatever information the respondent can provide; be careful about spelling],Division:,Open Text Box,string,1851,1851,3,99.84,2,"[""Dhaka"", ""dhaka""]","[""Dhaka"", ""dhaka""]","{""Dhaka"": 2, ""dhaka"": 1}","{""-55"": ""Missing by panel wave drop-out""}",Geographic identifiers below the district level were removed from the published dataset to protect participant confidentiality.,"| If w9_q6 [Respondent Current Location Same or Different Village] = ""Another village"" |",rural destination division,division,destination,village/upazila/union removed; division retained
w9_q8x88,Respondent Current Location Village,resp_crrnt_locat_villg88,w9,bemp_w9.csv,bemp_w9_codebook.csv,Migration,Respondent Current Location Village,What is the name of the village to which you went? [fill in whatever information the respondent can provide; be careful about spelling],DK,Multiple Choice,integer-coded,1851,1851,13,99.3,1,"[""0""]","[""Not Selected""]","{""0"": 13}","{""0"": ""Not Selected"", ""1"": ""Selected"", ""-55"": ""Missing by panel wave drop-out""}",Geographic identifiers below the district level were removed from the published dataset to protect participant confidentiality.,"| If w9_q6 [Respondent Current Location Same or Different Village] = ""Another village"" |",rural destination response flag,relational/nonresponse flag,destination,village identity removed
w9_q8x99,Respondent Current Location Village,resp_crrnt_locat_villg99,w9,bemp_w9.csv,bemp_w9_codebook.csv,Migration,Respondent Current Location Village,What is the name of the village to which you went? [fill in whatever information the respondent can provide; be careful about spelling],RA,Multiple Choice,integer-coded,1851,1851,13,99.3,1,"[""0""]","[""Not Selected""]","{""0"": 13}","{""0"": ""Not Selected"", ""1"": ""Selected"", ""-55"": ""Missing by panel wave drop-out""}",Geographic identifiers below the district level were removed from the published dataset to protect participant confidentiality.,"| If w9_q6 [Respondent Current Location Same or Different Village] = ""Another village"" |",rural destination response flag,relational/nonresponse flag,destination,village identity removed
w9_q118,Riverbank (Home Village) Current Distance,rivbk_home_villg_crrnt_dist,w9,bemp_w9.csv,bemp_w9_codebook.csv,Erosion 2022 - Perception (W1 Village),Riverbank (Home Village) Current Distance,How far away from your house is the river right now? [one of the distance measures is enough],,Single Choice,integer-coded,1851,1851,462,75.04,10,"[""2"", ""1"", ""6"", ""7"", ""4"", ""3"", ""9"", ""8""]","[""[minutes walking time]:"", ""River is right next to the house"", ""[hands]:"", ""[feet]:"", ""[kilometers]:"", ""[meters]:"", ""[gauges/yards]:"", ""[roshi/rope]:""]","{""2"": 224, ""1"": 77, ""6"": 38, ""7"": 29, ""4"": 25, ""3"": 25, ""9"": 21, ""8"": 19, ""5"": 3, ""10"": 1}","{""1"": ""River is right next to the house"", ""2"": ""[minutes walking time]:"", ""3"": ""[meters]:"", ""4"": ""[kilometers]:"", ""5"": ""[miles]:"", ""6"": ""[hands]:"", ""7"": ""[feet]:"", ""8"": ""[roshi/rope]:"", ""9"": ""[gauges/yards]:"", ""10"": ""Other [enter value and unit]:"", ""-8"": ""DK"", ""-9"": ""RA"", ""-55"": ""Missing by panel wave drop-out""}",,"| If (w9_q116 [Erosion (Home Village) Occurrence] = ""Yes"" AND w9_q1 [Respondent Current Location] = ""In {home village in wave 1}"") |",hazard proximity,meters or reported distance category,origin/current residence context,derived/reported distance; no house coordinates
w9_q118_txt,Riverbank (Home Village) Current Distance,rivbk_home_villg_crrnt_dist_txt,w9,bemp_w9.csv,bemp_w9_codebook.csv,Erosion 2022 - Perception (W1 Village),Riverbank (Home Village) Current Distance,How far away from your house is the river right now? [one of the distance measures is enough],,Open Text Box,string,1851,1851,385,79.2,38,"[""2"", ""1"", ""5"", ""3"", ""10"", ""15"", ""200"", ""30""]","[""2"", ""1"", ""5"", ""3"", ""10"", ""15"", ""200"", ""30""]","{""2"": 64, ""1"": 61, ""5"": 34, ""3"": 32, ""10"": 21, ""15"": 16, ""200"": 14, ""30"": 14, ""4"": 14, ""7"": 11}","{""-55"": ""Missing by panel wave drop-out""}",,"| If (w9_q116 [Erosion (Home Village) Occurrence] = ""Yes"" AND w9_q1 [Respondent Current Location] = ""In {home village in wave 1}"") |",hazard proximity,meters or reported distance category,origin/current residence context,derived/reported distance; no house coordinates
w10_q19,House Shift Distance,house_shift_dist,w10,bemp_w10.csv,bemp_w10_codebook.csv,Migration,House Shift Distance,How far have you shifted your house? [one of the distance measures is enough],,Single Choice,integer-coded,1852,1852,8,99.57,4,"[""1"", ""3"", ""5"", ""2""]","[""[minutes walking time]:"", ""[kilometers]:"", ""[hands]:"", ""[meters]:""]","{""1"": 4, ""3"": 2, ""5"": 1, ""2"": 1}","{""1"": ""[minutes walking time]:"", ""2"": ""[meters]:"", ""3"": ""[kilometers]:"", ""4"": ""[miles]:"", ""5"": ""[hands]:"", ""6"": ""[feet]:"", ""7"": ""[roshi/rope]:"", ""9"": ""Other [enter value and unit]:"", ""-8"": ""DK"", ""-9"": ""RA"", ""-55"": ""Missing by panel wave drop-out""}",,"| If w10_q18 [House Shift Frequency] = ""Yes [enter number of times]"" |",reported distance/accessibility,distance/category per question,origin/destination context per file,distance only; endpoints not identified
w10_q19_txt,House Shift Distance,house_shift_dist_txt,w10,bemp_w10.csv,bemp_w10_codebook.csv,Migration,House Shift Distance,How far have you shifted your house? [one of the distance measures is enough],,Open Text Box,continuous numeric,1852,1852,15,99.19,8,"[""1"", ""1.5"", ""10"", ""2"", ""200"", ""15"", ""20"", ""30""]","[""1"", ""1.5"", ""10"", ""2"", ""200"", ""15"", ""20"", ""30""]","{""1"": 4, ""1.5"": 2, ""10"": 2, ""2"": 2, ""200"": 2, ""15"": 1, ""20"": 1, ""30"": 1}","{""-55"": ""Missing by panel wave drop-out""}",,"| If w10_q18 [House Shift Frequency] = ""Yes [enter number of times]"" |",reported distance/accessibility,distance/category per question,origin/destination context per file,distance only; endpoints not identified
w10_q41,Migration Respondent House Shift Distance,migr_resp_house_shift_dist,w10,bemp_w10.csv,bemp_w10_codebook.csv,Migrant History - Respondent,Migration Respondent House Shift Distance,How far have you shifted your house? [one of the distance measures is enough],,Single Choice,undetermined (no valid values),1852,1852,0,100.0,0,[],[],{},"{""1"": ""[minutes walking time]:"", ""2"": ""[meters]:"", ""3"": ""[kilometers]:"", ""4"": ""[miles]:"", ""5"": ""[hands]:"", ""6"": ""[feet]:"", ""7"": ""[roshi/rope]:"", ""8"": ""Other [enter value and unit]:"", ""-8"": ""DK"", ""-9"": ""RA"", ""-55"": ""Missing by panel wave drop-out""}","If the respondent moved more more than once, then the questions in this block refer to the first of these moves.","If (w10_q1 [Respondent Current Location] = ""In another location"" AND w10_q6 [Respondent Current Location Same or Different Village] != ""{home village in wave 1}"" AND w10_q6 [Respondent Current Location Same or Different Village] != ""{previous migration destination}"") OR w10_q23 [Migration Participants] = ""Respondent"" | If w10_q40 [Migration Respondent House Shift] = ""Yes"" |",reported distance/accessibility,distance/category per question,origin/destination context per file,distance only; endpoints not identified
w10_q41_txt,Migration Respondent House Shift Distance,migr_resp_house_shift_dist_txt,w10,bemp_w10.csv,bemp_w10_codebook.csv,Migrant History - Respondent,Migration Respondent House Shift Distance,How far have you shifted your house? [one of the distance measures is enough],,Open Text Box,undetermined (no valid values),1852,1852,0,100.0,0,[],[],{},"{""-55"": ""Missing by panel wave drop-out""}","If the respondent moved more more than once, then the questions in this block refer to the first of these moves.","If (w10_q1 [Respondent Current Location] = ""In another location"" AND w10_q6 [Respondent Current Location Same or Different Village] != ""{home village in wave 1}"" AND w10_q6 [Respondent Current Location Same or Different Village] != ""{previous migration destination}"") OR w10_q23 [Migration Participants] = ""Respondent"" | If w10_q40 [Migration Respondent House Shift] = ""Yes"" |",reported distance/accessibility,distance/category per question,origin/destination context per file,distance only; endpoints not identified
w10_reg2,Respondent Code,resp_code,w10,bemp_w10.csv,bemp_w10_codebook.csv,Questionnaire Registration,Respondent Code,Respondent code,,Open Text Box,string,1852,1852,1852,0.0,1851,"[""L28-Z03-HH28-H"", ""L06-Z01-HH14-H"", ""L35-Z03-HH03-H"", ""L34-Z03-HH27-H"", ""L36-Z01-HH18-H"", ""L34-Z02-HH12-H"", ""L32-Z03-HH56-H"", ""L08-Z03-HH13-H""]","[""L28-Z03-HH28-H"", ""L06-Z01-HH14-H"", ""L35-Z03-HH03-H"", ""L34-Z03-HH27-H"", ""L36-Z01-HH18-H"", ""L34-Z02-HH12-H"", ""L32-Z03-HH56-H"", ""L08-Z03-HH13-H""]","{""L28-Z03-HH28-H"": 2, ""L06-Z01-HH14-H"": 1, ""L35-Z03-HH03-H"": 1, ""L34-Z03-HH27-H"": 1, ""L36-Z01-HH18-H"": 1, ""L34-Z02-HH12-H"": 1, ""L32-Z03-HH56-H"": 1, ""L08-Z03-HH13-H"": 1, ""L08-Z03-HH07-H"": 1, ""L08-Z03-HH05-H"": 1}","{""-55"": ""Missing by panel wave drop-out""}","Respondent codes follow the structure: location number (Lxx) - sampling zone (Zyy) - household number (HHzz) - subsample identifier (H - household head; F - senior female; YF - youth female; YM - youth male; LB - left-behind member of migrated respondent). For instance: L05-Z02-HH13-F. Note 1: Respondents with identical household code (e.g., L05-Z02-HH13) but different subsample endings (-H, -F, -YF, -YM, -LB) are individuals who belong to the same household. Note 2: The location- and zone-identifier in the respondent code was assigned in wave 1 and kept constant afterwards, even if respondents moved. Note 3: For locations L10, L17, and L18, the zone indicator is missing as houses were sparsely distributed in these locations and we partly had to sample outside the regular 200-m-zone to reach the targeted number of households. Note 4: Locations belong to the following districts: Bogra (L19-L21); Gaibandha (L23); Jamalpur (L01, L22); Kurigram (L24-L36); Manikganj (L04-L06); Sirajganj (L07-L09); Tangail (L02-L03; L10-L18).",| |,baseline origin sampling-location / household code,anonymized Lxx sampling location; district derivable,origin,pseudonymized composite; fixed after moves
w10_q1,Respondent Current Location,resp_crrnt_locat,w10,bemp_w10.csv,bemp_w10_codebook.csv,Migration,Respondent Current Location,In which location do you currently live?,,Single Choice,integer-coded,1852,1852,1494,19.33,3,"[""1"", ""2"", ""3""]","[""In {home village in wave 1}"", ""In {previous migration destination}"", ""In another location""]","{""1"": 1325, ""2"": 126, ""3"": 43}","{""1"": ""In {home village in wave 1}"", ""2"": ""In {previous migration destination}"", ""3"": ""In another location"", ""-55"": ""Missing by panel wave drop-out""}",,| |,home-versus-away location status,relational,current location,categorized
w10_q5,Respondent Current Location City,resp_crrnt_locat_city,w10,bemp_w10.csv,bemp_w10_codebook.csv,Migration,Respondent Current Location City,What is the name of the city to which you went?,,Single Choice,integer-coded,1852,1852,22,98.81,8,"[""1"", ""18"", ""2"", ""8"", ""9"", ""10"", ""7"", ""11""]","[""Dhaka"", ""Other:"", ""Tangail"", ""Munshiganj"", ""Narayanganj"", ""Bogura"", ""Gazipur"", ""Gaibandha""]","{""1"": 9, ""18"": 4, ""2"": 3, ""8"": 2, ""9"": 1, ""10"": 1, ""7"": 1, ""11"": 1}","{""1"": ""Dhaka"", ""2"": ""Tangail"", ""3"": ""Nagarpur"", ""4"": ""Jamalpur"", ""5"": ""Mymensingh"", ""6"": ""Chittagong"", ""7"": ""Gazipur"", ""8"": ""Munshiganj"", ""9"": ""Narayanganj"", ""10"": ""Bogura"", ""11"": ""Gaibandha"", ""12"": ""Manikganj"", ""13"": ""Noakhali"", ""14"": ""Rangpur"", ""15"": ""Bhola"", ""16"": ""Sirajganj"", ""17"": ""Sylhet"", ""18"": ""Other:"", ""-8"": ""DK"", ""-9"": ""RA"", ""-55"": ""Missing by panel wave drop-out""}",,"| If w10_q4 [Respondent Current Location Rural Urban] = ""City"" |",destination city category/name,city,destination,categorical/open-text city; no coordinates
w10_q5_txt,Respondent Current Location City,resp_crrnt_locat_city_txt,w10,bemp_w10.csv,bemp_w10_codebook.csv,Migration,Respondent Current Location City,What is the name of the city to which you went?,,Open Text Box,string,1852,1852,4,99.78,4,"[""madaripur"", ""saver"", ""feni"", ""cox's bazar""]","[""madaripur"", ""saver"", ""feni"", ""cox's bazar""]","{""madaripur"": 1, ""saver"": 1, ""feni"": 1, ""cox's bazar"": 1}","{""-55"": ""Missing by panel wave drop-out""}",,"| If w10_q4 [Respondent Current Location Rural Urban] = ""City"" |",destination city category/name,city,destination,categorical/open-text city; no coordinates
w10_q3,Respondent Current Location Country,resp_crrnt_locat_cntr,w10,bemp_w10.csv,bemp_w10_codebook.csv,Migration,Respondent Current Location Country,To which country did you go?,,Single Choice,integer-coded,1852,1852,1,99.95,1,"[""2""]","[""Malaysia""]","{""2"": 1}","{""1"": ""Qatar"", ""2"": ""Malaysia"", ""3"": ""Saudi-Arabia"", ""4"": ""UAE"", ""5"": ""Dubai"", ""6"": ""India"", ""7"": ""Singapur"", ""8"": ""Libya"", ""9"": ""Other:"", ""-8"": ""DK"", ""-9"": ""RA"", ""-55"": ""Missing by panel wave drop-out""}",,"| If w10_q2 [Respondent Current Location Domestic Abroad] = ""Abroad"" |",domestic/international destination,country/internal status,destination,categorized
w10_q3_txt,Respondent Current Location Country,resp_crrnt_locat_cntr_txt,w10,bemp_w10.csv,bemp_w10_codebook.csv,Migration,Respondent Current Location Country,To which country did you go?,,Open Text Box,undetermined (no valid values),1852,1852,0,100.0,0,[],[],{},"{""-55"": ""Missing by panel wave drop-out""}",,"| If w10_q2 [Respondent Current Location Domestic Abroad] = ""Abroad"" |",domestic/international destination,country/internal status,destination,categorized
w10_q2,Respondent Current Location Domestic Abroad,resp_crrnt_locat_dmstc_abrod,w10,bemp_w10.csv,bemp_w10_codebook.csv,Migration,Respondent Current Location Domestic Abroad,Did you go to a location inside Bangladesh or abroad?,,Single Choice,integer-coded,1852,1852,43,97.68,2,"[""1"", ""2""]","[""In Bangladesh"", ""Abroad""]","{""1"": 42, ""2"": 1}","{""1"": ""In Bangladesh"", ""2"": ""Abroad"", ""-8"": ""DK"", ""-9"": ""RA"", ""-55"": ""Missing by panel wave drop-out""}",,"| If w10_q1 [Respondent Current Location] = ""In another location"" |",domestic/international destination,country/internal status,destination,categorized
w10_q4,Respondent Current Location Rural Urban,resp_crrnt_locat_rural_urban,w10,bemp_w10.csv,bemp_w10_codebook.csv,Migration,Respondent Current Location Rural Urban,Did you move to a city or to a village?,,Single Choice,integer-coded,1852,1852,42,97.73,2,"[""1"", ""2""]","[""City"", ""Village""]","{""1"": 22, ""2"": 20}","{""1"": ""City"", ""2"": ""Village"", ""-8"": ""DK"", ""-9"": ""RA"", ""-55"": ""Missing by panel wave drop-out""}",,"| If w10_q2 [Respondent Current Location Domestic Abroad] = ""In Bangladesh"" |",rural/urban settlement type,settlement type,destination,categorized
w10_q6,Respondent Current Location Same or Different Village,resp_crrnt_locat_same_or_diff_villg,w10,bemp_w10.csv,bemp_w10_codebook.csv,Migration,Respondent Current Location Same or Different Village,Is the name of the village to which you moved {home village in wave 1} / {previous migration destination} or is it a different village?,,Single Choice,integer-coded,1852,1852,21,98.87,1,"[""3""]","[""Another village""]","{""3"": 21}","{""1"": ""{home village in wave 1}"", ""2"": ""{previous migration destination}"", ""3"": ""Another village"", ""-8"": ""DK"", ""-9"": ""RA"", ""-55"": ""Missing by panel wave drop-out""}",,"| If w10_q4 [Respondent Current Location Rural Urban] = ""Village"" |",same-versus-another-village relation,relational,destination,categorized; no destination identifier
w10_q8x5,Respondent Current Location Village,resp_crrnt_locat_villg5,w10,bemp_w10.csv,bemp_w10_codebook.csv,Migration,Respondent Current Location Village,What is the name of the village to which you went? [fill in whatever information the respondent can provide; be careful about spelling],District:,Multiple Choice,integer-coded,1852,1852,21,98.87,2,"[""1"", ""0""]","[""Selected"", ""Not Selected""]","{""1"": 16, ""0"": 5}","{""0"": ""Not Selected"", ""1"": ""Selected"", ""-55"": ""Missing by panel wave drop-out""}",Geographic identifiers below the district level were removed from the published dataset to protect participant confidentiality.,"| If w10_q6 [Respondent Current Location Same or Different Village] = ""Another village"" |",rural destination district,district,destination,village/upazila/union removed; district retained
w10_q8x5_txt,Respondent Current Location Village,resp_crrnt_locat_villg5_txt,w10,bemp_w10.csv,bemp_w10_codebook.csv,Migration,Respondent Current Location Village,What is the name of the village to which you went? [fill in whatever information the respondent can provide; be careful about spelling],District:,Open Text Box,string,1852,1852,16,99.14,13,"[""Tangail"", ""Gaibandha"", ""Kurigram"", ""Shirajganj"", ""Cox’s bazar"", ""tangail"", ""bogura"", ""Norsendi""]","[""Tangail"", ""Gaibandha"", ""Kurigram"", ""Shirajganj"", ""Cox’s bazar"", ""tangail"", ""bogura"", ""Norsendi""]","{""Tangail"": 2, ""Gaibandha"": 2, ""Kurigram"": 2, ""Shirajganj"": 1, ""Cox’s bazar"": 1, ""tangail"": 1, ""bogura"": 1, ""Norsendi"": 1, ""Tngail"": 1, ""Shirajgonj"": 1}","{""-55"": ""Missing by panel wave drop-out""}",Geographic identifiers below the district level were removed from the published dataset to protect participant confidentiality.,"| If w10_q6 [Respondent Current Location Same or Different Village] = ""Another village"" |",rural destination district,district,destination,village/upazila/union removed; district retained
w10_q8x6,Respondent Current Location Village,resp_crrnt_locat_villg6,w10,bemp_w10.csv,bemp_w10_codebook.csv,Migration,Respondent Current Location Village,What is the name of the village to which you went? [fill in whatever information the respondent can provide; be careful about spelling],Division:,Multiple Choice,integer-coded,1852,1852,21,98.87,2,"[""0"", ""1""]","[""Not Selected"", ""Selected""]","{""0"": 15, ""1"": 6}","{""0"": ""Not Selected"", ""1"": ""Selected"", ""-55"": ""Missing by panel wave drop-out""}",Geographic identifiers below the district level were removed from the published dataset to protect participant confidentiality.,"| If w10_q6 [Respondent Current Location Same or Different Village] = ""Another village"" |",rural destination division,division,destination,village/upazila/union removed; division retained
w10_q8x6_txt,Respondent Current Location Village,resp_crrnt_locat_villg6_txt,w10,bemp_w10.csv,bemp_w10_codebook.csv,Migration,Respondent Current Location Village,What is the name of the village to which you went? [fill in whatever information the respondent can provide; be careful about spelling],Division:,Open Text Box,string,1852,1852,6,99.68,5,"[""rajshahi"", ""Rangpur"", ""Dhaka"", ""Rajhshahi"", ""Rongpur""]","[""rajshahi"", ""Rangpur"", ""Dhaka"", ""Rajhshahi"", ""Rongpur""]","{""rajshahi"": 2, ""Rangpur"": 1, ""Dhaka"": 1, ""Rajhshahi"": 1, ""Rongpur"": 1}","{""-55"": ""Missing by panel wave drop-out""}",Geographic identifiers below the district level were removed from the published dataset to protect participant confidentiality.,"| If w10_q6 [Respondent Current Location Same or Different Village] = ""Another village"" |",rural destination division,division,destination,village/upazila/union removed; division retained
w10_q8x88,Respondent Current Location Village,resp_crrnt_locat_villg88,w10,bemp_w10.csv,bemp_w10_codebook.csv,Migration,Respondent Current Location Village,What is the name of the village to which you went? [fill in whatever information the respondent can provide; be careful about spelling],DK,Multiple Choice,integer-coded,1852,1852,21,98.87,1,"[""0""]","[""Not Selected""]","{""0"": 21}","{""0"": ""Not Selected"", ""1"": ""Selected"", ""-55"": ""Missing by panel wave drop-out""}",Geographic identifiers below the district level were removed from the published dataset to protect participant confidentiality.,"| If w10_q6 [Respondent Current Location Same or Different Village] = ""Another village"" |",rural destination response flag,relational/nonresponse flag,destination,village identity removed
w10_q8x99,Respondent Current Location Village,resp_crrnt_locat_villg99,w10,bemp_w10.csv,bemp_w10_codebook.csv,Migration,Respondent Current Location Village,What is the name of the village to which you went? [fill in whatever information the respondent can provide; be careful about spelling],RA,Multiple Choice,integer-coded,1852,1852,21,98.87,1,"[""0""]","[""Not Selected""]","{""0"": 21}","{""0"": ""Not Selected"", ""1"": ""Selected"", ""-55"": ""Missing by panel wave drop-out""}",Geographic identifiers below the district level were removed from the published dataset to protect participant confidentiality.,"| If w10_q6 [Respondent Current Location Same or Different Village] = ""Another village"" |",rural destination response flag,relational/nonresponse flag,destination,village identity removed
w10_q139,Riverbank (Home Village) Current Distance,rivbk_home_villg_crrnt_dist,w10,bemp_w10.csv,bemp_w10_codebook.csv,Erosion 2022 - Perception (W1 Village),Riverbank (Home Village) Current Distance,How far away from your house is the river right now? [one of the distance measures is enough],,Single Choice,integer-coded,1852,1852,428,76.89,9,"[""2"", ""1"", ""4"", ""6"", ""8"", ""7"", ""3"", ""9""]","[""[minutes walking time]:"", ""River is right next to the house"", ""[kilometers]:"", ""[hands]:"", ""[roshi/rope]:"", ""[feet]:"", ""[meters]:"", ""[gauges/yards]:""]","{""2"": 194, ""1"": 66, ""4"": 46, ""6"": 31, ""8"": 23, ""7"": 23, ""3"": 21, ""9"": 16, ""5"": 8}","{""1"": ""River is right next to the house"", ""2"": ""[minutes walking time]:"", ""3"": ""[meters]:"", ""4"": ""[kilometers]:"", ""5"": ""[miles]:"", ""6"": ""[hands]:"", ""7"": ""[feet]:"", ""8"": ""[roshi/rope]:"", ""9"": ""[gauges/yards]:"", ""10"": ""Other [enter value and unit]:"", ""-8"": ""DK"", ""-9"": ""RA"", ""-55"": ""Missing by panel wave drop-out""}",,"| If (w10_q137 [Erosion (Home Village) Occurrence] = ""Yes"" AND w10_q1 [Respondent Current Location] = ""In {home village in wave 1}"") |",hazard proximity,meters or reported distance category,origin/current residence context,derived/reported distance; no house coordinates
w10_q139_txt,Riverbank (Home Village) Current Distance,rivbk_home_villg_crrnt_dist_txt,w10,bemp_w10.csv,bemp_w10_codebook.csv,Erosion 2022 - Perception (W1 Village),Riverbank (Home Village) Current Distance,How far away from your house is the river right now? [one of the distance measures is enough],,Open Text Box,continuous numeric,1852,1852,362,80.45,34,"[""1"", ""2"", ""5"", ""3"", ""10"", ""0.5"", ""100"", ""4""]","[""1"", ""2"", ""5"", ""3"", ""10"", ""0.5"", ""100"", ""4""]","{""1"": 77, ""2"": 58, ""5"": 33, ""3"": 28, ""10"": 20, ""0.5"": 15, ""100"": 13, ""4"": 12, ""200"": 12, ""1.5"": 11}","{""-55"": ""Missing by panel wave drop-out""}",,"| If (w10_q137 [Erosion (Home Village) Occurrence] = ""Yes"" AND w10_q1 [Respondent Current Location] = ""In {home village in wave 1}"") |",hazard proximity,meters or reported distance category,origin/current residence context,derived/reported distance; no house coordinates
w11_q19,House Shift Distance,house_shift_dist,w11,bemp_w11.csv,bemp_w11_codebook.csv,Migration,House Shift Distance,How far have you shifted your house? [one of the distance measures is enough],,Single Choice,integer-coded,1847,1847,19,98.97,5,"[""1"", ""3"", ""4"", ""6"", ""5""]","[""[minutes walking time]:"", ""[kilometers]:"", ""[miles]:"", ""[feet]:"", ""[hands]:""]","{""1"": 8, ""3"": 7, ""4"": 2, ""6"": 1, ""5"": 1}","{""1"": ""[minutes walking time]:"", ""2"": ""[meters]:"", ""3"": ""[kilometers]:"", ""4"": ""[miles]:"", ""5"": ""[hands]:"", ""6"": ""[feet]:"", ""7"": ""[roshi/rope]:"", ""9"": ""Other [enter value and unit]:"", ""-8"": ""DK"", ""-9"": ""RA"", ""-55"": ""Missing by panel wave drop-out""}",,"| If w11_q18 [House Shift Frequency] = ""Yes [enter number of times]"" |",reported distance/accessibility,distance/category per question,origin/destination context per file,distance only; endpoints not identified
w11_q19_txt,House Shift Distance,house_shift_dist_txt,w11,bemp_w11.csv,bemp_w11_codebook.csv,Migration,House Shift Distance,How far have you shifted your house? [one of the distance measures is enough],,Open Text Box,continuous numeric,1847,1847,21,98.86,11,"[""1"", ""2"", ""5"", ""30"", ""120"", ""25"", ""300"", ""10""]","[""1"", ""2"", ""5"", ""30"", ""120"", ""25"", ""300"", ""10""]","{""1"": 6, ""2"": 5, ""5"": 2, ""30"": 1, ""120"": 1, ""25"": 1, ""300"": 1, ""10"": 1, ""60"": 1, ""0.5"": 1}","{""-55"": ""Missing by panel wave drop-out""}",,"| If w11_q18 [House Shift Frequency] = ""Yes [enter number of times]"" |",reported distance/accessibility,distance/category per question,origin/destination context per file,distance only; endpoints not identified
w11_q41,Migration Respondent House Shift Distance,migr_resp_house_shift_dist,w11,bemp_w11.csv,bemp_w11_codebook.csv,Migrant History - Respondent,Migration Respondent House Shift Distance,How far have you shifted your house? [one of the distance measures is enough],,Single Choice,undetermined (no valid values),1847,1847,0,100.0,0,[],[],{},"{""1"": ""[minutes walking time]:"", ""2"": ""[meters]:"", ""3"": ""[kilometers]:"", ""4"": ""[miles]:"", ""5"": ""[hands]:"", ""6"": ""[feet]:"", ""7"": ""[roshi/rope]:"", ""8"": ""Other [enter value and unit]:"", ""-8"": ""DK"", ""-9"": ""RA"", ""-55"": ""Missing by panel wave drop-out""}","If the respondent moved more more than once, then the questions in this block refer to the first of these moves.","If (w11_q1 [Respondent Current Location] = ""In another location"" AND w11_q6 [Respondent Current Location Same or Different Village] != ""{home village in wave 1}"" AND w11_q6 [Respondent Current Location Same or Different Village] != ""{previous migration destination}"") OR w11_q23 [Migration Participants] = ""Respondent"" | If w11_q40 [Migration Respondent House Shift] = ""Yes"" |",reported distance/accessibility,distance/category per question,origin/destination context per file,distance only; endpoints not identified
w11_q41_txt,Migration Respondent House Shift Distance,migr_resp_house_shift_dist_txt,w11,bemp_w11.csv,bemp_w11_codebook.csv,Migrant History - Respondent,Migration Respondent House Shift Distance,How far have you shifted your house? [one of the distance measures is enough],,Open Text Box,undetermined (no valid values),1847,1847,0,100.0,0,[],[],{},"{""-55"": ""Missing by panel wave drop-out""}","If the respondent moved more more than once, then the questions in this block refer to the first of these moves.","If (w11_q1 [Respondent Current Location] = ""In another location"" AND w11_q6 [Respondent Current Location Same or Different Village] != ""{home village in wave 1}"" AND w11_q6 [Respondent Current Location Same or Different Village] != ""{previous migration destination}"") OR w11_q23 [Migration Participants] = ""Respondent"" | If w11_q40 [Migration Respondent House Shift] = ""Yes"" |",reported distance/accessibility,distance/category per question,origin/destination context per file,distance only; endpoints not identified
w11_reg2,Respondent Code,resp_code,w11,bemp_w11.csv,bemp_w11_codebook.csv,Questionnaire Registration,Respondent Code,Respondent code,,Open Text Box,string,1847,1847,1847,0.0,1847,"[""L02-Z02-HH18-H"", ""L34-Z01-HH06-H"", ""L14-Z02-HH24-H"", ""L25-Z03-HH15-YM"", ""L14-Z02-HH25-H"", ""L31-Z01-HH54-H"", ""L14-Z02-HH18-H"", ""L28-Z03-HH01-H""]","[""L02-Z02-HH18-H"", ""L34-Z01-HH06-H"", ""L14-Z02-HH24-H"", ""L25-Z03-HH15-YM"", ""L14-Z02-HH25-H"", ""L31-Z01-HH54-H"", ""L14-Z02-HH18-H"", ""L28-Z03-HH01-H""]","{""L02-Z02-HH18-H"": 1, ""L34-Z01-HH06-H"": 1, ""L14-Z02-HH24-H"": 1, ""L25-Z03-HH15-YM"": 1, ""L14-Z02-HH25-H"": 1, ""L31-Z01-HH54-H"": 1, ""L14-Z02-HH18-H"": 1, ""L28-Z03-HH01-H"": 1, ""L31-Z01-HH42-H"": 1, ""L14-Z02-HH22-H"": 1}","{""-55"": ""Missing by panel wave drop-out""}","Respondent codes follow the structure: location number (Lxx) - sampling zone (Zyy) - household number (HHzz) - subsample identifier (H - household head; F - senior female; YF - youth female; YM - youth male; LB - left-behind member of migrated respondent). For instance: L05-Z02-HH13-F. Note 1: Respondents with identical household code (e.g., L05-Z02-HH13) but different subsample endings (-H, -F, -YF, -YM, -LB) are individuals who belong to the same household. Note 2: The location- and zone-identifier in the respondent code was assigned in wave 1 and kept constant afterwards, even if respondents moved. Note 3: For locations L10, L17, and L18, the zone indicator is missing as houses were sparsely distributed in these locations and we partly had to sample outside the regular 200-m-zone to reach the targeted number of households. Note 4: Locations belong to the following districts: Bogra (L19-L21); Gaibandha (L23); Jamalpur (L01, L22); Kurigram (L24-L36); Manikganj (L04-L06); Sirajganj (L07-L09); Tangail (L02-L03; L10-L18).",| |,baseline origin sampling-location / household code,anonymized Lxx sampling location; district derivable,origin,pseudonymized composite; fixed after moves
w11_q1,Respondent Current Location,resp_crrnt_locat,w11,bemp_w11.csv,bemp_w11_codebook.csv,Migration,Respondent Current Location,In which location do you currently live?,,Single Choice,integer-coded,1847,1847,1525,17.43,3,"[""1"", ""2"", ""3""]","[""In {home village in wave 1}"", ""In {previous migration destination}"", ""In another location""]","{""1"": 1347, ""2"": 138, ""3"": 40}","{""1"": ""In {home village in wave 1}"", ""2"": ""In {previous migration destination}"", ""3"": ""In another location"", ""-55"": ""Missing by panel wave drop-out""}",,| |,home-versus-away location status,relational,current location,categorized
w11_q5,Respondent Current Location City,resp_crrnt_locat_city,w11,bemp_w11.csv,bemp_w11_codebook.csv,Migration,Respondent Current Location City,What is the name of the city to which you went?,,Single Choice,integer-coded,1847,1847,23,98.75,7,"[""1"", ""18"", ""7"", ""2"", ""4"", ""8"", ""10""]","[""Dhaka"", ""Other:"", ""Gazipur"", ""Tangail"", ""Jamalpur"", ""Munshiganj"", ""Bogura""]","{""1"": 14, ""18"": 2, ""7"": 2, ""2"": 2, ""4"": 1, ""8"": 1, ""10"": 1}","{""1"": ""Dhaka"", ""2"": ""Tangail"", ""3"": ""Nagarpur"", ""4"": ""Jamalpur"", ""5"": ""Mymensingh"", ""6"": ""Chittagong"", ""7"": ""Gazipur"", ""8"": ""Munshiganj"", ""9"": ""Narayanganj"", ""10"": ""Bogura"", ""11"": ""Gaibandha"", ""12"": ""Manikganj"", ""13"": ""Noakhali"", ""14"": ""Rangpur"", ""15"": ""Bhola"", ""16"": ""Sirajganj"", ""17"": ""Sylhet"", ""18"": ""Other:"", ""-8"": ""DK"", ""-9"": ""RA"", ""-55"": ""Missing by panel wave drop-out""}",,"| If w11_q4 [Respondent Current Location Rural Urban] = ""City"" |",destination city category/name,city,destination,categorical/open-text city; no coordinates
w11_q5_txt,Respondent Current Location City,resp_crrnt_locat_city_txt,w11,bemp_w11.csv,bemp_w11_codebook.csv,Migration,Respondent Current Location City,What is the name of the city to which you went?,,Open Text Box,string,1847,1847,2,99.89,2,"[""Barguna"", ""chadpur""]","[""Barguna"", ""chadpur""]","{""Barguna"": 1, ""chadpur"": 1}","{""-55"": ""Missing by panel wave drop-out""}",,"| If w11_q4 [Respondent Current Location Rural Urban] = ""City"" |",destination city category/name,city,destination,categorical/open-text city; no coordinates
w11_q3,Respondent Current Location Country,resp_crrnt_locat_cntr,w11,bemp_w11.csv,bemp_w11_codebook.csv,Migration,Respondent Current Location Country,To which country did you go?,,Single Choice,undetermined (no valid values),1847,1847,0,100.0,0,[],[],{},"{""1"": ""Qatar"", ""2"": ""Malaysia"", ""3"": ""Saudi-Arabia"", ""4"": ""UAE"", ""5"": ""Dubai"", ""6"": ""India"", ""7"": ""Singapur"", ""8"": ""Libya"", ""9"": ""Other:"", ""-8"": ""DK"", ""-9"": ""RA"", ""-55"": ""Missing by panel wave drop-out""}",,"| If w11_q2 [Respondent Current Location Domestic Abroad] = ""Abroad"" |",domestic/international destination,country/internal status,destination,categorized
w11_q3_txt,Respondent Current Location Country,resp_crrnt_locat_cntr_txt,w11,bemp_w11.csv,bemp_w11_codebook.csv,Migration,Respondent Current Location Country,To which country did you go?,,Open Text Box,undetermined (no valid values),1847,1847,0,100.0,0,[],[],{},"{""-55"": ""Missing by panel wave drop-out""}",,"| If w11_q2 [Respondent Current Location Domestic Abroad] = ""Abroad"" |",domestic/international destination,country/internal status,destination,categorized
w11_q2,Respondent Current Location Domestic Abroad,resp_crrnt_locat_dmstc_abrod,w11,bemp_w11.csv,bemp_w11_codebook.csv,Migration,Respondent Current Location Domestic Abroad,Did you go to a location inside Bangladesh or abroad?,,Single Choice,integer-coded,1847,1847,40,97.83,1,"[""1""]","[""In Bangladesh""]","{""1"": 40}","{""1"": ""In Bangladesh"", ""2"": ""Abroad"", ""-8"": ""DK"", ""-9"": ""RA"", ""-55"": ""Missing by panel wave drop-out""}",,"| If w11_q1 [Respondent Current Location] = ""In another location"" |",domestic/international destination,country/internal status,destination,categorized
w11_q4,Respondent Current Location Rural Urban,resp_crrnt_locat_rural_urban,w11,bemp_w11.csv,bemp_w11_codebook.csv,Migration,Respondent Current Location Rural Urban,Did you move to a city or to a village?,,Single Choice,integer-coded,1847,1847,40,97.83,2,"[""1"", ""2""]","[""City"", ""Village""]","{""1"": 23, ""2"": 17}","{""1"": ""City"", ""2"": ""Village"", ""-8"": ""DK"", ""-9"": ""RA"", ""-55"": ""Missing by panel wave drop-out""}",,"| If w11_q2 [Respondent Current Location Domestic Abroad] = ""In Bangladesh"" |",rural/urban settlement type,settlement type,destination,categorized
w11_q6,Respondent Current Location Same or Different Village,resp_crrnt_locat_same_or_diff_villg,w11,bemp_w11.csv,bemp_w11_codebook.csv,Migration,Respondent Current Location Same or Different Village,Is the name of the village to which you moved {home village in wave 1} / {previous migration destination} or is it a different village?,,Single Choice,integer-coded,1847,1847,17,99.08,1,"[""3""]","[""Another village""]","{""3"": 17}","{""1"": ""{home village in wave 1}"", ""2"": ""{previous migration destination}"", ""3"": ""Another village"", ""-8"": ""DK"", ""-9"": ""RA"", ""-55"": ""Missing by panel wave drop-out""}",,"| If w11_q4 [Respondent Current Location Rural Urban] = ""Village"" |",same-versus-another-village relation,relational,destination,categorized; no destination identifier
w11_q8x5,Respondent Current Location Village,resp_crrnt_locat_villg5,w11,bemp_w11.csv,bemp_w11_codebook.csv,Migration,Respondent Current Location Village,What is the name of the village to which you went? [fill in whatever information the respondent can provide; be careful about spelling],District:,Multiple Choice,integer-coded,1847,1847,17,99.08,2,"[""0"", ""1""]","[""Not Selected"", ""Selected""]","{""0"": 9, ""1"": 8}","{""0"": ""Not Selected"", ""1"": ""Selected"", ""-55"": ""Missing by panel wave drop-out""}",Geographic identifiers below the district level were removed from the published dataset to protect participant confidentiality.,"| If w11_q6 [Respondent Current Location Same or Different Village] = ""Another village"" |",rural destination district,district,destination,village/upazila/union removed; district retained
w11_q8x5_txt,Respondent Current Location Village,resp_crrnt_locat_villg5_txt,w11,bemp_w11.csv,bemp_w11_codebook.csv,Migration,Respondent Current Location Village,What is the name of the village to which you went? [fill in whatever information the respondent can provide; be careful about spelling],District:,Open Text Box,string,1847,1847,8,99.57,7,"[""Tangail"", ""Kurigram"", ""munshigonj"", ""bagura"", ""karigram"", ""Panchogar"", ""tangail""]","[""Tangail"", ""Kurigram"", ""munshigonj"", ""bagura"", ""karigram"", ""Panchogar"", ""tangail""]","{""Tangail"": 2, ""Kurigram"": 1, ""munshigonj"": 1, ""bagura"": 1, ""karigram"": 1, ""Panchogar"": 1, ""tangail"": 1}","{""-55"": ""Missing by panel wave drop-out""}",Geographic identifiers below the district level were removed from the published dataset to protect participant confidentiality.,"| If w11_q6 [Respondent Current Location Same or Different Village] = ""Another village"" |",rural destination district,district,destination,village/upazila/union removed; district retained
w11_q8x6,Respondent Current Location Village,resp_crrnt_locat_villg6,w11,bemp_w11.csv,bemp_w11_codebook.csv,Migration,Respondent Current Location Village,What is the name of the village to which you went? [fill in whatever information the respondent can provide; be careful about spelling],Division:,Multiple Choice,integer-coded,1847,1847,17,99.08,2,"[""0"", ""1""]","[""Not Selected"", ""Selected""]","{""0"": 15, ""1"": 2}","{""0"": ""Not Selected"", ""1"": ""Selected"", ""-55"": ""Missing by panel wave drop-out""}",Geographic identifiers below the district level were removed from the published dataset to protect participant confidentiality.,"| If w11_q6 [Respondent Current Location Same or Different Village] = ""Another village"" |",rural destination division,division,destination,village/upazila/union removed; division retained
w11_q8x6_txt,Respondent Current Location Village,resp_crrnt_locat_villg6_txt,w11,bemp_w11.csv,bemp_w11_codebook.csv,Migration,Respondent Current Location Village,What is the name of the village to which you went? [fill in whatever information the respondent can provide; be careful about spelling],Division:,Open Text Box,string,1847,1847,2,99.89,2,"[""dhaka"", ""Dhaka""]","[""dhaka"", ""Dhaka""]","{""dhaka"": 1, ""Dhaka"": 1}","{""-55"": ""Missing by panel wave drop-out""}",Geographic identifiers below the district level were removed from the published dataset to protect participant confidentiality.,"| If w11_q6 [Respondent Current Location Same or Different Village] = ""Another village"" |",rural destination division,division,destination,village/upazila/union removed; division retained
w11_q8x88,Respondent Current Location Village,resp_crrnt_locat_villg88,w11,bemp_w11.csv,bemp_w11_codebook.csv,Migration,Respondent Current Location Village,What is the name of the village to which you went? [fill in whatever information the respondent can provide; be careful about spelling],DK,Multiple Choice,integer-coded,1847,1847,17,99.08,1,"[""0""]","[""Not Selected""]","{""0"": 17}","{""0"": ""Not Selected"", ""1"": ""Selected"", ""-55"": ""Missing by panel wave drop-out""}",Geographic identifiers below the district level were removed from the published dataset to protect participant confidentiality.,"| If w11_q6 [Respondent Current Location Same or Different Village] = ""Another village"" |",rural destination response flag,relational/nonresponse flag,destination,village identity removed
w11_q8x99,Respondent Current Location Village,resp_crrnt_locat_villg99,w11,bemp_w11.csv,bemp_w11_codebook.csv,Migration,Respondent Current Location Village,What is the name of the village to which you went? [fill in whatever information the respondent can provide; be careful about spelling],RA,Multiple Choice,integer-coded,1847,1847,17,99.08,1,"[""0""]","[""Not Selected""]","{""0"": 17}","{""0"": ""Not Selected"", ""1"": ""Selected"", ""-55"": ""Missing by panel wave drop-out""}",Geographic identifiers below the district level were removed from the published dataset to protect participant confidentiality.,"| If w11_q6 [Respondent Current Location Same or Different Village] = ""Another village"" |",rural destination response flag,relational/nonresponse flag,destination,village identity removed
w11_q122,Riverbank (Home Village) Current Distance,rivbk_home_villg_crrnt_dist,w11,bemp_w11.csv,bemp_w11_codebook.csv,Erosion 2022 - Perception (W1 Village),Riverbank (Home Village) Current Distance,How far away from your house is the river right now? [one of the distance measures is enough],,Single Choice,integer-coded,1847,1847,56,96.97,8,"[""2"", ""1"", ""4"", ""6"", ""8"", ""7"", ""9"", ""5""]","[""[minutes walking time]:"", ""River is right next to the house"", ""[kilometers]:"", ""[hands]:"", ""[roshi/rope]:"", ""[feet]:"", ""[gauges/yards]:"", ""[miles]:""]","{""2"": 20, ""1"": 10, ""4"": 9, ""6"": 6, ""8"": 5, ""7"": 4, ""9"": 1, ""5"": 1}","{""1"": ""River is right next to the house"", ""2"": ""[minutes walking time]:"", ""3"": ""[meters]:"", ""4"": ""[kilometers]:"", ""5"": ""[miles]:"", ""6"": ""[hands]:"", ""7"": ""[feet]:"", ""8"": ""[roshi/rope]:"", ""9"": ""[gauges/yards]:"", ""10"": ""Other [enter value and unit]:"", ""-8"": ""DK"", ""-9"": ""RA"", ""-55"": ""Missing by panel wave drop-out""}",,"| If (w11_q120 [Erosion (Home Village) Occurrence] = ""Yes"" AND w11_q1 [Respondent Current Location] = ""In {home village in wave 1}"") |",hazard proximity,meters or reported distance category,origin/current residence context,derived/reported distance; no house coordinates
w11_q122_txt,Riverbank (Home Village) Current Distance,rivbk_home_villg_crrnt_dist_txt,w11,bemp_w11.csv,bemp_w11_codebook.csv,Erosion 2022 - Perception (W1 Village),Riverbank (Home Village) Current Distance,How far away from your house is the river right now? [one of the distance measures is enough],,Open Text Box,continuous numeric,1847,1847,46,97.51,19,"[""2"", ""1"", ""5"", ""1.5"", ""3"", ""10"", ""200"", ""0.25""]","[""2"", ""1"", ""5"", ""1.5"", ""3"", ""10"", ""200"", ""0.25""]","{""2"": 11, ""1"": 11, ""5"": 2, ""1.5"": 2, ""3"": 2, ""10"": 2, ""200"": 2, ""0.25"": 2, ""15"": 2, ""12"": 1}","{""-55"": ""Missing by panel wave drop-out""}",,"| If (w11_q120 [Erosion (Home Village) Occurrence] = ""Yes"" AND w11_q1 [Respondent Current Location] = ""In {home village in wave 1}"") |",hazard proximity,meters or reported distance category,origin/current residence context,derived/reported distance; no house coordinates
w12_N_q20,Current Location Residence Duration,crrnt_locat_rsdnc_durat,w12_N,bemp_w12_N.csv,bemp_w12_N_codebook.csv,Household Composition and Migration,Current Location Residence Duration,"For how long have you been living in this exact location within the village, meaning in this house?",,Single Choice,integer-coded,2268,2268,1443,36.38,5,"[""5"", ""3"", ""4"", ""2"", ""1""]","[""More than a year [specify number of years if they indicate a specific duration]:"", ""Months (< 12 months) [specify number of months if they indicate a specific duration]:"", ""One year"", ""Weeks (< 1 month)"", ""Days (< 1 week)""]","{""5"": 1293, ""3"": 104, ""4"": 41, ""2"": 4, ""1"": 1}","{""1"": ""Days (< 1 week)"", ""2"": ""Weeks (< 1 month)"", ""3"": ""Months (< 12 months) [specify number of months if they indicate a specific duration]:"", ""4"": ""One year"", ""5"": ""More than a year [specify number of years if they indicate a specific duration]:"", ""-8"": ""DK"", ""-9"": ""RA"", ""-55"": ""Missing by panel wave drop-out"", ""-66"": ""Missing due to migrant status (actual survey contained in M-survey)""}",,"| If (w12_N_reg2 [Respondent Type] = ""Household head"" OR w12_N_reg2 [Respondent Type] = ""Left-behind member of migrated respondent"" OR w12_N_q3 [Respondent Newly Household Head] = ""Yes"") |",destination residence characteristic,house/residence category or duration,destination,categorized
w12_N_q20_txt,Current Location Residence Duration,crrnt_locat_rsdnc_durat_txt,w12_N,bemp_w12_N.csv,bemp_w12_N_codebook.csv,Household Composition and Migration,Current Location Residence Duration,"For how long have you been living in this exact location within the village, meaning in this house?",,Open Text Box,continuous numeric,2268,2268,1383,39.02,76,"[""3"", ""2"", ""30"", ""20"", ""7"", ""10"", ""25"", ""4""]","[""3"", ""2"", ""30"", ""20"", ""7"", ""10"", ""25"", ""4""]","{""3"": 85, ""2"": 79, ""30"": 78, ""20"": 69, ""7"": 64, ""10"": 63, ""25"": 58, ""4"": 53, ""15"": 53, ""6"": 53}","{""-55"": ""Missing by panel wave drop-out"", ""-66"": ""Missing due to migrant status (actual survey contained in M-survey)""}",,"| If (w12_N_reg2 [Respondent Type] = ""Household head"" OR w12_N_reg2 [Respondent Type] = ""Left-behind member of migrated respondent"" OR w12_N_q3 [Respondent Newly Household Head] = ""Yes"") |",destination residence characteristic,house/residence category or duration,destination,categorized
w12_N_dist_from_crrnt_river_bank,Distance from Current Riverbank,dist_from_crrnt_river_bank,w12_N,bemp_w12_N.csv,bemp_w12_N_codebook.csv,Geographical Variables,Distance from Current Riverbank,,,Geographical,continuous numeric,2268,2268,1769,22.0,1751,"[""180.698983289743"", ""168.557500321125"", ""209.667166620265"", ""59.1271625608187"", ""60.5595422553911"", ""242.672989549817"", ""41.2979167932497"", ""94.1505650273814""]","[""180.698983289743"", ""168.557500321125"", ""209.667166620265"", ""59.1271625608187"", ""60.5595422553911"", ""242.672989549817"", ""41.2979167932497"", ""94.1505650273814""]","{""180.698983289743"": 2, ""168.557500321125"": 2, ""209.667166620265"": 2, ""59.1271625608187"": 2, ""60.5595422553911"": 2, ""242.672989549817"": 2, ""41.2979167932497"": 2, ""94.1505650273814"": 2, ""392.996393653288"": 2, ""73.6635396896207"": 2}","{""-55"": ""Missing by panel wave drop-out"", ""-66"": ""Missing due to migrant status (actual survey contained in M-survey)""}","Distance between the respondent's house location in this survey and the riverbank of the Jamuna River at the time of the survey (in meters). This was calculated in ArcGIS using the easternmost riverbank line of the Jamuna River at the time of the survey, which was drawn manually in the Google Earth Engine using optical Sentinel-2 imagery.",| |,hazard proximity,meters or reported distance category,origin/current residence context,derived/reported distance; no house coordinates
w12_N_dist_from_prev_loc,Distance from Previous Location,dist_from_prev_loc,w12_N,bemp_w12_N.csv,bemp_w12_N_codebook.csv,Geographical Variables,Distance from Previous Location,,,Geographical,continuous numeric,2268,2268,1591,29.85,1571,"[""0"", ""3.04751025592236"", ""8.37074059724222"", ""2.93038499575795"", ""20.083743653148"", ""7.76519565431785"", ""11.9775545314907"", ""113.908319820223""]","[""0"", ""3.04751025592236"", ""8.37074059724222"", ""2.93038499575795"", ""20.083743653148"", ""7.76519565431785"", ""11.9775545314907"", ""113.908319820223""]","{""0"": 19, ""3.04751025592236"": 2, ""8.37074059724222"": 2, ""2.93038499575795"": 1, ""20.083743653148"": 1, ""7.76519565431785"": 1, ""11.9775545314907"": 1, ""113.908319820223"": 1, ""5.45465504884061"": 1, ""22.0023643361938"": 1}","{""-55"": ""Missing by panel wave drop-out"", ""-66"": ""Missing due to migrant status (actual survey contained in M-survey)""}",Distance between the respondent's house location in the previous in-person survey and the location in this survey (in meters),| |,coordinate-derived inter-wave distance,meters; no direction or endpoint,origin-to-current / inter-wave,derived from withheld house coordinates
w12_N_dist_from_prev_river_bank,Distance from Previous Riverbank,dist_from_prev_river_bank,w12_N,bemp_w12_N.csv,bemp_w12_N_codebook.csv,Geographical Variables,Distance from Previous Riverbank,,,Geographical,continuous numeric,2268,2268,1769,22.0,1751,"[""178.254616553585"", ""177.748052175032"", ""215.35392096805"", ""65.9198119063828"", ""64.8223247766382"", ""232.48369928881"", ""45.9820514899848"", ""97.9544780234274""]","[""178.254616553585"", ""177.748052175032"", ""215.35392096805"", ""65.9198119063828"", ""64.8223247766382"", ""232.48369928881"", ""45.9820514899848"", ""97.9544780234274""]","{""178.254616553585"": 2, ""177.748052175032"": 2, ""215.35392096805"": 2, ""65.9198119063828"": 2, ""64.8223247766382"": 2, ""232.48369928881"": 2, ""45.9820514899848"": 2, ""97.9544780234274"": 2, ""472.201124310232"": 2, ""59.0764988521033"": 2}","{""-55"": ""Missing by panel wave drop-out"", ""-66"": ""Missing due to migrant status (actual survey contained in M-survey)""}","Distance between the respondent's house location in this survey and the riverbank of the Jamuna River one year ago (in meters). This was calculated in ArcGIS using the easternmost riverbank line of the Jamuna River before the preceding monsoon season, which was drawn manually in the Google Earth Engine using optical Sentinel-2 imagery.",| |,hazard proximity,meters or reported distance category,origin/current residence context,derived/reported distance; no house coordinates
w12_N_q22a,House Shift Distance,house_shift_dist,w12_N,bemp_w12_N.csv,bemp_w12_N_codebook.csv,Household Composition and Migration,House Shift Distance,How far have you shifted your house? [one of the distance measures is enough],,Single Choice,integer-coded,2268,2268,127,94.4,7,"[""1"", ""3"", ""5"", ""2"", ""7"", ""4"", ""8""]","[""[minutes walking time]:"", ""[kilometers]:"", ""[hands]:"", ""[meters]:"", ""[roshi/rope]:"", ""[miles]:"", ""[gauges/yards]:""]","{""1"": 84, ""3"": 23, ""5"": 7, ""2"": 7, ""7"": 2, ""4"": 2, ""8"": 2}","{""1"": ""[minutes walking time]:"", ""2"": ""[meters]:"", ""3"": ""[kilometers]:"", ""4"": ""[miles]:"", ""5"": ""[hands]:"", ""6"": ""[feet]:"", ""7"": ""[roshi/rope]:"", ""8"": ""[gauges/yards]:"", ""9"": ""Other [enter value and unit]:"", ""-8"": ""DK"", ""-9"": ""RA"", ""-55"": ""Missing by panel wave drop-out"", ""-66"": ""Missing due to migrant status (actual survey contained in M-survey)""}",,| If w12_N_q21_txt [House Shift Frequency] = 1 |,reported distance/accessibility,distance/category per question,origin/destination context per file,distance only; endpoints not identified
w12_N_q22a_txt,House Shift Distance,house_shift_dist_txt,w12_N,bemp_w12_N.csv,bemp_w12_N_codebook.csv,Household Composition and Migration,House Shift Distance,How far have you shifted your house? [one of the distance measures is enough],,Open Text Box,continuous numeric,2268,2268,127,94.4,28,"[""1"", ""10"", ""5"", ""20"", ""2"", ""3"", ""15"", ""30""]","[""1"", ""10"", ""5"", ""20"", ""2"", ""3"", ""15"", ""30""]","{""1"": 19, ""10"": 16, ""5"": 12, ""20"": 10, ""2"": 8, ""3"": 7, ""15"": 7, ""30"": 6, ""1.5"": 6, ""0.5"": 6}","{""-55"": ""Missing by panel wave drop-out"", ""-66"": ""Missing due to migrant status (actual survey contained in M-survey)""}",,| If w12_N_q21_txt [House Shift Frequency] = 1 |,reported distance/accessibility,distance/category per question,origin/destination context per file,distance only; endpoints not identified
w12_N_q64_L1,Migration Respondent House Shift Distance (Loop 1),migr_resp_house_shift_dist_loop1,w12_N,bemp_w12_N.csv,bemp_w12_N_codebook.csv,Migrant History - Respondent - Loop 1,Migration Respondent House Shift Distance (Loop 1),How far have you shifted your house? [one of the distance measures is enough],,Single Choice,undetermined (no valid values),2268,2268,0,100.0,0,[],[],{},"{""1"": ""[minutes walking time]:"", ""2"": ""[meters]:"", ""3"": ""[kilometers]:"", ""4"": ""[miles]:"", ""5"": ""[hands]:"", ""6"": ""[feet]:"", ""7"": ""[roshi/rope]:"", ""8"": ""[gauges/yards]:"", ""9"": ""Other [enter value and unit]:"", ""-8"": ""DK"", ""-9"": ""RA"", ""-55"": ""Missing by panel wave drop-out"", ""-66"": ""Missing due to migrant status (actual survey contained in M-survey)""}",,"If w12_N_q36_txt [Migration Respondent Frequency] > 0 | If w12_N_q63_L1 [Migration Respondent House Shift (Loop 1)] = ""Yes"" |",reported distance/accessibility,distance/category per question,origin/destination context per file,distance only; endpoints not identified
w12_N_q64_txt_L1,Migration Respondent House Shift Distance (Loop 1),migr_resp_house_shift_dist_txt_loop1,w12_N,bemp_w12_N.csv,bemp_w12_N_codebook.csv,Migrant History - Respondent - Loop 1,Migration Respondent House Shift Distance (Loop 1),How far have you shifted your house? [one of the distance measures is enough],,Open Text Box,undetermined (no valid values),2268,2268,0,100.0,0,[],[],{},"{""-55"": ""Missing by panel wave drop-out"", ""-66"": ""Missing due to migrant status (actual survey contained in M-survey)""}",,"If w12_N_q36_txt [Migration Respondent Frequency] > 0 | If w12_N_q63_L1 [Migration Respondent House Shift (Loop 1)] = ""Yes"" |",reported distance/accessibility,distance/category per question,origin/destination context per file,distance only; endpoints not identified
w12_N_q64_L2,Migration Respondent House Shift Distance (Loop 2),migr_resp_house_shift_dist_loop2,w12_N,bemp_w12_N.csv,bemp_w12_N_codebook.csv,Migrant History - Respondent - Loop 2,Migration Respondent House Shift Distance (Loop 2),How far have you shifted your house? [one of the distance measures is enough],,Single Choice,undetermined (no valid values),2268,2268,0,100.0,0,[],[],{},"{""1"": ""[minutes walking time]:"", ""2"": ""[meters]:"", ""3"": ""[kilometers]:"", ""4"": ""[miles]:"", ""5"": ""[hands]:"", ""6"": ""[feet]:"", ""7"": ""[roshi/rope]:"", ""8"": ""[gauges/yards]:"", ""9"": ""Other [enter value and unit]:"", ""-8"": ""DK"", ""-9"": ""RA"", ""-55"": ""Missing by panel wave drop-out"", ""-66"": ""Missing due to migrant status (actual survey contained in M-survey)""}",,"If w12_N_q36_txt [Migration Respondent Frequency] > 0 | If w12_N_q63_L2 [Migration Respondent House Shift (Loop 2)] = ""Yes"" |",reported distance/accessibility,distance/category per question,origin/destination context per file,distance only; endpoints not identified
w12_N_q64_txt_L2,Migration Respondent House Shift Distance (Loop 2),migr_resp_house_shift_dist_txt_loop2,w12_N,bemp_w12_N.csv,bemp_w12_N_codebook.csv,Migrant History - Respondent - Loop 2,Migration Respondent House Shift Distance (Loop 2),How far have you shifted your house? [one of the distance measures is enough],,Open Text Box,undetermined (no valid values),2268,2268,0,100.0,0,[],[],{},"{""-55"": ""Missing by panel wave drop-out"", ""-66"": ""Missing due to migrant status (actual survey contained in M-survey)""}",,"If w12_N_q36_txt [Migration Respondent Frequency] > 0 | If w12_N_q63_L2 [Migration Respondent House Shift (Loop 2)] = ""Yes"" |",reported distance/accessibility,distance/category per question,origin/destination context per file,distance only; endpoints not identified
w12_N_q64_L3,Migration Respondent House Shift Distance (Loop 3),migr_resp_house_shift_dist_loop3,w12_N,bemp_w12_N.csv,bemp_w12_N_codebook.csv,Migrant History - Respondent - Loop 3,Migration Respondent House Shift Distance (Loop 3),How far have you shifted your house? [one of the distance measures is enough],,Single Choice,undetermined (no valid values),2268,2268,0,100.0,0,[],[],{},"{""1"": ""[minutes walking time]:"", ""2"": ""[meters]:"", ""3"": ""[kilometers]:"", ""4"": ""[miles]:"", ""5"": ""[hands]:"", ""6"": ""[feet]:"", ""7"": ""[roshi/rope]:"", ""8"": ""[gauges/yards]:"", ""9"": ""Other [enter value and unit]:"", ""-8"": ""DK"", ""-9"": ""RA"", ""-55"": ""Missing by panel wave drop-out"", ""-66"": ""Missing due to migrant status (actual survey contained in M-survey)""}",,"If w12_N_q36_txt [Migration Respondent Frequency] > 0 | If w12_N_q63_L3 [Migration Respondent House Shift (Loop 3)] = ""Yes"" |",reported distance/accessibility,distance/category per question,origin/destination context per file,distance only; endpoints not identified
w12_N_q64_txt_L3,Migration Respondent House Shift Distance (Loop 3),migr_resp_house_shift_dist_txt_loop3,w12_N,bemp_w12_N.csv,bemp_w12_N_codebook.csv,Migrant History - Respondent - Loop 3,Migration Respondent House Shift Distance (Loop 3),How far have you shifted your house? [one of the distance measures is enough],,Open Text Box,undetermined (no valid values),2268,2268,0,100.0,0,[],[],{},"{""-55"": ""Missing by panel wave drop-out"", ""-66"": ""Missing due to migrant status (actual survey contained in M-survey)""}",,"If w12_N_q36_txt [Migration Respondent Frequency] > 0 | If w12_N_q63_L3 [Migration Respondent House Shift (Loop 3)] = ""Yes"" |",reported distance/accessibility,distance/category per question,origin/destination context per file,distance only; endpoints not identified
w12_N_q181,Plot Distance from Jamuna,plot_dist_from_jmuna,w12_N,bemp_w12_N.csv,bemp_w12_N_codebook.csv,Plot Characterization,Plot Distance from Jamuna,How far is it from the Jamuna River? [one of the distance measures is enough],,Single Choice,integer-coded,2268,2268,50,97.8,6,"[""1"", ""2"", ""4"", ""3"", ""9"", ""6""]","[""Right next to the river"", ""[minutes walking time]:"", ""[kilometers]:"", ""[meters]:"", ""Other [enter value and unit]:"", ""[hands]:""]","{""1"": 23, ""2"": 15, ""4"": 5, ""3"": 4, ""9"": 2, ""6"": 1}","{""1"": ""Right next to the river"", ""2"": ""[minutes walking time]:"", ""3"": ""[meters]:"", ""4"": ""[kilometers]:"", ""5"": ""[miles]:"", ""6"": ""[hands]:"", ""7"": ""[feet]:"", ""8"": ""[roshi/rope]:"", ""9"": ""Other [enter value and unit]:"", ""-8"": ""DK"", ""-9"": ""RA"", ""-55"": ""Missing by panel wave drop-out"", ""-66"": ""Missing due to migrant status (actual survey contained in M-survey)""}",,If w12_N_q168_txt [New Land Plot Count (Home Village)] > 0 | |,hazard proximity,meters or reported distance category,origin/current residence context,derived/reported distance; no house coordinates
w12_N_q181_txt,Plot Distance from Jamuna,plot_dist_from_jmuna_txt,w12_N,bemp_w12_N.csv,bemp_w12_N_codebook.csv,Plot Characterization,Plot Distance from Jamuna,How far is it from the Jamuna River? [one of the distance measures is enough],,Open Text Box,string,2268,2268,27,98.81,16,"[""5"", ""3"", ""7"", ""10"", ""20"", ""15"", ""200"", ""120""]","[""5"", ""3"", ""7"", ""10"", ""20"", ""15"", ""200"", ""120""]","{""5"": 3, ""3"": 3, ""7"": 3, ""10"": 3, ""20"": 2, ""15"": 2, ""200"": 2, ""120"": 1, ""Middle in Jamuna River"": 1, ""350"": 1}","{""-55"": ""Missing by panel wave drop-out"", ""-66"": ""Missing due to migrant status (actual survey contained in M-survey)""}",,If w12_N_q168_txt [New Land Plot Count (Home Village)] > 0 | |,hazard proximity,meters or reported distance category,origin/current residence context,derived/reported distance; no house coordinates
w12_N_reg3,Respondent Code,resp_code,w12_N,bemp_w12_N.csv,bemp_w12_N_codebook.csv,Questionnaire Registration,Respondent Code,Respondent code,,Open Text Box,string,2268,2268,2268,0.0,2268,"[""L06-Z02-HH17-H"", ""L23-Z02-HH06-H"", ""L27-Z02-HH10-H"", ""L27-Z03-HH16-H"", ""L27-Z03-HH06-H"", ""L19-Z03-HH07-YF"", ""L26-Z02-HH18-H"", ""L23-Z01-HH20-YM""]","[""L06-Z02-HH17-H"", ""L23-Z02-HH06-H"", ""L27-Z02-HH10-H"", ""L27-Z03-HH16-H"", ""L27-Z03-HH06-H"", ""L19-Z03-HH07-YF"", ""L26-Z02-HH18-H"", ""L23-Z01-HH20-YM""]","{""L06-Z02-HH17-H"": 1, ""L23-Z02-HH06-H"": 1, ""L27-Z02-HH10-H"": 1, ""L27-Z03-HH16-H"": 1, ""L27-Z03-HH06-H"": 1, ""L19-Z03-HH07-YF"": 1, ""L26-Z02-HH18-H"": 1, ""L23-Z01-HH20-YM"": 1, ""L26-Z02-HH11-H"": 1, ""L27-Z02-HH09-H"": 1}","{""-55"": ""Missing by panel wave drop-out"", ""-66"": ""Missing due to migrant status (actual survey contained in M-survey)""}","Respondent codes follow the structure: location number (Lxx) - sampling zone (Zyy) - household number (HHzz) - subsample identifier (H - household head; F - senior female; YF - youth female; YM - youth male; LB - left-behind member of migrated respondent). For instance: L05-Z02-HH13-F. Note 1: Respondents with identical household code (e.g., L05-Z02-HH13) but different subsample endings (-H, -F, -YF, -YM, -LB) are individuals who belong to the same household. Note 2: The location- and zone-identifier in the respondent code was assigned in wave 1 and kept constant afterwards, even if respondents moved. Note 3: For locations L10, L17, and L18, the zone indicator is missing as houses were sparsely distributed in these locations and we partly had to sample outside the regular 200-m-zone to reach the targeted number of households. Note 4: Locations belong to the following districts: Bogra (L19-L21); Gaibandha (L23); Jamalpur (L01, L22); Kurigram (L24-L36); Manikganj (L04-L06); Sirajganj (L07-L09); Tangail (L02-L03; L10-L18).",| |,baseline origin sampling-location / household code,anonymized Lxx sampling location; district derivable,origin,pseudonymized composite; fixed after moves
w12_N_q230,Riverbank (Home Village) Current Distance,rivbk_home_villg_crrnt_dist,w12_N,bemp_w12_N.csv,bemp_w12_N_codebook.csv,Erosion 2022 - Perception,Riverbank (Home Village) Current Distance,How far away from your house is the riverbank right now? [one of the distance measures is enough],,Single Choice,integer-coded,2268,2268,1032,54.5,10,"[""2"", ""1"", ""4"", ""3"", ""6"", ""7"", ""9"", ""8""]","[""[minutes walking time]:"", ""River is right next to the house"", ""[kilometers]:"", ""[meters]:"", ""[hands]:"", ""[feet]:"", ""[gauges/yards]:"", ""[roshi/rope]:""]","{""2"": 615, ""1"": 149, ""4"": 56, ""3"": 56, ""6"": 50, ""7"": 35, ""9"": 33, ""8"": 23, ""5"": 14, ""10"": 1}","{""1"": ""River is right next to the house"", ""2"": ""[minutes walking time]:"", ""3"": ""[meters]:"", ""4"": ""[kilometers]:"", ""5"": ""[miles]:"", ""6"": ""[hands]:"", ""7"": ""[feet]:"", ""8"": ""[roshi/rope]:"", ""9"": ""[gauges/yards]:"", ""10"": ""Other [enter value and unit]:"", ""-8"": ""DK"", ""-9"": ""RA"", ""-55"": ""Missing by panel wave drop-out"", ""-66"": ""Missing due to migrant status (actual survey contained in M-survey)""}",,| |,hazard proximity,meters or reported distance category,origin/current residence context,derived/reported distance; no house coordinates
w12_N_q230_txt,Riverbank (Home Village) Current Distance,rivbk_home_villg_crrnt_dist_txt,w12_N,bemp_w12_N.csv,bemp_w12_N_codebook.csv,Erosion 2022 - Perception,Riverbank (Home Village) Current Distance,How far away from your house is the riverbank right now? [one of the distance measures is enough],,Open Text Box,string,2268,2268,883,61.07,45,"[""2"", ""1"", ""5"", ""3"", ""10"", ""20"", ""30"", ""200""]","[""2"", ""1"", ""5"", ""3"", ""10"", ""20"", ""30"", ""200""]","{""2"": 150, ""1"": 140, ""5"": 116, ""3"": 86, ""10"": 64, ""20"": 42, ""30"": 26, ""200"": 25, ""4"": 24, ""100"": 24}","{""-55"": ""Missing by panel wave drop-out"", ""-66"": ""Missing due to migrant status (actual survey contained in M-survey)""}",,| |,hazard proximity,meters or reported distance category,origin/current residence context,derived/reported distance; no house coordinates
w12_N_q22b,Total House Shift Distance,total_house_shift_dist,w12_N,bemp_w12_N.csv,bemp_w12_N_codebook.csv,Household Composition and Migration,Total House Shift Distance,How far have you shifted your house in total? [one of the distance measures is enough],,Single Choice,integer-coded,2268,2268,17,99.25,4,"[""1"", ""3"", ""7"", ""2""]","[""[minutes walking time]:"", ""[kilometers]:"", ""[roshi/rope]:"", ""[meters]:""]","{""1"": 7, ""3"": 5, ""7"": 3, ""2"": 2}","{""1"": ""[minutes walking time]:"", ""2"": ""[meters]:"", ""3"": ""[kilometers]:"", ""4"": ""[miles]:"", ""5"": ""[hands]:"", ""6"": ""[feet]:"", ""7"": ""[roshi/rope]:"", ""8"": ""[gauges/yards]:"", ""9"": ""Other [enter value and unit]:"", ""-8"": ""DK"", ""-9"": ""RA"", ""-55"": ""Missing by panel wave drop-out"", ""-66"": ""Missing due to migrant status (actual survey contained in M-survey)""}",,| If w12_N_q21_txt [House Shift Frequency] > 1 |,reported distance/accessibility,distance/category per question,origin/destination context per file,distance only; endpoints not identified
w12_N_q22b_txt,Total House Shift Distance,total_house_shift_dist_txt,w12_N,bemp_w12_N.csv,bemp_w12_N_codebook.csv,Household Composition and Migration,Total House Shift Distance,How far have you shifted your house in total? [one of the distance measures is enough],,Open Text Box,continuous numeric,2268,2268,17,99.25,11,"[""2"", ""5"", ""10"", ""100"", ""500"", ""70"", ""40"", ""1.5""]","[""2"", ""5"", ""10"", ""100"", ""500"", ""70"", ""40"", ""1.5""]","{""2"": 4, ""5"": 3, ""10"": 2, ""100"": 1, ""500"": 1, ""70"": 1, ""40"": 1, ""1.5"": 1, ""120"": 1, ""3"": 1}","{""-55"": ""Missing by panel wave drop-out"", ""-66"": ""Missing due to migrant status (actual survey contained in M-survey)""}",,| If w12_N_q21_txt [House Shift Frequency] > 1 |,reported distance/accessibility,distance/category per question,origin/destination context per file,distance only; endpoints not identified
w12_N_q129,Village Migration Individual Distance,villg_migr_indiv_dist,w12_N,bemp_w12_N.csv,bemp_w12_N_codebook.csv,Migration at the Village Level,Village Migration Individual Distance,"If you think about those individuals who have left the village while their families stayed in the village. Did they move only to places close to this village, mostly to places close to this village, both the same, mostly to places far from this village or only to places far from this village?",,Single Choice,integer-coded,2268,2268,269,88.14,5,"[""3"", ""4"", ""2"", ""5"", ""1""]","[""Both the same"", ""Mostly to places far from this village"", ""Mostly to places close to this village"", ""Only to places far from this village"", ""Only to places close to this village""]","{""3"": 110, ""4"": 101, ""2"": 35, ""5"": 20, ""1"": 3}","{""1"": ""Only to places close to this village"", ""2"": ""Mostly to places close to this village"", ""3"": ""Both the same"", ""4"": ""Mostly to places far from this village"", ""5"": ""Only to places far from this village"", ""-8"": ""DK"", ""-9"": ""RA"", ""-55"": ""Missing by panel wave drop-out"", ""-66"": ""Missing due to migrant status (actual survey contained in M-survey)""}",,"If (w12_N_reg2 [Respondent Type] = ""Household head"" OR w12_N_q3 [Respondent Newly Household Head] = ""Yes"" OR w12_N_reg2 [Respondent Type] = ""Left-behind member of migrated respondent"") | If w12_N_q126 [Village Migration Individual] = ""Yes"" AND (w12_N_q128 [Village Migration Individual Rural Urban] = ""Both the same"" OR w12_N_q128 [Village Migration Individual Rural Urban] = ""Mostly to villages"" OR w12_N_q128 [Village Migration Individual Rural Urban] = ""Only to villages"") |",reported distance/accessibility,distance/category per question,origin/destination context per file,distance only; endpoints not identified
w12_N_q119,Village Migration Permanent Distance,villg_migr_perm_dist,w12_N,bemp_w12_N.csv,bemp_w12_N_codebook.csv,Migration at the Village Level,Village Migration Permanent Distance,"If you think about those families who have permanently left the village within the last year. Did they move only to places close to this village, mostly to places close to this village, both the same, mostly to places far from this village or only to places far from this village?",,Single Choice,integer-coded,2268,2268,464,79.54,5,"[""2"", ""4"", ""1"", ""3"", ""5""]","[""Mostly to places close to this village"", ""Mostly to places far from this village"", ""Only to places close to this village"", ""Both the same"", ""Only to places far from this village""]","{""2"": 226, ""4"": 79, ""1"": 78, ""3"": 59, ""5"": 22}","{""1"": ""Only to places close to this village"", ""2"": ""Mostly to places close to this village"", ""3"": ""Both the same"", ""4"": ""Mostly to places far from this village"", ""5"": ""Only to places far from this village"", ""-8"": ""DK"", ""-9"": ""RA"", ""-55"": ""Missing by panel wave drop-out"", ""-66"": ""Missing due to migrant status (actual survey contained in M-survey)""}",,"If (w12_N_reg2 [Respondent Type] = ""Household head"" OR w12_N_q3 [Respondent Newly Household Head] = ""Yes"" OR w12_N_reg2 [Respondent Type] = ""Left-behind member of migrated respondent"") | If w12_N_q116 [Village Migration Permanent] = ""Yes"" AND (w12_N_q118 [Village Migration Permanent Rural Urban] = ""Both the same"" OR w12_N_q118 [Village Migration Permanent Rural Urban] = ""Mostly to villages"" OR w12_N_q118 [Village Migration Permanent Rural Urban] = ""Only to villages"") |",reported distance/accessibility,distance/category per question,origin/destination context per file,distance only; endpoints not identified
w12_M_q32,Current Location Residence Duration,crrnt_locat_rsdnc_durat,w12_M,bemp_w12_M.csv,bemp_w12_M_codebook.csv,Household Composition and Migration,Current Location Residence Duration,"For how long have you been living in this exact location within {current location}, meaning in this house?",,Single Choice,integer-coded,379,379,272,28.23,5,"[""3"", ""5"", ""2"", ""4"", ""1""]","[""Months (< 12 months) [specify number of months if they indicate a specific duration]:"", ""More than a year [specify number of years if they indicate a specific duration]:"", ""Weeks (< 1 month)"", ""One year"", ""Days (< 1 week)""]","{""3"": 125, ""5"": 81, ""2"": 35, ""4"": 25, ""1"": 6}","{""1"": ""Days (< 1 week)"", ""2"": ""Weeks (< 1 month)"", ""3"": ""Months (< 12 months) [specify number of months if they indicate a specific duration]:"", ""4"": ""One year"", ""5"": ""More than a year [specify number of years if they indicate a specific duration]:"", ""-8"": ""DK"", ""-9"": ""RA"", ""-55"": ""Missing by panel wave drop-out""}",,"| If (w12_M_reg2 [Respondent Type] = ""Household head"" OR w12_M_q3 [Respondent Newly Household Head] = ""Yes"") OR (w12_M_reg2 [Respondent Type] = ""Youth"" AND w12_M_q24 [Respondent Current Migration Individual or Household] != ""I took the whole household along"") OR (w12_M_reg2 [Respondent Type] = ""Female"" AND w12_M_q24 [Respondent Current Migration Individual or Household] != ""I took the whole household along"") |",destination residence characteristic,house/residence category or duration,destination,categorized
w12_M_q32_txt,Current Location Residence Duration,crrnt_locat_rsdnc_durat_txt,w12_M,bemp_w12_M.csv,bemp_w12_M_codebook.csv,Household Composition and Migration,Current Location Residence Duration,"For how long have you been living in this exact location within {current location}, meaning in this house?",,Open Text Box,continuous numeric,379,379,196,48.28,26,"[""2"", ""1.5"", ""6"", ""3"", ""7"", ""5"", ""8"", ""1""]","[""2"", ""1.5"", ""6"", ""3"", ""7"", ""5"", ""8"", ""1""]","{""2"": 36, ""1.5"": 34, ""6"": 20, ""3"": 16, ""7"": 16, ""5"": 15, ""8"": 12, ""1"": 8, ""4"": 7, ""9"": 7}","{""-55"": ""Missing by panel wave drop-out""}",,"| If (w12_M_reg2 [Respondent Type] = ""Household head"" OR w12_M_q3 [Respondent Newly Household Head] = ""Yes"") OR (w12_M_reg2 [Respondent Type] = ""Youth"" AND w12_M_q24 [Respondent Current Migration Individual or Household] != ""I took the whole household along"") OR (w12_M_reg2 [Respondent Type] = ""Female"" AND w12_M_q24 [Respondent Current Migration Individual or Household] != ""I took the whole household along"") |",destination residence characteristic,house/residence category or duration,destination,categorized
w12_M_dist_from_prev_loc,Distance from Previous Location,dist_from_prev_loc,w12_M,bemp_w12_M.csv,bemp_w12_M_codebook.csv,Geographical Variables,Distance from Previous Location,,,Geographical,continuous numeric,379,379,155,59.1,153,"[""3376.95070734804"", ""4565.17771132303"", ""10.7373942674679"", ""2162.70917347119"", ""784.70626309657"", ""14.6972561599857"", ""4.69696511294074"", ""42.9278160636774""]","[""3376.95070734804"", ""4565.17771132303"", ""10.7373942674679"", ""2162.70917347119"", ""784.70626309657"", ""14.6972561599857"", ""4.69696511294074"", ""42.9278160636774""]","{""3376.95070734804"": 2, ""4565.17771132303"": 2, ""10.7373942674679"": 1, ""2162.70917347119"": 1, ""784.70626309657"": 1, ""14.6972561599857"": 1, ""4.69696511294074"": 1, ""42.9278160636774"": 1, ""25.08804918594"": 1, ""276.727120628838"": 1}","{""-55"": ""Missing by panel wave drop-out""}",Distance between the respondent's house location in the previous in-person survey and the location in this survey (in meters),| |,coordinate-derived inter-wave distance,meters; no direction or endpoint,origin-to-current / inter-wave,derived from withheld house coordinates
w12_M_q34a,House Shift Distance,house_shift_dist,w12_M,bemp_w12_M.csv,bemp_w12_M_codebook.csv,Household Composition and Migration,House Shift Distance,How far have you shifted your house? [one of the distance measures is enough],,Single Choice,integer-coded,379,379,19,94.99,4,"[""1"", ""3"", ""2"", ""6""]","[""[minutes walking time]:"", ""[kilometers]:"", ""[meters]:"", ""[feet]:""]","{""1"": 10, ""3"": 7, ""2"": 1, ""6"": 1}","{""1"": ""[minutes walking time]:"", ""2"": ""[meters]:"", ""3"": ""[kilometers]:"", ""4"": ""[miles]:"", ""5"": ""[hands]:"", ""6"": ""[feet]:"", ""7"": ""[roshi/rope]:"", ""8"": ""[gauges/yards]:"", ""9"": ""Other [enter value and unit]:"", ""-8"": ""DK"", ""-9"": ""RA"", ""-55"": ""Missing by panel wave drop-out""}",,| If (w12_M_q33a_txt [House Shift Frequency] = 1 OR w12_M_q33b_txt [House Shift Frequency (Migration Location)] = 1) |,reported distance/accessibility,distance/category per question,origin/destination context per file,distance only; endpoints not identified
w12_M_q34a_txt,House Shift Distance,house_shift_dist_txt,w12_M,bemp_w12_M.csv,bemp_w12_M_codebook.csv,Household Composition and Migration,House Shift Distance,How far have you shifted your house? [one of the distance measures is enough],,Open Text Box,continuous numeric,379,379,19,94.99,11,"[""10"", ""4"", ""30"", ""3"", ""20"", ""5"", ""2.5"", ""0.5""]","[""10"", ""4"", ""30"", ""3"", ""20"", ""5"", ""2.5"", ""0.5""]","{""10"": 3, ""4"": 3, ""30"": 3, ""3"": 2, ""20"": 2, ""5"": 1, ""2.5"": 1, ""0.5"": 1, ""40"": 1, ""15"": 1}","{""-55"": ""Missing by panel wave drop-out""}",,| If (w12_M_q33a_txt [House Shift Frequency] = 1 OR w12_M_q33b_txt [House Shift Frequency (Migration Location)] = 1) |,reported distance/accessibility,distance/category per question,origin/destination context per file,distance only; endpoints not identified
w12_M_q253,Plot Distance from Jamuna,plot_dist_from_jmuna,w12_M,bemp_w12_M.csv,bemp_w12_M_codebook.csv,Plot Characterization,Plot Distance from Jamuna,How far is it from the Jamuna River? [one of the distance measures is enough],,Single Choice,integer-coded,379,379,1,99.74,1,"[""4""]","[""[kilometers]:""]","{""4"": 1}","{""1"": ""Right next to the river"", ""2"": ""[minutes walking time]:"", ""3"": ""[meters]:"", ""4"": ""[kilometers]:"", ""5"": ""[miles]:"", ""6"": ""[hands]:"", ""7"": ""[feet]:"", ""8"": ""[roshi/rope]:"", ""9"": ""Other [enter value and unit]:"", ""-8"": ""DK"", ""-9"": ""RA"", ""-55"": ""Missing by panel wave drop-out""}",,"If (w12_M_q232_txt [New Land Plot Count (Migration Location)] > 0 OR w12_M_q242_txt [New Land Plot Count (Home Village)] > 0) | If w12_M_q251 [Plot Location] = ""{home village in wave 1}"" |",hazard proximity,meters or reported distance category,origin/current residence context,derived/reported distance; no house coordinates
w12_M_q253_txt,Plot Distance from Jamuna,plot_dist_from_jmuna_txt,w12_M,bemp_w12_M.csv,bemp_w12_M_codebook.csv,Plot Characterization,Plot Distance from Jamuna,How far is it from the Jamuna River? [one of the distance measures is enough],,Open Text Box,integer-coded,379,379,1,99.74,1,"[""1""]","[""1""]","{""1"": 1}","{""-55"": ""Missing by panel wave drop-out""}",,"If (w12_M_q232_txt [New Land Plot Count (Migration Location)] > 0 OR w12_M_q242_txt [New Land Plot Count (Home Village)] > 0) | If w12_M_q251 [Plot Location] = ""{home village in wave 1}"" |",hazard proximity,meters or reported distance category,origin/current residence context,derived/reported distance; no house coordinates
w12_M_enum4,Residence Type,rsdnc_type,w12_M,bemp_w12_M.csv,bemp_w12_M_codebook.csv,Respondent Characteristics,Residence Type,Respondent lives in...,,Single Choice,integer-coded,379,379,101,73.35,5,"[""1"", ""3"", ""2"", ""5"", ""4""]","[""hut"", ""multi-story apartment house"", ""single-story apartment house"", ""Other:"", ""residential home""]","{""1"": 52, ""3"": 26, ""2"": 14, ""5"": 6, ""4"": 3}","{""1"": ""hut"", ""2"": ""single-story apartment house"", ""3"": ""multi-story apartment house"", ""4"": ""residential home"", ""5"": ""Other:"", ""-7"": ""Not observed"", ""-55"": ""Missing by panel wave drop-out""}",This variable was assessed by the enumerator and not asked to the respondent.,"If enumerator is at respondent's house | If w12_M_q19 [Respondent Current Location Rural Urban] = ""City"" | If ""single-story apartment house"" is selected, skip to: w12_M_enum11 [Neighborhood Charging Station Access]; If ""multi-story apartment house"" is selected, skip to: w12_M_enum11 [Neighborhood Charging Station Access]; If ""residential home"" is selected, skip to: w12_M_enum11 [Neighborhood Charging Station Access]",destination residence characteristic,house/residence category or duration,destination,categorized
w12_M_enum4_txt,Residence Type,rsdnc_type_txt,w12_M,bemp_w12_M.csv,bemp_w12_M_codebook.csv,Respondent Characteristics,Residence Type,Respondent lives in...,,Open Text Box,string,379,379,6,98.42,1,"[""Tin shade""]","[""Tin shade""]","{""Tin shade"": 6}","{""-55"": ""Missing by panel wave drop-out""}",This variable was assessed by the enumerator and not asked to the respondent.,"If enumerator is at respondent's house | If w12_M_q19 [Respondent Current Location Rural Urban] = ""City"" | If ""single-story apartment house"" is selected, skip to: w12_M_enum11 [Neighborhood Charging Station Access]; If ""multi-story apartment house"" is selected, skip to: w12_M_enum11 [Neighborhood Charging Station Access]; If ""residential home"" is selected, skip to: w12_M_enum11 [Neighborhood Charging Station Access]",destination residence characteristic,house/residence category or duration,destination,categorized
w12_M_reg3,Respondent Code,resp_code,w12_M,bemp_w12_M.csv,bemp_w12_M_codebook.csv,Questionnaire Registration,Respondent Code,Respondent code,,Open Text Box,string,379,379,379,0.0,378,"[""L18-HH38-YM"", ""L05-Z01-HH18-H"", ""L13-Z03-HH01-H"", ""L25-Z01-HH02-H"", ""L31-Z03-HH59-H"", ""L32-Z03-HH43-H"", ""L29-Z03-HH25-H"", ""L11-Z03-HH05-H""]","[""L18-HH38-YM"", ""L05-Z01-HH18-H"", ""L13-Z03-HH01-H"", ""L25-Z01-HH02-H"", ""L31-Z03-HH59-H"", ""L32-Z03-HH43-H"", ""L29-Z03-HH25-H"", ""L11-Z03-HH05-H""]","{""L18-HH38-YM"": 2, ""L05-Z01-HH18-H"": 1, ""L13-Z03-HH01-H"": 1, ""L25-Z01-HH02-H"": 1, ""L31-Z03-HH59-H"": 1, ""L32-Z03-HH43-H"": 1, ""L29-Z03-HH25-H"": 1, ""L11-Z03-HH05-H"": 1, ""L31-Z02-HH42-YM"": 1, ""L31-Z03-HH11-H"": 1}","{""-55"": ""Missing by panel wave drop-out""}","Respondent codes follow the structure: location number (Lxx) - sampling zone (Zyy) - household number (HHzz) - subsample identifier (H - household head; F - senior female; YF - youth female; YM - youth male; LB - left-behind member of migrated respondent). For instance: L05-Z02-HH13-F. Note 1: Respondents with identical household code (e.g., L05-Z02-HH13) but different subsample endings (-H, -F, -YF, -YM, -LB) are individuals who belong to the same household. Note 2: The location- and zone-identifier in the respondent code was assigned in wave 1 and kept constant afterwards, even if respondents moved. Note 3: For locations L10, L17, and L18, the zone indicator is missing as houses were sparsely distributed in these locations and we partly had to sample outside the regular 200-m-zone to reach the targeted number of households. Note 4: Locations belong to the following districts: Bogra (L19-L21); Gaibandha (L23); Jamalpur (L01, L22); Kurigram (L24-L36); Manikganj (L04-L06); Sirajganj (L07-L09); Tangail (L02-L03; L10-L18).",| |,baseline origin sampling-location / household code,anonymized Lxx sampling location; district derivable,origin,pseudonymized composite; fixed after moves
w12_M_q20,Respondent Current Location City,resp_crrnt_locat_city,w12_M,bemp_w12_M.csv,bemp_w12_M_codebook.csv,Household Composition and Migration,Respondent Current Location City,[filled by enumerator] What is the name of the city to which he/she went?,,Single Choice,integer-coded,379,379,85,77.57,11,"[""1"", ""2"", ""7"", ""18"", ""10"", ""9"", ""4"", ""14""]","[""Dhaka"", ""Tangail"", ""Gazipur"", ""Other:"", ""Bogura"", ""Narayanganj"", ""Jamalpur"", ""Rangpur""]","{""1"": 33, ""2"": 22, ""7"": 11, ""18"": 8, ""10"": 2, ""9"": 2, ""4"": 2, ""14"": 2, ""6"": 1, ""5"": 1}","{""1"": ""Dhaka"", ""2"": ""Tangail"", ""3"": ""Nagarpur"", ""4"": ""Jamalpur"", ""5"": ""Mymensingh"", ""6"": ""Chittagong"", ""7"": ""Gazipur"", ""8"": ""Munshiganj"", ""9"": ""Narayanganj"", ""10"": ""Bogura"", ""11"": ""Gaibandha"", ""12"": ""Manikganj"", ""13"": ""Noakhali"", ""14"": ""Rangpur"", ""15"": ""Bhola"", ""16"": ""Sirajganj"", ""18"": ""Other:"", ""-8"": ""DK"", ""-9"": ""RA"", ""-55"": ""Missing by panel wave drop-out""}",,"| If (w12_M_q19 [Respondent Current Location Rural Urban] = ""City"" AND w12_M_q16 [Respondent Current Location New or Old] != ""In {previous migration destination}"") |",destination city category/name,city,destination,categorical/open-text city; no coordinates
w12_M_q20_txt,Respondent Current Location City,resp_crrnt_locat_city_txt,w12_M,bemp_w12_M.csv,bemp_w12_M_codebook.csv,Household Composition and Migration,Respondent Current Location City,[filled by enumerator] What is the name of the city to which he/she went?,,Open Text Box,string,379,379,9,97.63,9,"[""Comilla"", ""Narshindhi"", ""Cox's Bazar"", ""Gopalgonj"", ""Kurigram"", ""Kalipur"", ""Savar"", ""Saver""]","[""Comilla"", ""Narshindhi"", ""Cox's Bazar"", ""Gopalgonj"", ""Kurigram"", ""Kalipur"", ""Savar"", ""Saver""]","{""Comilla"": 1, ""Narshindhi"": 1, ""Cox's Bazar"": 1, ""Gopalgonj"": 1, ""Kurigram"": 1, ""Kalipur"": 1, ""Savar"": 1, ""Saver"": 1, ""Bandarban"": 1}","{""-55"": ""Missing by panel wave drop-out""}",,"| If (w12_M_q19 [Respondent Current Location Rural Urban] = ""City"" AND w12_M_q16 [Respondent Current Location New or Old] != ""In {previous migration destination}"") |",destination city category/name,city,destination,categorical/open-text city; no coordinates
w12_M_q18,Respondent Current Location Country,resp_crrnt_locat_cntr,w12_M,bemp_w12_M.csv,bemp_w12_M_codebook.csv,Household Composition and Migration,Respondent Current Location Country,[filled by enumerator] To which country did the respondent go?,,Single Choice,undetermined (no valid values),379,379,0,100.0,0,[],[],{},"{""1"": ""Qatar"", ""2"": ""Malaysia"", ""3"": ""Saudi-Arabia"", ""4"": ""UAE"", ""5"": ""Dubai"", ""6"": ""India"", ""7"": ""Singapur"", ""8"": ""Libya"", ""9"": ""Other:"", ""-8"": ""DK"", ""-9"": ""RA"", ""-55"": ""Missing by panel wave drop-out""}",,"| If w12_M_q17 [Respondent Current Location Domestic Abroad] = ""Abroad"" |",domestic/international destination,country/internal status,destination,categorized
w12_M_q18_txt,Respondent Current Location Country,resp_crrnt_locat_cntr_txt,w12_M,bemp_w12_M.csv,bemp_w12_M_codebook.csv,Household Composition and Migration,Respondent Current Location Country,[filled by enumerator] To which country did the respondent go?,,Open Text Box,undetermined (no valid values),379,379,0,100.0,0,[],[],{},"{""-55"": ""Missing by panel wave drop-out""}",,"| If w12_M_q17 [Respondent Current Location Domestic Abroad] = ""Abroad"" |",domestic/international destination,country/internal status,destination,categorized
w12_M_q17,Respondent Current Location Domestic Abroad,resp_crrnt_locat_dmstc_abrod,w12_M,bemp_w12_M.csv,bemp_w12_M_codebook.csv,Household Composition and Migration,Respondent Current Location Domestic Abroad,[filled by enumerator] Did the respondent go to a location inside Bangladesh or abroad?,,Single Choice,integer-coded,379,379,177,53.3,1,"[""1""]","[""In Bangladesh""]","{""1"": 177}","{""1"": ""In Bangladesh"", ""2"": ""Abroad"", ""-8"": ""DK"", ""-9"": ""RA"", ""-55"": ""Missing by panel wave drop-out""}",,"| If (w12_M_q16 [Respondent Current Location New or Old] = ""In another location"" OR w12_M_reg10 [Previous Migration Status] = ""NON-MIGRANT"" OR w12_M_reg10 [Previous Migration Status] = ""Not interviewed"") |",domestic/international destination,country/internal status,destination,categorized
w12_M_q16,Respondent Current Location New or Old,resp_crrnt_locat_new_or_old,w12_M,bemp_w12_M.csv,bemp_w12_M_codebook.csv,Household Composition and Migration,Respondent Current Location New or Old,[filled by enumerator] Is the respondent in {previous migration destination} or in a new location?,,Single Choice,integer-coded,379,379,155,59.1,2,"[""1"", ""2""]","[""In {previous migration destination}"", ""In another location""]","{""1"": 125, ""2"": 30}","{""1"": ""In {previous migration destination}"", ""2"": ""In another location"", ""-55"": ""Missing by panel wave drop-out""}",,"| If w12_M_reg10 [Previous Migration Status] = ""MIGRANT"" |",same-versus-new inter-wave destination,relational,destination,categorized
w12_M_q19,Respondent Current Location Rural Urban,resp_crrnt_locat_rural_urban,w12_M,bemp_w12_M.csv,bemp_w12_M_codebook.csv,Household Composition and Migration,Respondent Current Location Rural Urban,[filled by enumerator] Did the respondent go to a city or to a village?,,Single Choice,integer-coded,379,379,294,22.43,2,"[""2"", ""1""]","[""Village"", ""City""]","{""2"": 176, ""1"": 118}","{""1"": ""City"", ""2"": ""Village"", ""-8"": ""DK"", ""-9"": ""RA"", ""-55"": ""Missing by panel wave drop-out""}",,"| If (w12_M_q17 [Respondent Current Location Domestic Abroad] = ""In Bangladesh"" OR w12_M_q16 [Respondent Current Location New or Old] = ""In {previous migration destination}"") |",rural/urban settlement type,settlement type,destination,categorized
w12_M_q21x5,Respondent Current Location Village,resp_crrnt_locat_villg5,w12_M,bemp_w12_M.csv,bemp_w12_M_codebook.csv,Household Composition and Migration,Respondent Current Location Village,[filled by enumerator] What is the name of the village to which he/she went? [fill in whatever information the respondent can provide; be careful about spelling],District:,Multiple Choice,integer-coded,379,379,131,65.44,2,"[""1"", ""0""]","[""Selected"", ""Not Selected""]","{""1"": 118, ""0"": 13}","{""0"": ""Not Selected"", ""1"": ""Selected"", ""-55"": ""Missing by panel wave drop-out""}",Geographic identifiers below the district level were removed from the published dataset to protect participant confidentiality.,"| If (w12_M_q19 [Respondent Current Location Rural Urban] = ""Village"" AND w12_M_q16 [Respondent Current Location New or Old] != ""In {previous migration destination}"") |",rural destination district,district,destination,village/upazila/union removed; district retained
w12_M_q21x5_txt,Respondent Current Location Village,resp_crrnt_locat_villg5_txt,w12_M,bemp_w12_M.csv,bemp_w12_M_codebook.csv,Household Composition and Migration,Respondent Current Location Village,[filled by enumerator] What is the name of the village to which he/she went? [fill in whatever information the respondent can provide; be careful about spelling],District:,Open Text Box,string,379,379,118,68.87,21,"[""Tangail"", ""Bogura"", ""Kurigram"", ""Jamalpur"", ""Gazipur"", ""tangile"", ""Sirajganj"", ""Gaibandha""]","[""Tangail"", ""Bogura"", ""Kurigram"", ""Jamalpur"", ""Gazipur"", ""tangile"", ""Sirajganj"", ""Gaibandha""]","{""Tangail"": 48, ""Bogura"": 20, ""Kurigram"": 11, ""Jamalpur"": 7, ""Gazipur"": 6, ""tangile"": 4, ""Sirajganj"": 3, ""Gaibandha"": 3, ""Manikganj"": 2, ""Sirajgonj"": 2}","{""-55"": ""Missing by panel wave drop-out""}",Geographic identifiers below the district level were removed from the published dataset to protect participant confidentiality.,"| If (w12_M_q19 [Respondent Current Location Rural Urban] = ""Village"" AND w12_M_q16 [Respondent Current Location New or Old] != ""In {previous migration destination}"") |",rural destination district,district,destination,village/upazila/union removed; district retained
w12_M_q21x6,Respondent Current Location Village,resp_crrnt_locat_villg6,w12_M,bemp_w12_M.csv,bemp_w12_M_codebook.csv,Household Composition and Migration,Respondent Current Location Village,[filled by enumerator] What is the name of the village to which he/she went? [fill in whatever information the respondent can provide; be careful about spelling],Division:,Multiple Choice,integer-coded,379,379,131,65.44,2,"[""1"", ""0""]","[""Selected"", ""Not Selected""]","{""1"": 82, ""0"": 49}","{""0"": ""Not Selected"", ""1"": ""Selected"", ""-55"": ""Missing by panel wave drop-out""}",Geographic identifiers below the district level were removed from the published dataset to protect participant confidentiality.,"| If (w12_M_q19 [Respondent Current Location Rural Urban] = ""Village"" AND w12_M_q16 [Respondent Current Location New or Old] != ""In {previous migration destination}"") |",rural destination division,division,destination,village/upazila/union removed; division retained
w12_M_q21x6_txt,Respondent Current Location Village,resp_crrnt_locat_villg6_txt,w12_M,bemp_w12_M.csv,bemp_w12_M_codebook.csv,Household Composition and Migration,Respondent Current Location Village,[filled by enumerator] What is the name of the village to which he/she went? [fill in whatever information the respondent can provide; be careful about spelling],Division:,Open Text Box,string,379,379,81,78.63,6,"[""Dhaka"", ""Rajshahi"", ""Rangpur"", ""dhaka"", ""Rajshashi"", ""Maymanshing""]","[""Dhaka"", ""Rajshahi"", ""Rangpur"", ""dhaka"", ""Rajshashi"", ""Maymanshing""]","{""Dhaka"": 46, ""Rajshahi"": 16, ""Rangpur"": 10, ""dhaka"": 6, ""Rajshashi"": 2, ""Maymanshing"": 1}","{""-55"": ""Missing by panel wave drop-out""}",Geographic identifiers below the district level were removed from the published dataset to protect participant confidentiality.,"| If (w12_M_q19 [Respondent Current Location Rural Urban] = ""Village"" AND w12_M_q16 [Respondent Current Location New or Old] != ""In {previous migration destination}"") |",rural destination division,division,destination,village/upazila/union removed; division retained
w12_M_q21x88,Respondent Current Location Village,resp_crrnt_locat_villg88,w12_M,bemp_w12_M.csv,bemp_w12_M_codebook.csv,Household Composition and Migration,Respondent Current Location Village,[filled by enumerator] What is the name of the village to which he/she went? [fill in whatever information the respondent can provide; be careful about spelling],DK,Multiple Choice,integer-coded,379,379,131,65.44,1,"[""0""]","[""Not Selected""]","{""0"": 131}","{""0"": ""Not Selected"", ""1"": ""Selected"", ""-55"": ""Missing by panel wave drop-out""}",Geographic identifiers below the district level were removed from the published dataset to protect participant confidentiality.,"| If (w12_M_q19 [Respondent Current Location Rural Urban] = ""Village"" AND w12_M_q16 [Respondent Current Location New or Old] != ""In {previous migration destination}"") |",rural destination response flag,relational/nonresponse flag,destination,village identity removed
w12_M_q21x99,Respondent Current Location Village,resp_crrnt_locat_villg99,w12_M,bemp_w12_M.csv,bemp_w12_M_codebook.csv,Household Composition and Migration,Respondent Current Location Village,[filled by enumerator] What is the name of the village to which he/she went? [fill in whatever information the respondent can provide; be careful about spelling],RA,Multiple Choice,integer-coded,379,379,131,65.44,1,"[""0""]","[""Not Selected""]","{""0"": 131}","{""0"": ""Not Selected"", ""1"": ""Selected"", ""-55"": ""Missing by panel wave drop-out""}",Geographic identifiers below the district level were removed from the published dataset to protect participant confidentiality.,"| If (w12_M_q19 [Respondent Current Location Rural Urban] = ""Village"" AND w12_M_q16 [Respondent Current Location New or Old] != ""In {previous migration destination}"") |",rural destination response flag,relational/nonresponse flag,destination,village identity removed
w12_M_q92_L1,Secondary Migration Respondent House Shift Distance (Loop 1),scndr_migr_resp_house_shift_dist_loop1,w12_M,bemp_w12_M.csv,bemp_w12_M_codebook.csv,Migrant History (Old) - Respondent - Loop 1,Secondary Migration Respondent House Shift Distance (Loop 1),How far have you shifted your house? [one of the distance measures is enough],,Single Choice,undetermined (no valid values),379,379,0,100.0,0,[],[],{},"{""1"": ""[minutes walking time]:"", ""2"": ""[meters]:"", ""3"": ""[kilometers]:"", ""4"": ""[miles]:"", ""5"": ""[hands]:"", ""6"": ""[feet]:"", ""7"": ""[roshi/rope]:"", ""8"": ""[gauges/yards]:"", ""9"": ""Other [enter value and unit]:"", ""-8"": ""DK"", ""-9"": ""RA"", ""-55"": ""Missing by panel wave drop-out""}",,"If w12_M_q48b_txt [Secondary Migration Respondent Frequency] > 0 | If w12_M_q91_L1 [Secondary Migration Respondent House Shift (Loop 1)] = ""Yes"" |",reported distance/accessibility,distance/category per question,origin/destination context per file,distance only; endpoints not identified
w12_M_q92_txt_L1,Secondary Migration Respondent House Shift Distance (Loop 1),scndr_migr_resp_house_shift_dist_txt_loop1,w12_M,bemp_w12_M.csv,bemp_w12_M_codebook.csv,Migrant History (Old) - Respondent - Loop 1,Secondary Migration Respondent House Shift Distance (Loop 1),How far have you shifted your house? [one of the distance measures is enough],,Open Text Box,undetermined (no valid values),379,379,0,100.0,0,[],[],{},"{""-55"": ""Missing by panel wave drop-out""}",,"If w12_M_q48b_txt [Secondary Migration Respondent Frequency] > 0 | If w12_M_q91_L1 [Secondary Migration Respondent House Shift (Loop 1)] = ""Yes"" |",reported distance/accessibility,distance/category per question,origin/destination context per file,distance only; endpoints not identified
w12_M_q92_L2,Secondary Migration Respondent House Shift Distance (Loop 2),scndr_migr_resp_house_shift_dist_loop2,w12_M,bemp_w12_M.csv,bemp_w12_M_codebook.csv,Migrant History (Old) - Respondent - Loop 2,Secondary Migration Respondent House Shift Distance (Loop 2),How far have you shifted your house? [one of the distance measures is enough],,Single Choice,undetermined (no valid values),379,379,0,100.0,0,[],[],{},"{""1"": ""[minutes walking time]:"", ""2"": ""[meters]:"", ""3"": ""[kilometers]:"", ""4"": ""[miles]:"", ""5"": ""[hands]:"", ""6"": ""[feet]:"", ""7"": ""[roshi/rope]:"", ""8"": ""[gauges/yards]:"", ""9"": ""Other [enter value and unit]:"", ""-8"": ""DK"", ""-9"": ""RA"", ""-55"": ""Missing by panel wave drop-out""}",,"If w12_M_q48b_txt [Secondary Migration Respondent Frequency] > 0 | If w12_M_q91_L2 [Secondary Migration Respondent House Shift (Loop 2)] = ""Yes"" |",reported distance/accessibility,distance/category per question,origin/destination context per file,distance only; endpoints not identified
w12_M_q92_txt_L2,Secondary Migration Respondent House Shift Distance (Loop 2),scndr_migr_resp_house_shift_dist_txt_loop2,w12_M,bemp_w12_M.csv,bemp_w12_M_codebook.csv,Migrant History (Old) - Respondent - Loop 2,Secondary Migration Respondent House Shift Distance (Loop 2),How far have you shifted your house? [one of the distance measures is enough],,Open Text Box,undetermined (no valid values),379,379,0,100.0,0,[],[],{},"{""-55"": ""Missing by panel wave drop-out""}",,"If w12_M_q48b_txt [Secondary Migration Respondent Frequency] > 0 | If w12_M_q91_L2 [Secondary Migration Respondent House Shift (Loop 2)] = ""Yes"" |",reported distance/accessibility,distance/category per question,origin/destination context per file,distance only; endpoints not identified
w12_M_q92_L3,Secondary Migration Respondent House Shift Distance (Loop 3),scndr_migr_resp_house_shift_dist_loop3,w12_M,bemp_w12_M.csv,bemp_w12_M_codebook.csv,Migrant History (Old) - Respondent - Loop 3,Secondary Migration Respondent House Shift Distance (Loop 3),How far have you shifted your house? [one of the distance measures is enough],,Single Choice,undetermined (no valid values),379,379,0,100.0,0,[],[],{},"{""1"": ""[minutes walking time]:"", ""2"": ""[meters]:"", ""3"": ""[kilometers]:"", ""4"": ""[miles]:"", ""5"": ""[hands]:"", ""6"": ""[feet]:"", ""7"": ""[roshi/rope]:"", ""8"": ""[gauges/yards]:"", ""9"": ""Other [enter value and unit]:"", ""-8"": ""DK"", ""-9"": ""RA"", ""-55"": ""Missing by panel wave drop-out""}",,"If w12_M_q48b_txt [Secondary Migration Respondent Frequency] > 0 | If w12_M_q91_L3 [Secondary Migration Respondent House Shift (Loop 3)] = ""Yes"" |",reported distance/accessibility,distance/category per question,origin/destination context per file,distance only; endpoints not identified
w12_M_q92_txt_L3,Secondary Migration Respondent House Shift Distance (Loop 3),scndr_migr_resp_house_shift_dist_txt_loop3,w12_M,bemp_w12_M.csv,bemp_w12_M_codebook.csv,Migrant History (Old) - Respondent - Loop 3,Secondary Migration Respondent House Shift Distance (Loop 3),How far have you shifted your house? [one of the distance measures is enough],,Open Text Box,undetermined (no valid values),379,379,0,100.0,0,[],[],{},"{""-55"": ""Missing by panel wave drop-out""}",,"If w12_M_q48b_txt [Secondary Migration Respondent Frequency] > 0 | If w12_M_q91_L3 [Secondary Migration Respondent House Shift (Loop 3)] = ""Yes"" |",reported distance/accessibility,distance/category per question,origin/destination context per file,distance only; endpoints not identified
w12_M_q34b,Total House Shift Distance,total_house_shift_dist,w12_M,bemp_w12_M.csv,bemp_w12_M_codebook.csv,Household Composition and Migration,Total House Shift Distance,How far have you shifted your house in total? [one of the distance measures is enough],,Single Choice,integer-coded,379,379,1,99.74,1,"[""2""]","[""[meters]:""]","{""2"": 1}","{""1"": ""[minutes walking time]:"", ""2"": ""[meters]:"", ""3"": ""[kilometers]:"", ""4"": ""[miles]:"", ""5"": ""[hands]:"", ""6"": ""[feet]:"", ""7"": ""[roshi/rope]:"", ""8"": ""[gauges/yards]:"", ""9"": ""Other [enter value and unit]:"", ""-8"": ""DK"", ""-9"": ""RA"", ""-55"": ""Missing by panel wave drop-out""}",,| If (w12_M_q33a_txt [House Shift Frequency] > 1 OR w12_M_q33b_txt [House Shift Frequency (Migration Location)] > 1) |,reported distance/accessibility,distance/category per question,origin/destination context per file,distance only; endpoints not identified
w12_M_q34b_txt,Total House Shift Distance,total_house_shift_dist_txt,w12_M,bemp_w12_M.csv,bemp_w12_M_codebook.csv,Household Composition and Migration,Total House Shift Distance,How far have you shifted your house in total? [one of the distance measures is enough],,Open Text Box,integer-coded,379,379,1,99.74,1,"[""950""]","[""950""]","{""950"": 1}","{""-55"": ""Missing by panel wave drop-out""}",,| If (w12_M_q33a_txt [House Shift Frequency] > 1 OR w12_M_q33b_txt [House Shift Frequency (Migration Location)] > 1) |,reported distance/accessibility,distance/category per question,origin/destination context per file,distance only; endpoints not identified
w12_V_q11x1,Distance to Road,dist_to_road1,w12_V,bemp_w12_V.csv,bemp_w12_V_codebook.csv,Public Goods,Distance to Road,How far is it until the next tar/concrete/paved road,Distance in kilometers,Multiple Choice,integer-coded,35,35,23,34.29,2,"[""1"", ""0""]","[""Selected"", ""Not Selected""]","{""1"": 21, ""0"": 2}","{""0"": ""Not Selected"", ""1"": ""Selected""}",,| |,reported distance/accessibility,distance/category per question,origin/destination context per file,distance only; endpoints not identified
w12_V_q11x1_txt,Distance to Road,dist_to_road1_txt,w12_V,bemp_w12_V.csv,bemp_w12_V_codebook.csv,Public Goods,Distance to Road,How far is it until the next tar/concrete/paved road,Distance in kilometers,Open Text Box,continuous numeric,35,35,21,40.0,9,"[""1"", ""2"", ""3"", ""1.5"", ""10"", ""6"", ""0"", ""4""]","[""1"", ""2"", ""3"", ""1.5"", ""10"", ""6"", ""0"", ""4""]","{""1"": 6, ""2"": 4, ""3"": 3, ""1.5"": 3, ""10"": 1, ""6"": 1, ""0"": 1, ""4"": 1, ""2.5"": 1}",{},,| |,reported distance/accessibility,distance/category per question,origin/destination context per file,distance only; endpoints not identified
w12_V_q11x2,Distance to Road,dist_to_road2,w12_V,bemp_w12_V.csv,bemp_w12_V_codebook.csv,Public Goods,Distance to Road,How far is it until the next tar/concrete/paved road,Distance in minutes driving,Multiple Choice,integer-coded,35,35,23,34.29,2,"[""0"", ""1""]","[""Not Selected"", ""Selected""]","{""0"": 21, ""1"": 2}","{""0"": ""Not Selected"", ""1"": ""Selected""}",,| |,reported distance/accessibility,distance/category per question,origin/destination context per file,distance only; endpoints not identified
w12_V_q11x2_txt,Distance to Road,dist_to_road2_txt,w12_V,bemp_w12_V.csv,bemp_w12_V_codebook.csv,Public Goods,Distance to Road,How far is it until the next tar/concrete/paved road,Distance in minutes driving,Open Text Box,integer-coded,35,35,2,94.29,2,"[""25"", ""5""]","[""25"", ""5""]","{""25"": 1, ""5"": 1}",{},,| |,reported distance/accessibility,distance/category per question,origin/destination context per file,distance only; endpoints not identified
w12_V_q11x3,Distance to Road,dist_to_road3,w12_V,bemp_w12_V.csv,bemp_w12_V_codebook.csv,Public Goods,Distance to Road,How far is it until the next tar/concrete/paved road,Distance in minutes walking,Multiple Choice,integer-coded,35,35,23,34.29,2,"[""0"", ""1""]","[""Not Selected"", ""Selected""]","{""0"": 21, ""1"": 2}","{""0"": ""Not Selected"", ""1"": ""Selected""}",,| |,reported distance/accessibility,distance/category per question,origin/destination context per file,distance only; endpoints not identified
w12_V_q11x3_txt,Distance to Road,dist_to_road3_txt,w12_V,bemp_w12_V.csv,bemp_w12_V_codebook.csv,Public Goods,Distance to Road,How far is it until the next tar/concrete/paved road,Distance in minutes walking,Open Text Box,integer-coded,35,35,2,94.29,2,"[""90"", ""1""]","[""90"", ""1""]","{""90"": 1, ""1"": 1}",{},,| |,reported distance/accessibility,distance/category per question,origin/destination context per file,distance only; endpoints not identified
w12_V_q4,District,dstrc,w12_V,bemp_w12_V.csv,bemp_w12_V_codebook.csv,Registration,District,District,,Open Text Box,string,35,35,35,0.0,9,"[""Kurigram"", ""Tangail"", ""Jamalpur"", ""Manikganj"", ""Sirajgonj"", ""Bogura"", ""Manikgang"", ""Shirajganj""]","[""Kurigram"", ""Tangail"", ""Jamalpur"", ""Manikganj"", ""Sirajgonj"", ""Bogura"", ""Manikgang"", ""Shirajganj""]","{""Kurigram"": 13, ""Tangail"": 10, ""Jamalpur"": 3, ""Manikganj"": 2, ""Sirajgonj"": 2, ""Bogura"": 2, ""Manikgang"": 1, ""Shirajganj"": 1, ""Gaibandha"": 1}",{},Geographic identifiers below the district level were removed from the published dataset to protect participant confidentiality.,| |,district name,district,origin village profile,public district; lower levels suppressed
w12_V_reg2,Location Number,locat_nmbr,w12_V,bemp_w12_V.csv,bemp_w12_V_codebook.csv,Registration,Location Number,Location number (for example L01),,Open Text Box,string,35,35,35,0.0,35,"[""L06"", ""L31"", ""L01"", ""L23"", ""L24"", ""L25"", ""L27"", ""L26""]","[""L06"", ""L31"", ""L01"", ""L23"", ""L24"", ""L25"", ""L27"", ""L26""]","{""L06"": 1, ""L31"": 1, ""L01"": 1, ""L23"": 1, ""L24"": 1, ""L25"": 1, ""L27"": 1, ""L26"": 1, ""L32"": 1, ""L19"": 1}",{},"Locations belong to the following districts: Bogra (L19-L21); Gaibandha (L23); Jamalpur (L01, L22); Kurigram (L24-L36); Manikganj (L04-L06); Sirajganj (L07-L09); Tangail (L02-L03; L10-L18).",| |,baseline origin sampling-location code,anonymized Lxx location; district derivable,origin,pseudonymized location code; no village name
w12_V_q24x1,Madrasha Distance,mdrsh_dist1,w12_V,bemp_w12_V.csv,bemp_w12_V_codebook.csv,Public Goods,Madrasha Distance,"How far is it to the next Madrasha? [enter preferably in kilometers/miles, else in minutes driving]",Distance in kilometers:,Multiple Choice,integer-coded,35,35,11,68.57,2,"[""1"", ""0""]","[""Selected"", ""Not Selected""]","{""1"": 10, ""0"": 1}","{""0"": ""Not Selected"", ""1"": ""Selected""}",,| |,reported distance/accessibility,distance/category per question,origin/destination context per file,distance only; endpoints not identified
w12_V_q24x1_txt,Madrasha Distance,mdrsh_dist1_txt,w12_V,bemp_w12_V.csv,bemp_w12_V_codebook.csv,Public Goods,Madrasha Distance,"How far is it to the next Madrasha? [enter preferably in kilometers/miles, else in minutes driving]",Distance in kilometers:,Open Text Box,continuous numeric,35,35,10,71.43,4,"[""2"", ""1.5"", ""1"", ""6""]","[""2"", ""1.5"", ""1"", ""6""]","{""2"": 5, ""1.5"": 3, ""1"": 1, ""6"": 1}",{},,| |,reported distance/accessibility,distance/category per question,origin/destination context per file,distance only; endpoints not identified
w12_V_q24x2,Madrasha Distance,mdrsh_dist2,w12_V,bemp_w12_V.csv,bemp_w12_V_codebook.csv,Public Goods,Madrasha Distance,"How far is it to the next Madrasha? [enter preferably in kilometers/miles, else in minutes driving]",Distance in miles:,Multiple Choice,integer-coded,35,35,11,68.57,2,"[""0"", ""1""]","[""Not Selected"", ""Selected""]","{""0"": 10, ""1"": 1}","{""0"": ""Not Selected"", ""1"": ""Selected""}",,| |,reported distance/accessibility,distance/category per question,origin/destination context per file,distance only; endpoints not identified
w12_V_q24x2_txt,Madrasha Distance,mdrsh_dist2_txt,w12_V,bemp_w12_V.csv,bemp_w12_V_codebook.csv,Public Goods,Madrasha Distance,"How far is it to the next Madrasha? [enter preferably in kilometers/miles, else in minutes driving]",Distance in miles:,Open Text Box,integer-coded,35,35,1,97.14,1,"[""1""]","[""1""]","{""1"": 1}",{},,| |,reported distance/accessibility,distance/category per question,origin/destination context per file,distance only; endpoints not identified
w12_V_q24x3,Madrasha Distance,mdrsh_dist3,w12_V,bemp_w12_V.csv,bemp_w12_V_codebook.csv,Public Goods,Madrasha Distance,"How far is it to the next Madrasha? [enter preferably in kilometers/miles, else in minutes driving]",Distance in minutes driving:,Multiple Choice,integer-coded,35,35,11,68.57,1,"[""0""]","[""Not Selected""]","{""0"": 11}","{""0"": ""Not Selected"", ""1"": ""Selected""}",,| |,reported distance/accessibility,distance/category per question,origin/destination context per file,distance only; endpoints not identified
w12_V_q24x3_txt,Madrasha Distance,mdrsh_dist3_txt,w12_V,bemp_w12_V.csv,bemp_w12_V_codebook.csv,Public Goods,Madrasha Distance,"How far is it to the next Madrasha? [enter preferably in kilometers/miles, else in minutes driving]",Distance in minutes driving:,Open Text Box,undetermined (no valid values),35,35,0,100.0,0,[],[],{},{},,| |,reported distance/accessibility,distance/category per question,origin/destination context per file,distance only; endpoints not identified
w12_V_q24x4,Madrasha Distance,mdrsh_dist4,w12_V,bemp_w12_V.csv,bemp_w12_V_codebook.csv,Public Goods,Madrasha Distance,"How far is it to the next Madrasha? [enter preferably in kilometers/miles, else in minutes driving]",Distance in minutes walking:,Multiple Choice,integer-coded,35,35,11,68.57,1,"[""0""]","[""Not Selected""]","{""0"": 11}","{""0"": ""Not Selected"", ""1"": ""Selected""}",,| |,reported distance/accessibility,distance/category per question,origin/destination context per file,distance only; endpoints not identified
w12_V_q24x4_txt,Madrasha Distance,mdrsh_dist4_txt,w12_V,bemp_w12_V.csv,bemp_w12_V_codebook.csv,Public Goods,Madrasha Distance,"How far is it to the next Madrasha? [enter preferably in kilometers/miles, else in minutes driving]",Distance in minutes walking:,Open Text Box,undetermined (no valid values),35,35,0,100.0,0,[],[],{},{},,| |,reported distance/accessibility,distance/category per question,origin/destination context per file,distance only; endpoints not identified
w12_V_q24x5,Madrasha Distance,mdrsh_dist5,w12_V,bemp_w12_V.csv,bemp_w12_V_codebook.csv,Public Goods,Madrasha Distance,"How far is it to the next Madrasha? [enter preferably in kilometers/miles, else in minutes driving]",Distance in minutes by boat:,Multiple Choice,integer-coded,35,35,11,68.57,1,"[""0""]","[""Not Selected""]","{""0"": 11}","{""0"": ""Not Selected"", ""1"": ""Selected""}",,| |,reported distance/accessibility,distance/category per question,origin/destination context per file,distance only; endpoints not identified
w12_V_q24x5_txt,Madrasha Distance,mdrsh_dist5_txt,w12_V,bemp_w12_V.csv,bemp_w12_V_codebook.csv,Public Goods,Madrasha Distance,"How far is it to the next Madrasha? [enter preferably in kilometers/miles, else in minutes driving]",Distance in minutes by boat:,Open Text Box,undetermined (no valid values),35,35,0,100.0,0,[],[],{},{},,| |,reported distance/accessibility,distance/category per question,origin/destination context per file,distance only; endpoints not identified
w12_V_q24x88,Madrasha Distance,mdrsh_dist88,w12_V,bemp_w12_V.csv,bemp_w12_V_codebook.csv,Public Goods,Madrasha Distance,"How far is it to the next Madrasha? [enter preferably in kilometers/miles, else in minutes driving]",DK,Multiple Choice,integer-coded,35,35,11,68.57,1,"[""0""]","[""Not Selected""]","{""0"": 11}","{""0"": ""Not Selected"", ""1"": ""Selected""}",,| |,reported distance/accessibility,distance/category per question,origin/destination context per file,distance only; endpoints not identified
w12_V_q27x1,Medical Facility Distance,medic_fclty_dist1,w12_V,bemp_w12_V.csv,bemp_w12_V_codebook.csv,Public Goods,Medical Facility Distance,"How far is it to the next clinic/hospital? [enter preferably in kilometers/miles, else in minutes driving]",Distance in kilometers:,Multiple Choice,integer-coded,35,35,20,42.86,2,"[""1"", ""0""]","[""Selected"", ""Not Selected""]","{""1"": 18, ""0"": 2}","{""0"": ""Not Selected"", ""1"": ""Selected""}",,| |,reported distance/accessibility,distance/category per question,origin/destination context per file,distance only; endpoints not identified
w12_V_q27x1_txt,Medical Facility Distance,medic_fclty_dist1_txt,w12_V,bemp_w12_V.csv,bemp_w12_V_codebook.csv,Public Goods,Medical Facility Distance,"How far is it to the next clinic/hospital? [enter preferably in kilometers/miles, else in minutes driving]",Distance in kilometers:,Open Text Box,continuous numeric,35,35,18,48.57,11,"[""2"", ""10"", ""1"", ""1.5"", ""19"", ""18"", ""0.7"", ""5""]","[""2"", ""10"", ""1"", ""1.5"", ""19"", ""18"", ""0.7"", ""5""]","{""2"": 5, ""10"": 2, ""1"": 2, ""1.5"": 2, ""19"": 1, ""18"": 1, ""0.7"": 1, ""5"": 1, ""17"": 1, ""4.4"": 1}",{},,| |,reported distance/accessibility,distance/category per question,origin/destination context per file,distance only; endpoints not identified
w12_V_q27x2,Medical Facility Distance,medic_fclty_dist2,w12_V,bemp_w12_V.csv,bemp_w12_V_codebook.csv,Public Goods,Medical Facility Distance,"How far is it to the next clinic/hospital? [enter preferably in kilometers/miles, else in minutes driving]",Distance in miles:,Multiple Choice,integer-coded,35,35,20,42.86,2,"[""0"", ""1""]","[""Not Selected"", ""Selected""]","{""0"": 18, ""1"": 2}","{""0"": ""Not Selected"", ""1"": ""Selected""}",,| |,reported distance/accessibility,distance/category per question,origin/destination context per file,distance only; endpoints not identified
w12_V_q27x2_txt,Medical Facility Distance,medic_fclty_dist2_txt,w12_V,bemp_w12_V.csv,bemp_w12_V_codebook.csv,Public Goods,Medical Facility Distance,"How far is it to the next clinic/hospital? [enter preferably in kilometers/miles, else in minutes driving]",Distance in miles:,Open Text Box,continuous numeric,35,35,2,94.29,2,"[""0.5"", ""10""]","[""0.5"", ""10""]","{""0.5"": 1, ""10"": 1}",{},,| |,reported distance/accessibility,distance/category per question,origin/destination context per file,distance only; endpoints not identified
w12_V_q27x3,Medical Facility Distance,medic_fclty_dist3,w12_V,bemp_w12_V.csv,bemp_w12_V_codebook.csv,Public Goods,Medical Facility Distance,"How far is it to the next clinic/hospital? [enter preferably in kilometers/miles, else in minutes driving]",Distance in minutes driving:,Multiple Choice,integer-coded,35,35,20,42.86,1,"[""0""]","[""Not Selected""]","{""0"": 20}","{""0"": ""Not Selected"", ""1"": ""Selected""}",,| |,reported distance/accessibility,distance/category per question,origin/destination context per file,distance only; endpoints not identified
w12_V_q27x3_txt,Medical Facility Distance,medic_fclty_dist3_txt,w12_V,bemp_w12_V.csv,bemp_w12_V_codebook.csv,Public Goods,Medical Facility Distance,"How far is it to the next clinic/hospital? [enter preferably in kilometers/miles, else in minutes driving]",Distance in minutes driving:,Open Text Box,undetermined (no valid values),35,35,0,100.0,0,[],[],{},{},,| |,reported distance/accessibility,distance/category per question,origin/destination context per file,distance only; endpoints not identified
w12_V_q27x4,Medical Facility Distance,medic_fclty_dist4,w12_V,bemp_w12_V.csv,bemp_w12_V_codebook.csv,Public Goods,Medical Facility Distance,"How far is it to the next clinic/hospital? [enter preferably in kilometers/miles, else in minutes driving]",Distance in minutes walking:,Multiple Choice,integer-coded,35,35,20,42.86,1,"[""0""]","[""Not Selected""]","{""0"": 20}","{""0"": ""Not Selected"", ""1"": ""Selected""}",,| |,reported distance/accessibility,distance/category per question,origin/destination context per file,distance only; endpoints not identified
w12_V_q27x4_txt,Medical Facility Distance,medic_fclty_dist4_txt,w12_V,bemp_w12_V.csv,bemp_w12_V_codebook.csv,Public Goods,Medical Facility Distance,"How far is it to the next clinic/hospital? [enter preferably in kilometers/miles, else in minutes driving]",Distance in minutes walking:,Open Text Box,undetermined (no valid values),35,35,0,100.0,0,[],[],{},{},,| |,reported distance/accessibility,distance/category per question,origin/destination context per file,distance only; endpoints not identified
w12_V_q27x5,Medical Facility Distance,medic_fclty_dist5,w12_V,bemp_w12_V.csv,bemp_w12_V_codebook.csv,Public Goods,Medical Facility Distance,"How far is it to the next clinic/hospital? [enter preferably in kilometers/miles, else in minutes driving]",Distance in minutes by boat:,Multiple Choice,integer-coded,35,35,20,42.86,1,"[""0""]","[""Not Selected""]","{""0"": 20}","{""0"": ""Not Selected"", ""1"": ""Selected""}",,| |,reported distance/accessibility,distance/category per question,origin/destination context per file,distance only; endpoints not identified
w12_V_q27x5_txt,Medical Facility Distance,medic_fclty_dist5_txt,w12_V,bemp_w12_V.csv,bemp_w12_V_codebook.csv,Public Goods,Medical Facility Distance,"How far is it to the next clinic/hospital? [enter preferably in kilometers/miles, else in minutes driving]",Distance in minutes by boat:,Open Text Box,undetermined (no valid values),35,35,0,100.0,0,[],[],{},{},,| |,reported distance/accessibility,distance/category per question,origin/destination context per file,distance only; endpoints not identified
w12_V_q27x88,Medical Facility Distance,medic_fclty_dist88,w12_V,bemp_w12_V.csv,bemp_w12_V_codebook.csv,Public Goods,Medical Facility Distance,"How far is it to the next clinic/hospital? [enter preferably in kilometers/miles, else in minutes driving]",DK,Multiple Choice,integer-coded,35,35,20,42.86,1,"[""0""]","[""Not Selected""]","{""0"": 20}","{""0"": ""Not Selected"", ""1"": ""Selected""}",,| |,reported distance/accessibility,distance/category per question,origin/destination context per file,distance only; endpoints not identified
w12_V_q28x1,Pharmacy Distance,phrmc_dist1,w12_V,bemp_w12_V.csv,bemp_w12_V_codebook.csv,Public Goods,Pharmacy Distance,"How far is it to the next pharmacy? [enter preferably in kilometers/miles, else in minutes driving]",Distance in kilometers:,Multiple Choice,integer-coded,35,35,20,42.86,2,"[""1"", ""0""]","[""Selected"", ""Not Selected""]","{""1"": 16, ""0"": 4}","{""0"": ""Not Selected"", ""1"": ""Selected""}",,| |,reported distance/accessibility,distance/category per question,origin/destination context per file,distance only; endpoints not identified
w12_V_q28x1_txt,Pharmacy Distance,phrmc_dist1_txt,w12_V,bemp_w12_V.csv,bemp_w12_V_codebook.csv,Public Goods,Pharmacy Distance,"How far is it to the next pharmacy? [enter preferably in kilometers/miles, else in minutes driving]",Distance in kilometers:,Open Text Box,continuous numeric,35,35,16,54.29,10,"[""2"", ""0"", ""1.5"", ""3"", ""0.2"", ""18"", ""1"", ""4""]","[""2"", ""0"", ""1.5"", ""3"", ""0.2"", ""18"", ""1"", ""4""]","{""2"": 4, ""0"": 3, ""1.5"": 2, ""3"": 1, ""0.2"": 1, ""18"": 1, ""1"": 1, ""4"": 1, ""1.3"": 1, ""2.5"": 1}",{},,| |,reported distance/accessibility,distance/category per question,origin/destination context per file,distance only; endpoints not identified
w12_V_q28x2,Pharmacy Distance,phrmc_dist2,w12_V,bemp_w12_V.csv,bemp_w12_V_codebook.csv,Public Goods,Pharmacy Distance,"How far is it to the next pharmacy? [enter preferably in kilometers/miles, else in minutes driving]",Distance in miles:,Multiple Choice,integer-coded,35,35,20,42.86,2,"[""0"", ""1""]","[""Not Selected"", ""Selected""]","{""0"": 18, ""1"": 2}","{""0"": ""Not Selected"", ""1"": ""Selected""}",,| |,reported distance/accessibility,distance/category per question,origin/destination context per file,distance only; endpoints not identified
w12_V_q28x2_txt,Pharmacy Distance,phrmc_dist2_txt,w12_V,bemp_w12_V.csv,bemp_w12_V_codebook.csv,Public Goods,Pharmacy Distance,"How far is it to the next pharmacy? [enter preferably in kilometers/miles, else in minutes driving]",Distance in miles:,Open Text Box,continuous numeric,35,35,2,94.29,2,"[""0.5"", ""1""]","[""0.5"", ""1""]","{""0.5"": 1, ""1"": 1}",{},,| |,reported distance/accessibility,distance/category per question,origin/destination context per file,distance only; endpoints not identified
w12_V_q28x3,Pharmacy Distance,phrmc_dist3,w12_V,bemp_w12_V.csv,bemp_w12_V_codebook.csv,Public Goods,Pharmacy Distance,"How far is it to the next pharmacy? [enter preferably in kilometers/miles, else in minutes driving]",Distance in minutes driving:,Multiple Choice,integer-coded,35,35,20,42.86,1,"[""0""]","[""Not Selected""]","{""0"": 20}","{""0"": ""Not Selected"", ""1"": ""Selected""}",,| |,reported distance/accessibility,distance/category per question,origin/destination context per file,distance only; endpoints not identified
w12_V_q28x3_txt,Pharmacy Distance,phrmc_dist3_txt,w12_V,bemp_w12_V.csv,bemp_w12_V_codebook.csv,Public Goods,Pharmacy Distance,"How far is it to the next pharmacy? [enter preferably in kilometers/miles, else in minutes driving]",Distance in minutes driving:,Open Text Box,undetermined (no valid values),35,35,0,100.0,0,[],[],{},{},,| |,reported distance/accessibility,distance/category per question,origin/destination context per file,distance only; endpoints not identified
w12_V_q28x4,Pharmacy Distance,phrmc_dist4,w12_V,bemp_w12_V.csv,bemp_w12_V_codebook.csv,Public Goods,Pharmacy Distance,"How far is it to the next pharmacy? [enter preferably in kilometers/miles, else in minutes driving]",Distance in minutes walking:,Multiple Choice,integer-coded,35,35,20,42.86,2,"[""0"", ""1""]","[""Not Selected"", ""Selected""]","{""0"": 18, ""1"": 2}","{""0"": ""Not Selected"", ""1"": ""Selected""}",,| |,reported distance/accessibility,distance/category per question,origin/destination context per file,distance only; endpoints not identified
w12_V_q28x4_txt,Pharmacy Distance,phrmc_dist4_txt,w12_V,bemp_w12_V.csv,bemp_w12_V_codebook.csv,Public Goods,Pharmacy Distance,"How far is it to the next pharmacy? [enter preferably in kilometers/miles, else in minutes driving]",Distance in minutes walking:,Open Text Box,integer-coded,35,35,2,94.29,1,"[""5""]","[""5""]","{""5"": 2}",{},,| |,reported distance/accessibility,distance/category per question,origin/destination context per file,distance only; endpoints not identified
w12_V_q28x5,Pharmacy Distance,phrmc_dist5,w12_V,bemp_w12_V.csv,bemp_w12_V_codebook.csv,Public Goods,Pharmacy Distance,"How far is it to the next pharmacy? [enter preferably in kilometers/miles, else in minutes driving]",Distance in minutes by boat:,Multiple Choice,integer-coded,35,35,20,42.86,1,"[""0""]","[""Not Selected""]","{""0"": 20}","{""0"": ""Not Selected"", ""1"": ""Selected""}",,| |,reported distance/accessibility,distance/category per question,origin/destination context per file,distance only; endpoints not identified
w12_V_q28x5_txt,Pharmacy Distance,phrmc_dist5_txt,w12_V,bemp_w12_V.csv,bemp_w12_V_codebook.csv,Public Goods,Pharmacy Distance,"How far is it to the next pharmacy? [enter preferably in kilometers/miles, else in minutes driving]",Distance in minutes by boat:,Open Text Box,undetermined (no valid values),35,35,0,100.0,0,[],[],{},{},,| |,reported distance/accessibility,distance/category per question,origin/destination context per file,distance only; endpoints not identified
w12_V_q28x88,Pharmacy Distance,phrmc_dist88,w12_V,bemp_w12_V.csv,bemp_w12_V_codebook.csv,Public Goods,Pharmacy Distance,"How far is it to the next pharmacy? [enter preferably in kilometers/miles, else in minutes driving]",DK,Multiple Choice,integer-coded,35,35,20,42.86,1,"[""0""]","[""Not Selected""]","{""0"": 20}","{""0"": ""Not Selected"", ""1"": ""Selected""}",,| |,reported distance/accessibility,distance/category per question,origin/destination context per file,distance only; endpoints not identified
w12_V_q19x1,Primary Government School Distance,prim_govt_schl_dist1,w12_V,bemp_w12_V.csv,bemp_w12_V_codebook.csv,Public Goods,Primary Government School Distance,"How far is it to the next closest primary government school? [enter preferably in kilometers/miles, else in minutes driving]",Distance in kilometers:,Multiple Choice,integer-coded,35,35,1,97.14,1,"[""0""]","[""Not Selected""]","{""0"": 1}","{""0"": ""Not Selected"", ""1"": ""Selected""}",,| |,reported distance/accessibility,distance/category per question,origin/destination context per file,distance only; endpoints not identified
w12_V_q19x1_txt,Primary Government School Distance,prim_govt_schl_dist1_txt,w12_V,bemp_w12_V.csv,bemp_w12_V_codebook.csv,Public Goods,Primary Government School Distance,"How far is it to the next closest primary government school? [enter preferably in kilometers/miles, else in minutes driving]",Distance in kilometers:,Open Text Box,undetermined (no valid values),35,35,0,100.0,0,[],[],{},{},,| |,reported distance/accessibility,distance/category per question,origin/destination context per file,distance only; endpoints not identified
w12_V_q19x2,Primary Government School Distance,prim_govt_schl_dist2,w12_V,bemp_w12_V.csv,bemp_w12_V_codebook.csv,Public Goods,Primary Government School Distance,"How far is it to the next closest primary government school? [enter preferably in kilometers/miles, else in minutes driving]",Distance in miles:,Multiple Choice,integer-coded,35,35,1,97.14,1,"[""0""]","[""Not Selected""]","{""0"": 1}","{""0"": ""Not Selected"", ""1"": ""Selected""}",,| |,reported distance/accessibility,distance/category per question,origin/destination context per file,distance only; endpoints not identified
w12_V_q19x2_txt,Primary Government School Distance,prim_govt_schl_dist2_txt,w12_V,bemp_w12_V.csv,bemp_w12_V_codebook.csv,Public Goods,Primary Government School Distance,"How far is it to the next closest primary government school? [enter preferably in kilometers/miles, else in minutes driving]",Distance in miles:,Open Text Box,undetermined (no valid values),35,35,0,100.0,0,[],[],{},{},,| |,reported distance/accessibility,distance/category per question,origin/destination context per file,distance only; endpoints not identified
w12_V_q19x3,Primary Government School Distance,prim_govt_schl_dist3,w12_V,bemp_w12_V.csv,bemp_w12_V_codebook.csv,Public Goods,Primary Government School Distance,"How far is it to the next closest primary government school? [enter preferably in kilometers/miles, else in minutes driving]",Distance in minutes driving:,Multiple Choice,integer-coded,35,35,1,97.14,1,"[""0""]","[""Not Selected""]","{""0"": 1}","{""0"": ""Not Selected"", ""1"": ""Selected""}",,| |,reported distance/accessibility,distance/category per question,origin/destination context per file,distance only; endpoints not identified
w12_V_q19x3_txt,Primary Government School Distance,prim_govt_schl_dist3_txt,w12_V,bemp_w12_V.csv,bemp_w12_V_codebook.csv,Public Goods,Primary Government School Distance,"How far is it to the next closest primary government school? [enter preferably in kilometers/miles, else in minutes driving]",Distance in minutes driving:,Open Text Box,undetermined (no valid values),35,35,0,100.0,0,[],[],{},{},,| |,reported distance/accessibility,distance/category per question,origin/destination context per file,distance only; endpoints not identified
w12_V_q19x4,Primary Government School Distance,prim_govt_schl_dist4,w12_V,bemp_w12_V.csv,bemp_w12_V_codebook.csv,Public Goods,Primary Government School Distance,"How far is it to the next closest primary government school? [enter preferably in kilometers/miles, else in minutes driving]",Distance in minutes walking:,Multiple Choice,integer-coded,35,35,1,97.14,1,"[""1""]","[""Selected""]","{""1"": 1}","{""0"": ""Not Selected"", ""1"": ""Selected""}",,| |,reported distance/accessibility,distance/category per question,origin/destination context per file,distance only; endpoints not identified
w12_V_q19x4_txt,Primary Government School Distance,prim_govt_schl_dist4_txt,w12_V,bemp_w12_V.csv,bemp_w12_V_codebook.csv,Public Goods,Primary Government School Distance,"How far is it to the next closest primary government school? [enter preferably in kilometers/miles, else in minutes driving]",Distance in minutes walking:,Open Text Box,integer-coded,35,35,1,97.14,1,"[""5""]","[""5""]","{""5"": 1}",{},,| |,reported distance/accessibility,distance/category per question,origin/destination context per file,distance only; endpoints not identified
w12_V_q19x5,Primary Government School Distance,prim_govt_schl_dist5,w12_V,bemp_w12_V.csv,bemp_w12_V_codebook.csv,Public Goods,Primary Government School Distance,"How far is it to the next closest primary government school? [enter preferably in kilometers/miles, else in minutes driving]",Distance in minutes by boat:,Multiple Choice,integer-coded,35,35,1,97.14,1,"[""0""]","[""Not Selected""]","{""0"": 1}","{""0"": ""Not Selected"", ""1"": ""Selected""}",,| |,reported distance/accessibility,distance/category per question,origin/destination context per file,distance only; endpoints not identified
w12_V_q19x5_txt,Primary Government School Distance,prim_govt_schl_dist5_txt,w12_V,bemp_w12_V.csv,bemp_w12_V_codebook.csv,Public Goods,Primary Government School Distance,"How far is it to the next closest primary government school? [enter preferably in kilometers/miles, else in minutes driving]",Distance in minutes by boat:,Open Text Box,undetermined (no valid values),35,35,0,100.0,0,[],[],{},{},,| |,reported distance/accessibility,distance/category per question,origin/destination context per file,distance only; endpoints not identified
w12_V_q19x88,Primary Government School Distance,prim_govt_schl_dist88,w12_V,bemp_w12_V.csv,bemp_w12_V_codebook.csv,Public Goods,Primary Government School Distance,"How far is it to the next closest primary government school? [enter preferably in kilometers/miles, else in minutes driving]",DK,Multiple Choice,integer-coded,35,35,1,97.14,1,"[""0""]","[""Not Selected""]","{""0"": 1}","{""0"": ""Not Selected"", ""1"": ""Selected""}",,| |,reported distance/accessibility,distance/category per question,origin/destination context per file,distance only; endpoints not identified
w12_V_q22x1,Secondary Government School Distance,scndr_govt_schl_dist1,w12_V,bemp_w12_V.csv,bemp_w12_V_codebook.csv,Public Goods,Secondary Government School Distance,"How far is it to the next closest secondary government school? [enter preferably in kilometers/miles, else in minutes driving]",Distance in kilometers:,Multiple Choice,integer-coded,35,35,17,51.43,2,"[""1"", ""0""]","[""Selected"", ""Not Selected""]","{""1"": 15, ""0"": 2}","{""0"": ""Not Selected"", ""1"": ""Selected""}",,| |,reported distance/accessibility,distance/category per question,origin/destination context per file,distance only; endpoints not identified
w12_V_q22x1_txt,Secondary Government School Distance,scndr_govt_schl_dist1_txt,w12_V,bemp_w12_V.csv,bemp_w12_V_codebook.csv,Public Goods,Secondary Government School Distance,"How far is it to the next closest secondary government school? [enter preferably in kilometers/miles, else in minutes driving]",Distance in kilometers:,Open Text Box,continuous numeric,35,35,15,57.14,7,"[""2"", ""1.5"", ""1"", ""7"", ""4"", ""3"", ""0.7""]","[""2"", ""1.5"", ""1"", ""7"", ""4"", ""3"", ""0.7""]","{""2"": 4, ""1.5"": 2, ""1"": 2, ""7"": 2, ""4"": 2, ""3"": 2, ""0.7"": 1}",{},,| |,reported distance/accessibility,distance/category per question,origin/destination context per file,distance only; endpoints not identified
w12_V_q22x2,Secondary Government School Distance,scndr_govt_schl_dist2,w12_V,bemp_w12_V.csv,bemp_w12_V_codebook.csv,Public Goods,Secondary Government School Distance,"How far is it to the next closest secondary government school? [enter preferably in kilometers/miles, else in minutes driving]",Distance in miles:,Multiple Choice,integer-coded,35,35,17,51.43,2,"[""0"", ""1""]","[""Not Selected"", ""Selected""]","{""0"": 15, ""1"": 2}","{""0"": ""Not Selected"", ""1"": ""Selected""}",,| |,reported distance/accessibility,distance/category per question,origin/destination context per file,distance only; endpoints not identified
w12_V_q22x2_txt,Secondary Government School Distance,scndr_govt_schl_dist2_txt,w12_V,bemp_w12_V.csv,bemp_w12_V_codebook.csv,Public Goods,Secondary Government School Distance,"How far is it to the next closest secondary government school? [enter preferably in kilometers/miles, else in minutes driving]",Distance in miles:,Open Text Box,continuous numeric,35,35,2,94.29,2,"[""0.5"", ""3.5""]","[""0.5"", ""3.5""]","{""0.5"": 1, ""3.5"": 1}",{},,| |,reported distance/accessibility,distance/category per question,origin/destination context per file,distance only; endpoints not identified
w12_V_q22x3,Secondary Government School Distance,scndr_govt_schl_dist3,w12_V,bemp_w12_V.csv,bemp_w12_V_codebook.csv,Public Goods,Secondary Government School Distance,"How far is it to the next closest secondary government school? [enter preferably in kilometers/miles, else in minutes driving]",Distance in minutes driving:,Multiple Choice,integer-coded,35,35,17,51.43,1,"[""0""]","[""Not Selected""]","{""0"": 17}","{""0"": ""Not Selected"", ""1"": ""Selected""}",,| |,reported distance/accessibility,distance/category per question,origin/destination context per file,distance only; endpoints not identified
w12_V_q22x3_txt,Secondary Government School Distance,scndr_govt_schl_dist3_txt,w12_V,bemp_w12_V.csv,bemp_w12_V_codebook.csv,Public Goods,Secondary Government School Distance,"How far is it to the next closest secondary government school? [enter preferably in kilometers/miles, else in minutes driving]",Distance in minutes driving:,Open Text Box,undetermined (no valid values),35,35,0,100.0,0,[],[],{},{},,| |,reported distance/accessibility,distance/category per question,origin/destination context per file,distance only; endpoints not identified
w12_V_q22x4,Secondary Government School Distance,scndr_govt_schl_dist4,w12_V,bemp_w12_V.csv,bemp_w12_V_codebook.csv,Public Goods,Secondary Government School Distance,"How far is it to the next closest secondary government school? [enter preferably in kilometers/miles, else in minutes driving]",Distance in minutes walking:,Multiple Choice,integer-coded,35,35,17,51.43,1,"[""0""]","[""Not Selected""]","{""0"": 17}","{""0"": ""Not Selected"", ""1"": ""Selected""}",,| |,reported distance/accessibility,distance/category per question,origin/destination context per file,distance only; endpoints not identified
w12_V_q22x4_txt,Secondary Government School Distance,scndr_govt_schl_dist4_txt,w12_V,bemp_w12_V.csv,bemp_w12_V_codebook.csv,Public Goods,Secondary Government School Distance,"How far is it to the next closest secondary government school? [enter preferably in kilometers/miles, else in minutes driving]",Distance in minutes walking:,Open Text Box,undetermined (no valid values),35,35,0,100.0,0,[],[],{},{},,| |,reported distance/accessibility,distance/category per question,origin/destination context per file,distance only; endpoints not identified
w12_V_q22x5,Secondary Government School Distance,scndr_govt_schl_dist5,w12_V,bemp_w12_V.csv,bemp_w12_V_codebook.csv,Public Goods,Secondary Government School Distance,"How far is it to the next closest secondary government school? [enter preferably in kilometers/miles, else in minutes driving]",Distance in minutes by boat:,Multiple Choice,integer-coded,35,35,17,51.43,1,"[""0""]","[""Not Selected""]","{""0"": 17}","{""0"": ""Not Selected"", ""1"": ""Selected""}",,| |,reported distance/accessibility,distance/category per question,origin/destination context per file,distance only; endpoints not identified
w12_V_q22x5_txt,Secondary Government School Distance,scndr_govt_schl_dist5_txt,w12_V,bemp_w12_V.csv,bemp_w12_V_codebook.csv,Public Goods,Secondary Government School Distance,"How far is it to the next closest secondary government school? [enter preferably in kilometers/miles, else in minutes driving]",Distance in minutes by boat:,Open Text Box,undetermined (no valid values),35,35,0,100.0,0,[],[],{},{},,| |,reported distance/accessibility,distance/category per question,origin/destination context per file,distance only; endpoints not identified
w12_V_q22x88,Secondary Government School Distance,scndr_govt_schl_dist88,w12_V,bemp_w12_V.csv,bemp_w12_V_codebook.csv,Public Goods,Secondary Government School Distance,"How far is it to the next closest secondary government school? [enter preferably in kilometers/miles, else in minutes driving]",DK,Multiple Choice,integer-coded,35,35,17,51.43,1,"[""0""]","[""Not Selected""]","{""0"": 17}","{""0"": ""Not Selected"", ""1"": ""Selected""}",,| |,reported distance/accessibility,distance/category per question,origin/destination context per file,distance only; endpoints not identified
w12_V_q10x1,Village Access,villg_accss1,w12_V,bemp_w12_V.csv,bemp_w12_V_codebook.csv,Public Goods,Village Access,Access to village,Can reach the village on tar/concrete/paved road (e.g. with the microbus),Multiple Choice,integer-coded,35,35,35,0.0,2,"[""0"", ""1""]","[""Not Selected"", ""Selected""]","{""0"": 22, ""1"": 13}","{""0"": ""Not Selected"", ""1"": ""Selected""}",,| |,village transport access,village profile,origin village context,categorized
w12_V_q10x2,Village Access,villg_accss2,w12_V,bemp_w12_V.csv,bemp_w12_V_codebook.csv,Public Goods,Village Access,Access to village,Can reach village on dirt road suited for cars,Multiple Choice,integer-coded,35,35,35,0.0,2,"[""0"", ""1""]","[""Not Selected"", ""Selected""]","{""0"": 26, ""1"": 9}","{""0"": ""Not Selected"", ""1"": ""Selected""}",,| |,village transport access,village profile,origin village context,categorized
w12_V_q10x3,Village Access,villg_accss3,w12_V,bemp_w12_V.csv,bemp_w12_V_codebook.csv,Public Goods,Village Access,Access to village,Can reach village on dirt road NOT suited for cars,Multiple Choice,integer-coded,35,35,35,0.0,2,"[""0"", ""1""]","[""Not Selected"", ""Selected""]","{""0"": 20, ""1"": 15}","{""0"": ""Not Selected"", ""1"": ""Selected""}",,| |,village transport access,village profile,origin village context,categorized
w12_V_q10x4,Village Access,villg_accss4,w12_V,bemp_w12_V.csv,bemp_w12_V_codebook.csv,Public Goods,Village Access,Access to village,By boat,Multiple Choice,integer-coded,35,35,35,0.0,2,"[""0"", ""1""]","[""Not Selected"", ""Selected""]","{""0"": 30, ""1"": 5}","{""0"": ""Not Selected"", ""1"": ""Selected""}",,| |,village transport access,village profile,origin village context,categorized
w12_V_q10x5,Village Access,villg_accss5,w12_V,bemp_w12_V.csv,bemp_w12_V_codebook.csv,Public Goods,Village Access,Access to village,Other:,Multiple Choice,integer-coded,35,35,35,0.0,1,"[""0""]","[""Not Selected""]","{""0"": 35}","{""0"": ""Not Selected"", ""1"": ""Selected""}",,| |,village transport access,village profile,origin village context,categorized
w12_V_q10x5_txt,Village Access,villg_accss5_txt,w12_V,bemp_w12_V.csv,bemp_w12_V_codebook.csv,Public Goods,Village Access,Access to village,Other:,Open Text Box,undetermined (no valid values),35,35,0,100.0,0,[],[],{},{},,| |,village transport access,village profile,origin village context,categorized
w13_reg2,Respondent Code,resp_code,w13,bemp_w13.csv,bemp_w13_codebook.csv,Questionnaire Registration,Respondent Code,Respondent code,,Open Text Box,string,1845,1845,1845,0.0,1845,"[""L01-Z01-HH08-H"", ""L22-Z01-HH13-H"", ""L22-Z01-HH05-H"", ""L22-Z01-HH03-H"", ""L21-HH13-H"", ""L21-HH05-H"", ""L21-HH04-H"", ""L20-Z03-HH45-H""]","[""L01-Z01-HH08-H"", ""L22-Z01-HH13-H"", ""L22-Z01-HH05-H"", ""L22-Z01-HH03-H"", ""L21-HH13-H"", ""L21-HH05-H"", ""L21-HH04-H"", ""L20-Z03-HH45-H""]","{""L01-Z01-HH08-H"": 1, ""L22-Z01-HH13-H"": 1, ""L22-Z01-HH05-H"": 1, ""L22-Z01-HH03-H"": 1, ""L21-HH13-H"": 1, ""L21-HH05-H"": 1, ""L21-HH04-H"": 1, ""L20-Z03-HH45-H"": 1, ""L20-Z03-HH42-H"": 1, ""L20-Z03-HH41-H"": 1}","{""-55"": ""Missing by panel wave drop-out""}","Respondent codes follow the structure: location number (Lxx) - sampling zone (Zyy) - household number (HHzz) - subsample identifier (H - household head; F - senior female; YF - youth female; YM - youth male; LB - left-behind member of migrated respondent). For instance: L05-Z02-HH13-F. Note 1: Respondents with identical household code (e.g., L05-Z02-HH13) but different subsample endings (-H, -F, -YF, -YM, -LB) are individuals who belong to the same household. Note 2: The location- and zone-identifier in the respondent code was assigned in wave 1 and kept constant afterwards, even if respondents moved. Note 3: For locations L10, L17, and L18, the zone indicator is missing as houses were sparsely distributed in these locations and we partly had to sample outside the regular 200-m-zone to reach the targeted number of households. Note 4: Locations belong to the following districts: Bogra (L19-L21); Gaibandha (L23); Jamalpur (L01, L22); Kurigram (L24-L36); Manikganj (L04-L06); Sirajganj (L07-L09); Tangail (L02-L03; L10-L18).",| |,baseline origin sampling-location / household code,anonymized Lxx sampling location; district derivable,origin,pseudonymized composite; fixed after moves
w13_q1,Respondent Current Location,resp_crrnt_locat,w13,bemp_w13.csv,bemp_w13_codebook.csv,Migration,Respondent Current Location,In which location do you currently live?,,Single Choice,integer-coded,1845,1845,1560,15.45,3,"[""1"", ""2"", ""3""]","[""In {home village in wave 1}"", ""In {previous migration destination}"", ""In another location""]","{""1"": 1311, ""2"": 167, ""3"": 82}","{""1"": ""In {home village in wave 1}"", ""2"": ""In {previous migration destination}"", ""3"": ""In another location"", ""-55"": ""Missing by panel wave drop-out""}",,| |,home-versus-away location status,relational,current location,categorized
w13_q5,Respondent Current Location City,resp_crrnt_locat_city,w13,bemp_w13.csv,bemp_w13_codebook.csv,Migration,Respondent Current Location City,What is the name of the city to which you went?,,Single Choice,integer-coded,1845,1845,31,98.32,10,"[""1"", ""18"", ""2"", ""5"", ""7"", ""13"", ""10"", ""11""]","[""Dhaka"", ""Other:"", ""Tangail"", ""Mymensingh"", ""Gazipur"", ""Noakhali"", ""Bogura"", ""Gaibandha""]","{""1"": 14, ""18"": 4, ""2"": 3, ""5"": 2, ""7"": 2, ""13"": 2, ""10"": 1, ""11"": 1, ""15"": 1, ""6"": 1}","{""1"": ""Dhaka"", ""2"": ""Tangail"", ""3"": ""Nagarpur"", ""4"": ""Jamalpur"", ""5"": ""Mymensingh"", ""6"": ""Chittagong"", ""7"": ""Gazipur"", ""8"": ""Munshiganj"", ""9"": ""Narayanganj"", ""10"": ""Bogura"", ""11"": ""Gaibandha"", ""12"": ""Manikganj"", ""13"": ""Noakhali"", ""14"": ""Rangpur"", ""15"": ""Bhola"", ""16"": ""Sirajganj"", ""17"": ""Sylhet"", ""18"": ""Other:"", ""-8"": ""DK"", ""-9"": ""RA"", ""-55"": ""Missing by panel wave drop-out""}",,"| If w13_q4 [Respondent Current Location Rural Urban] = ""City"" |",destination city category/name,city,destination,categorical/open-text city; no coordinates
w13_q5_txt,Respondent Current Location City,resp_crrnt_locat_city_txt,w13,bemp_w13.csv,bemp_w13_codebook.csv,Migration,Respondent Current Location City,What is the name of the city to which you went?,,Open Text Box,string,1845,1845,4,99.78,4,"[""Kurigram"", ""feni"", ""Dinajpur"", ""Potuakhali""]","[""Kurigram"", ""feni"", ""Dinajpur"", ""Potuakhali""]","{""Kurigram"": 1, ""feni"": 1, ""Dinajpur"": 1, ""Potuakhali"": 1}","{""-55"": ""Missing by panel wave drop-out""}",,"| If w13_q4 [Respondent Current Location Rural Urban] = ""City"" |",destination city category/name,city,destination,categorical/open-text city; no coordinates
w13_q3,Respondent Current Location Country,resp_crrnt_locat_cntr,w13,bemp_w13.csv,bemp_w13_codebook.csv,Migration,Respondent Current Location Country,To which country did you go?,,Single Choice,undetermined (no valid values),1845,1845,0,100.0,0,[],[],{},"{""1"": ""Qatar"", ""2"": ""Malaysia"", ""3"": ""Saudi-Arabia"", ""4"": ""UAE"", ""5"": ""Dubai"", ""6"": ""India"", ""7"": ""Singapur"", ""8"": ""Libya"", ""9"": ""Other:"", ""-8"": ""DK"", ""-9"": ""RA"", ""-55"": ""Missing by panel wave drop-out""}",,"| If w13_q2 [Respondent Current Location Domestic Abroad] = ""Abroad"" |",domestic/international destination,country/internal status,destination,categorized
w13_q3_txt,Respondent Current Location Country,resp_crrnt_locat_cntr_txt,w13,bemp_w13.csv,bemp_w13_codebook.csv,Migration,Respondent Current Location Country,To which country did you go?,,Open Text Box,undetermined (no valid values),1845,1845,0,100.0,0,[],[],{},"{""-55"": ""Missing by panel wave drop-out""}",,"| If w13_q2 [Respondent Current Location Domestic Abroad] = ""Abroad"" |",domestic/international destination,country/internal status,destination,categorized
w13_q2,Respondent Current Location Domestic Abroad,resp_crrnt_locat_dmstc_abrod,w13,bemp_w13.csv,bemp_w13_codebook.csv,Migration,Respondent Current Location Domestic Abroad,Did you go to a location inside Bangladesh or abroad?,,Single Choice,integer-coded,1845,1845,82,95.56,1,"[""1""]","[""In Bangladesh""]","{""1"": 82}","{""1"": ""In Bangladesh"", ""2"": ""Abroad"", ""-8"": ""DK"", ""-9"": ""RA"", ""-55"": ""Missing by panel wave drop-out""}",,"| If w13_q1 [Respondent Current Location] = ""In another location"" |",domestic/international destination,country/internal status,destination,categorized
w13_q4,Respondent Current Location Rural Urban,resp_crrnt_locat_rural_urban,w13,bemp_w13.csv,bemp_w13_codebook.csv,Migration,Respondent Current Location Rural Urban,Did you move to a city or to a village?,,Single Choice,integer-coded,1845,1845,81,95.61,2,"[""2"", ""1""]","[""Village"", ""City""]","{""2"": 50, ""1"": 31}","{""1"": ""City"", ""2"": ""Village"", ""-8"": ""DK"", ""-9"": ""RA"", ""-55"": ""Missing by panel wave drop-out""}",,"| If w13_q2 [Respondent Current Location Domestic Abroad] = ""In Bangladesh"" |",rural/urban settlement type,settlement type,destination,categorized
w13_q6,Respondent Current Location Same or Different Village,resp_crrnt_locat_same_or_diff_villg,w13,bemp_w13.csv,bemp_w13_codebook.csv,Migration,Respondent Current Location Same or Different Village,Is the name of the village to which you moved {home village in wave 1} / {previous migration destination} or is it a different village?,,Single Choice,integer-coded,1845,1845,50,97.29,1,"[""3""]","[""Another village""]","{""3"": 50}","{""1"": ""{home village in wave 1}"", ""2"": ""{previous migration destination}"", ""3"": ""Another village"", ""-8"": ""DK"", ""-9"": ""RA"", ""-55"": ""Missing by panel wave drop-out""}",,"| If w13_q4 [Respondent Current Location Rural Urban] = ""Village"" |",same-versus-another-village relation,relational,destination,categorized; no destination identifier
w13_q8x5,Respondent Current Location Village,resp_crrnt_locat_villg5,w13,bemp_w13.csv,bemp_w13_codebook.csv,Migration,Respondent Current Location Village,What is the name of the village to which you went? [fill in whatever information the respondent can provide; be careful about spelling],District:,Multiple Choice,integer-coded,1845,1845,50,97.29,2,"[""1"", ""0""]","[""Selected"", ""Not Selected""]","{""1"": 39, ""0"": 11}","{""0"": ""Not Selected"", ""1"": ""Selected"", ""-55"": ""Missing by panel wave drop-out""}",Geographic identifiers below the district level were removed from the published dataset to protect participant confidentiality.,"| If w13_q6 [Respondent Current Location Same or Different Village] = ""Another village"" |",rural destination district,district,destination,village/upazila/union removed; district retained
w13_q8x5_txt,Respondent Current Location Village,resp_crrnt_locat_villg5_txt,w13,bemp_w13.csv,bemp_w13_codebook.csv,Migration,Respondent Current Location Village,What is the name of the village to which you went? [fill in whatever information the respondent can provide; be careful about spelling],District:,Open Text Box,string,1845,1845,39,97.89,12,"[""Kurigram"", ""Tangail"", ""kurigram"", ""tangail"", ""shirajganj"", ""jamalpur"", ""bogura"", ""Dhaka""]","[""Kurigram"", ""Tangail"", ""kurigram"", ""tangail"", ""shirajganj"", ""jamalpur"", ""bogura"", ""Dhaka""]","{""Kurigram"": 10, ""Tangail"": 9, ""kurigram"": 5, ""tangail"": 4, ""shirajganj"": 3, ""jamalpur"": 2, ""bogura"": 1, ""Dhaka"": 1, ""manikgganj"": 1, ""dhaka"": 1}","{""-55"": ""Missing by panel wave drop-out""}",Geographic identifiers below the district level were removed from the published dataset to protect participant confidentiality.,"| If w13_q6 [Respondent Current Location Same or Different Village] = ""Another village"" |",rural destination district,district,destination,village/upazila/union removed; district retained
w13_q8x6,Respondent Current Location Village,resp_crrnt_locat_villg6,w13,bemp_w13.csv,bemp_w13_codebook.csv,Migration,Respondent Current Location Village,What is the name of the village to which you went? [fill in whatever information the respondent can provide; be careful about spelling],Division:,Multiple Choice,integer-coded,1845,1845,50,97.29,2,"[""1"", ""0""]","[""Selected"", ""Not Selected""]","{""1"": 36, ""0"": 14}","{""0"": ""Not Selected"", ""1"": ""Selected"", ""-55"": ""Missing by panel wave drop-out""}",Geographic identifiers below the district level were removed from the published dataset to protect participant confidentiality.,"| If w13_q6 [Respondent Current Location Same or Different Village] = ""Another village"" |",rural destination division,division,destination,village/upazila/union removed; division retained
w13_q8x6_txt,Respondent Current Location Village,resp_crrnt_locat_villg6_txt,w13,bemp_w13.csv,bemp_w13_codebook.csv,Migration,Respondent Current Location Village,What is the name of the village to which you went? [fill in whatever information the respondent can provide; be careful about spelling],Division:,Open Text Box,string,1845,1845,36,98.05,7,"[""Rangpur"", ""Dhaka"", ""dhaka"", ""rongpur"", ""rajshahi"", ""Rajshahi"", ""dinajpur""]","[""Rangpur"", ""Dhaka"", ""dhaka"", ""rongpur"", ""rajshahi"", ""Rajshahi"", ""dinajpur""]","{""Rangpur"": 10, ""Dhaka"": 9, ""dhaka"": 6, ""rongpur"": 5, ""rajshahi"": 3, ""Rajshahi"": 2, ""dinajpur"": 1}","{""-55"": ""Missing by panel wave drop-out""}",Geographic identifiers below the district level were removed from the published dataset to protect participant confidentiality.,"| If w13_q6 [Respondent Current Location Same or Different Village] = ""Another village"" |",rural destination division,division,destination,village/upazila/union removed; division retained
w13_q8x88,Respondent Current Location Village,resp_crrnt_locat_villg88,w13,bemp_w13.csv,bemp_w13_codebook.csv,Migration,Respondent Current Location Village,What is the name of the village to which you went? [fill in whatever information the respondent can provide; be careful about spelling],DK,Multiple Choice,integer-coded,1845,1845,50,97.29,1,"[""0""]","[""Not Selected""]","{""0"": 50}","{""0"": ""Not Selected"", ""1"": ""Selected"", ""-55"": ""Missing by panel wave drop-out""}",Geographic identifiers below the district level were removed from the published dataset to protect participant confidentiality.,"| If w13_q6 [Respondent Current Location Same or Different Village] = ""Another village"" |",rural destination response flag,relational/nonresponse flag,destination,village identity removed
w13_q8x99,Respondent Current Location Village,resp_crrnt_locat_villg99,w13,bemp_w13.csv,bemp_w13_codebook.csv,Migration,Respondent Current Location Village,What is the name of the village to which you went? [fill in whatever information the respondent can provide; be careful about spelling],RA,Multiple Choice,integer-coded,1845,1845,50,97.29,1,"[""0""]","[""Not Selected""]","{""0"": 50}","{""0"": ""Not Selected"", ""1"": ""Selected"", ""-55"": ""Missing by panel wave drop-out""}",Geographic identifiers below the district level were removed from the published dataset to protect participant confidentiality.,"| If w13_q6 [Respondent Current Location Same or Different Village] = ""Another village"" |",rural destination response flag,relational/nonresponse flag,destination,village identity removed
w14_N_q20,Current Location Residence Duration,crrnt_locat_rsdnc_durat,w14_N,bemp_w14_N.csv,bemp_w14_N_codebook.csv,Household Composition and Migration,Current Location Residence Duration,"For how long have you been living in this exact location within the village, meaning in this house?",,Single Choice,integer-coded,2232,2232,1353,39.38,5,"[""5"", ""3"", ""4"", ""1"", ""2""]","[""More than a year [specify number of years if they indicate a specific duration]:"", ""Months (< 12 months) [specify number of months if they indicate a specific duration]:"", ""One year"", ""Days (< 1 week)"", ""Weeks (< 1 month)""]","{""5"": 1248, ""3"": 89, ""4"": 13, ""1"": 2, ""2"": 1}","{""1"": ""Days (< 1 week)"", ""2"": ""Weeks (< 1 month)"", ""3"": ""Months (< 12 months) [specify number of months if they indicate a specific duration]:"", ""4"": ""One year"", ""5"": ""More than a year [specify number of years if they indicate a specific duration]:"", ""-8"": ""DK"", ""-9"": ""RA"", ""-55"": ""Missing by panel wave drop-out"", ""-66"": ""Missing due to migrant status (actual survey contained in M-survey)""}",,"| If (w14_N_reg2 [Respondent Type] = ""Household head"" OR w14_N_reg2 [Respondent Type] = ""Left-behind member of migrated respondent"" OR w14_N_q3 [Respondent Newly Household Head] = ""Yes"") |",destination residence characteristic,house/residence category or duration,destination,categorized
w14_N_q20_txt,Current Location Residence Duration,crrnt_locat_rsdnc_durat_txt,w14_N,bemp_w14_N.csv,bemp_w14_N_codebook.csv,Household Composition and Migration,Current Location Residence Duration,"For how long have you been living in this exact location within the village, meaning in this house?",,Open Text Box,continuous numeric,2232,2232,1316,41.04,84,"[""3"", ""2"", ""4"", ""20"", ""10"", ""30"", ""5"", ""40""]","[""3"", ""2"", ""4"", ""20"", ""10"", ""30"", ""5"", ""40""]","{""3"": 107, ""2"": 82, ""4"": 73, ""20"": 73, ""10"": 60, ""30"": 59, ""5"": 56, ""40"": 53, ""8"": 52, ""25"": 49}","{""-55"": ""Missing by panel wave drop-out"", ""-66"": ""Missing due to migrant status (actual survey contained in M-survey)""}",,"| If (w14_N_reg2 [Respondent Type] = ""Household head"" OR w14_N_reg2 [Respondent Type] = ""Left-behind member of migrated respondent"" OR w14_N_q3 [Respondent Newly Household Head] = ""Yes"") |",destination residence characteristic,house/residence category or duration,destination,categorized
w14_N_dist_from_crrnt_river_bank,Distance from Current Riverbank,dist_from_crrnt_river_bank,w14_N,bemp_w14_N.csv,bemp_w14_N_codebook.csv,Geographical Variables,Distance from Current Riverbank,,,Geographical,continuous numeric,2232,2232,1597,28.45,1573,"[""225.434138281489"", ""29.2558177916498"", ""152.496237248483"", ""69.2159954588391"", ""62.3599010836892"", ""235.825427506646"", ""256.967044809459"", ""76.9309053251518""]","[""225.434138281489"", ""29.2558177916498"", ""152.496237248483"", ""69.2159954588391"", ""62.3599010836892"", ""235.825427506646"", ""256.967044809459"", ""76.9309053251518""]","{""225.434138281489"": 4, ""29.2558177916498"": 3, ""152.496237248483"": 2, ""69.2159954588391"": 2, ""62.3599010836892"": 2, ""235.825427506646"": 2, ""256.967044809459"": 2, ""76.9309053251518"": 2, ""160.561611169396"": 2, ""603.194494623734"": 2}","{""-55"": ""Missing by panel wave drop-out"", ""-66"": ""Missing due to migrant status (actual survey contained in M-survey)""}","Distance between the respondent's house location in this survey and the riverbank of the Jamuna River at the time of the survey (in meters). This was calculated in ArcGIS using the easternmost riverbank line of the Jamuna River at the time of the survey, which was drawn manually in the Google Earth Engine using optical Sentinel-2 imagery.",| |,hazard proximity,meters or reported distance category,origin/current residence context,derived/reported distance; no house coordinates
w14_N_dist_from_prev_loc,Distance from Previous Location,dist_from_prev_loc,w14_N,bemp_w14_N.csv,bemp_w14_N_codebook.csv,Geographical Variables,Distance from Previous Location,,,Geographical,continuous numeric,2232,2232,1479,33.74,1464,"[""0"", ""6.79354064817226"", ""7.87727235406024"", ""10.7762392033237"", ""10.2053298558805"", ""22.0923223698158"", ""63.3110436879439"", ""74.6044754326018""]","[""0"", ""6.79354064817226"", ""7.87727235406024"", ""10.7762392033237"", ""10.2053298558805"", ""22.0923223698158"", ""63.3110436879439"", ""74.6044754326018""]","{""0"": 15, ""6.79354064817226"": 2, ""7.87727235406024"": 1, ""10.7762392033237"": 1, ""10.2053298558805"": 1, ""22.0923223698158"": 1, ""63.3110436879439"": 1, ""74.6044754326018"": 1, ""82.8747243651673"": 1, ""6.75358483215541"": 1}","{""-55"": ""Missing by panel wave drop-out"", ""-66"": ""Missing due to migrant status (actual survey contained in M-survey)""}",Distance between the respondent's house location in the previous in-person survey and the location in this survey (in meters),| |,coordinate-derived inter-wave distance,meters; no direction or endpoint,origin-to-current / inter-wave,derived from withheld house coordinates
w14_N_dist_from_prev_river_bank,Distance from Previous Riverbank,dist_from_prev_river_bank,w14_N,bemp_w14_N.csv,bemp_w14_N_codebook.csv,Geographical Variables,Distance from Previous Riverbank,,,Geographical,continuous numeric,2232,2232,1597,28.45,1573,"[""233.913187978689"", ""35.1227292588943"", ""159.074402590244"", ""91.6573095571774"", ""63.3687883928438"", ""243.927044035755"", ""295.442011499048"", ""73.9582418312249""]","[""233.913187978689"", ""35.1227292588943"", ""159.074402590244"", ""91.6573095571774"", ""63.3687883928438"", ""243.927044035755"", ""295.442011499048"", ""73.9582418312249""]","{""233.913187978689"": 4, ""35.1227292588943"": 3, ""159.074402590244"": 2, ""91.6573095571774"": 2, ""63.3687883928438"": 2, ""243.927044035755"": 2, ""295.442011499048"": 2, ""73.9582418312249"": 2, ""162.621191378138"": 2, ""788.689540058854"": 2}","{""-55"": ""Missing by panel wave drop-out"", ""-66"": ""Missing due to migrant status (actual survey contained in M-survey)""}","Distance between the respondent's house location in this survey and the riverbank of the Jamuna River one year ago (in meters). This was calculated in ArcGIS using the easternmost riverbank line of the Jamuna River before the preceding monsoon season, which was drawn manually in the Google Earth Engine using optical Sentinel-2 imagery.",| |,hazard proximity,meters or reported distance category,origin/current residence context,derived/reported distance; no house coordinates
w14_N_q22a,House Shift Distance,house_shift_dist,w14_N,bemp_w14_N.csv,bemp_w14_N_codebook.csv,Household Composition and Migration,House Shift Distance,How far have you shifted your house? [one of the distance measures is enough],,Single Choice,integer-coded,2232,2232,95,95.74,8,"[""1"", ""5"", ""3"", ""2"", ""4"", ""7"", ""6"", ""8""]","[""[minutes walking time]:"", ""[hands]:"", ""[kilometers]:"", ""[meters]:"", ""[miles]:"", ""[roshi/rope]:"", ""[feet]:"", ""[gauges/yards]:""]","{""1"": 61, ""5"": 11, ""3"": 11, ""2"": 5, ""4"": 2, ""7"": 2, ""6"": 2, ""8"": 1}","{""1"": ""[minutes walking time]:"", ""2"": ""[meters]:"", ""3"": ""[kilometers]:"", ""4"": ""[miles]:"", ""5"": ""[hands]:"", ""6"": ""[feet]:"", ""7"": ""[roshi/rope]:"", ""8"": ""[gauges/yards]:"", ""9"": ""Other [enter value and unit]:"", ""-8"": ""DK"", ""-9"": ""RA"", ""-55"": ""Missing by panel wave drop-out"", ""-66"": ""Missing due to migrant status (actual survey contained in M-survey)""}",,| If w14_N_q21_txt [House Shift Frequency] = 1 |,reported distance/accessibility,distance/category per question,origin/destination context per file,distance only; endpoints not identified
w14_N_q22a_txt,House Shift Distance,house_shift_dist_txt,w14_N,bemp_w14_N.csv,bemp_w14_N_codebook.csv,Household Composition and Migration,House Shift Distance,How far have you shifted your house? [one of the distance measures is enough],,Open Text Box,continuous numeric,2232,2232,95,95.74,22,"[""1"", ""5"", ""2"", ""3"", ""10"", ""30"", ""15"", ""4""]","[""1"", ""5"", ""2"", ""3"", ""10"", ""30"", ""15"", ""4""]","{""1"": 19, ""5"": 10, ""2"": 9, ""3"": 7, ""10"": 6, ""30"": 6, ""15"": 5, ""4"": 5, ""60"": 4, ""20"": 4}","{""-55"": ""Missing by panel wave drop-out"", ""-66"": ""Missing due to migrant status (actual survey contained in M-survey)""}",,| If w14_N_q21_txt [House Shift Frequency] = 1 |,reported distance/accessibility,distance/category per question,origin/destination context per file,distance only; endpoints not identified
w14_N_q73_L1,Migration Respondent House Shift Distance (Loop 1),migr_resp_house_shift_dist_loop1,w14_N,bemp_w14_N.csv,bemp_w14_N_codebook.csv,Migrant History - Respondent - Loop 1,Migration Respondent House Shift Distance (Loop 1),How far have you shifted your house? [one of the distance measures is enough],,Single Choice,integer-coded,2232,2232,1,99.96,1,"[""1""]","[""[minutes walking time]:""]","{""1"": 1}","{""1"": ""[minutes walking time]:"", ""2"": ""[meters]:"", ""3"": ""[kilometers]:"", ""4"": ""[miles]:"", ""5"": ""[hands]:"", ""6"": ""[feet]:"", ""7"": ""[roshi/rope]:"", ""8"": ""[gauges/yards]:"", ""9"": ""Other [enter value and unit]:"", ""-8"": ""DK"", ""-9"": ""RA"", ""-55"": ""Missing by panel wave drop-out"", ""-66"": ""Missing due to migrant status (actual survey contained in M-survey)""}",,"If w14_N_q45_txt [Migration Respondent Frequency] > 0 | If w14_N_q72_L1 [Migration Respondent House Shift (Loop 1)] = ""Yes"" |",reported distance/accessibility,distance/category per question,origin/destination context per file,distance only; endpoints not identified
w14_N_q73_txt_L1,Migration Respondent House Shift Distance (Loop 1),migr_resp_house_shift_dist_txt_loop1,w14_N,bemp_w14_N.csv,bemp_w14_N_codebook.csv,Migrant History - Respondent - Loop 1,Migration Respondent House Shift Distance (Loop 1),How far have you shifted your house? [one of the distance measures is enough],,Open Text Box,integer-coded,2232,2232,1,99.96,1,"[""2""]","[""2""]","{""2"": 1}","{""-55"": ""Missing by panel wave drop-out"", ""-66"": ""Missing due to migrant status (actual survey contained in M-survey)""}",,"If w14_N_q45_txt [Migration Respondent Frequency] > 0 | If w14_N_q72_L1 [Migration Respondent House Shift (Loop 1)] = ""Yes"" |",reported distance/accessibility,distance/category per question,origin/destination context per file,distance only; endpoints not identified
w14_N_q73_L2,Migration Respondent House Shift Distance (Loop 2),migr_resp_house_shift_dist_loop2,w14_N,bemp_w14_N.csv,bemp_w14_N_codebook.csv,Migrant History - Respondent - Loop 2,Migration Respondent House Shift Distance (Loop 2),How far have you shifted your house? [one of the distance measures is enough],,Single Choice,undetermined (no valid values),2232,2232,0,100.0,0,[],[],{},"{""1"": ""[minutes walking time]:"", ""2"": ""[meters]:"", ""3"": ""[kilometers]:"", ""4"": ""[miles]:"", ""5"": ""[hands]:"", ""6"": ""[feet]:"", ""7"": ""[roshi/rope]:"", ""8"": ""[gauges/yards]:"", ""9"": ""Other [enter value and unit]:"", ""-8"": ""DK"", ""-9"": ""RA"", ""-55"": ""Missing by panel wave drop-out"", ""-66"": ""Missing due to migrant status (actual survey contained in M-survey)""}",,"If w14_N_q45_txt [Migration Respondent Frequency] > 0 | If w14_N_q72_L2 [Migration Respondent House Shift (Loop 2)] = ""Yes"" |",reported distance/accessibility,distance/category per question,origin/destination context per file,distance only; endpoints not identified
w14_N_q73_txt_L2,Migration Respondent House Shift Distance (Loop 2),migr_resp_house_shift_dist_txt_loop2,w14_N,bemp_w14_N.csv,bemp_w14_N_codebook.csv,Migrant History - Respondent - Loop 2,Migration Respondent House Shift Distance (Loop 2),How far have you shifted your house? [one of the distance measures is enough],,Open Text Box,undetermined (no valid values),2232,2232,0,100.0,0,[],[],{},"{""-55"": ""Missing by panel wave drop-out"", ""-66"": ""Missing due to migrant status (actual survey contained in M-survey)""}",,"If w14_N_q45_txt [Migration Respondent Frequency] > 0 | If w14_N_q72_L2 [Migration Respondent House Shift (Loop 2)] = ""Yes"" |",reported distance/accessibility,distance/category per question,origin/destination context per file,distance only; endpoints not identified
w14_N_q73_L3,Migration Respondent House Shift Distance (Loop 3),migr_resp_house_shift_dist_loop3,w14_N,bemp_w14_N.csv,bemp_w14_N_codebook.csv,Migrant History - Respondent - Loop 3,Migration Respondent House Shift Distance (Loop 3),How far have you shifted your house? [one of the distance measures is enough],,Single Choice,integer-coded,2232,2232,1,99.96,1,"[""1""]","[""[minutes walking time]:""]","{""1"": 1}","{""1"": ""[minutes walking time]:"", ""2"": ""[meters]:"", ""3"": ""[kilometers]:"", ""4"": ""[miles]:"", ""5"": ""[hands]:"", ""6"": ""[feet]:"", ""7"": ""[roshi/rope]:"", ""8"": ""[gauges/yards]:"", ""9"": ""Other [enter value and unit]:"", ""-8"": ""DK"", ""-9"": ""RA"", ""-55"": ""Missing by panel wave drop-out"", ""-66"": ""Missing due to migrant status (actual survey contained in M-survey)""}",,"If w14_N_q45_txt [Migration Respondent Frequency] > 0 | If w14_N_q72_L3 [Migration Respondent House Shift (Loop 3)] = ""Yes"" |",reported distance/accessibility,distance/category per question,origin/destination context per file,distance only; endpoints not identified
w14_N_q73_txt_L3,Migration Respondent House Shift Distance (Loop 3),migr_resp_house_shift_dist_txt_loop3,w14_N,bemp_w14_N.csv,bemp_w14_N_codebook.csv,Migrant History - Respondent - Loop 3,Migration Respondent House Shift Distance (Loop 3),How far have you shifted your house? [one of the distance measures is enough],,Open Text Box,integer-coded,2232,2232,1,99.96,1,"[""2""]","[""2""]","{""2"": 1}","{""-55"": ""Missing by panel wave drop-out"", ""-66"": ""Missing due to migrant status (actual survey contained in M-survey)""}",,"If w14_N_q45_txt [Migration Respondent Frequency] > 0 | If w14_N_q72_L3 [Migration Respondent House Shift (Loop 3)] = ""Yes"" |",reported distance/accessibility,distance/category per question,origin/destination context per file,distance only; endpoints not identified
w14_N_q224,Plot Distance from Jamuna,plot_dist_from_jmuna,w14_N,bemp_w14_N.csv,bemp_w14_N_codebook.csv,Plot Characterization,Plot Distance from Jamuna,How far is it from the Jamuna River? [one of the distance measures is enough],,Single Choice,integer-coded,2232,2232,56,97.49,6,"[""1"", ""4"", ""2"", ""5"", ""3"", ""7""]","[""Right next to the river"", ""[kilometers]:"", ""[minutes walking time]:"", ""[miles]:"", ""[meters]:"", ""[feet]:""]","{""1"": 23, ""4"": 14, ""2"": 12, ""5"": 4, ""3"": 2, ""7"": 1}","{""1"": ""Right next to the river"", ""2"": ""[minutes walking time]:"", ""3"": ""[meters]:"", ""4"": ""[kilometers]:"", ""5"": ""[miles]:"", ""6"": ""[hands]:"", ""7"": ""[feet]:"", ""8"": ""[roshi/rope]:"", ""9"": ""Other [enter value and unit]:"", ""-8"": ""DK"", ""-9"": ""RA"", ""-55"": ""Missing by panel wave drop-out"", ""-66"": ""Missing due to migrant status (actual survey contained in M-survey)""}",,If w14_N_q211_txt [New Land Plot Count (Home Village)] > 0 | |,hazard proximity,meters or reported distance category,origin/current residence context,derived/reported distance; no house coordinates
w14_N_q224_txt,Plot Distance from Jamuna,plot_dist_from_jmuna_txt,w14_N,bemp_w14_N.csv,bemp_w14_N_codebook.csv,Plot Characterization,Plot Distance from Jamuna,How far is it from the Jamuna River? [one of the distance measures is enough],,Open Text Box,continuous numeric,2232,2232,33,98.52,17,"[""5"", ""1"", ""2"", ""0.5"", ""10"", ""4"", ""200"", ""30""]","[""5"", ""1"", ""2"", ""0.5"", ""10"", ""4"", ""200"", ""30""]","{""5"": 6, ""1"": 5, ""2"": 4, ""0.5"": 3, ""10"": 2, ""4"": 2, ""200"": 1, ""30"": 1, ""20"": 1, ""3"": 1}","{""-55"": ""Missing by panel wave drop-out"", ""-66"": ""Missing due to migrant status (actual survey contained in M-survey)""}",,If w14_N_q211_txt [New Land Plot Count (Home Village)] > 0 | |,hazard proximity,meters or reported distance category,origin/current residence context,derived/reported distance; no house coordinates
w14_N_reg3,Respondent Code,resp_code,w14_N,bemp_w14_N.csv,bemp_w14_N_codebook.csv,Questionnaire Registration,Respondent Code,Respondent code,,Open Text Box,string,2232,2232,2232,0.0,2232,"[""L04-Z01-HH14-F"", ""L32-Z03-HH49-H"", ""L27-Z03-HH02-H"", ""L31-Z01-HH04-YM"", ""L32-Z03-HH37-YM"", ""L23-Z02-HH11-H"", ""L23-Z03-HH07-YM"", ""L31-Z01-HH05-H""]","[""L04-Z01-HH14-F"", ""L32-Z03-HH49-H"", ""L27-Z03-HH02-H"", ""L31-Z01-HH04-YM"", ""L32-Z03-HH37-YM"", ""L23-Z02-HH11-H"", ""L23-Z03-HH07-YM"", ""L31-Z01-HH05-H""]","{""L04-Z01-HH14-F"": 1, ""L32-Z03-HH49-H"": 1, ""L27-Z03-HH02-H"": 1, ""L31-Z01-HH04-YM"": 1, ""L32-Z03-HH37-YM"": 1, ""L23-Z02-HH11-H"": 1, ""L23-Z03-HH07-YM"": 1, ""L31-Z01-HH05-H"": 1, ""L26-Z03-HH08-H"": 1, ""L31-Z02-HH55-H"": 1}","{""-55"": ""Missing by panel wave drop-out"", ""-66"": ""Missing due to migrant status (actual survey contained in M-survey)""}","Respondent codes follow the structure: location number (Lxx) - sampling zone (Zyy) - household number (HHzz) - subsample identifier (H - household head; F - senior female; YF - youth female; YM - youth male; LB - left-behind member of migrated respondent). For instance: L05-Z02-HH13-F. Note 1: Respondents with identical household code (e.g., L05-Z02-HH13) but different subsample endings (-H, -F, -YF, -YM, -LB) are individuals who belong to the same household. Note 2: The location- and zone-identifier in the respondent code was assigned in wave 1 and kept constant afterwards, even if respondents moved. Note 3: For locations L10, L17, and L18, the zone indicator is missing as houses were sparsely distributed in these locations and we partly had to sample outside the regular 200-m-zone to reach the targeted number of households. Note 4: Locations belong to the following districts: Bogra (L19-L21); Gaibandha (L23); Jamalpur (L01, L22); Kurigram (L24-L36); Manikganj (L04-L06); Sirajganj (L07-L09); Tangail (L02-L03; L10-L18).",| |,baseline origin sampling-location / household code,anonymized Lxx sampling location; district derivable,origin,pseudonymized composite; fixed after moves
w14_N_q261,Riverbank (Home Village) Current Distance,rivbk_home_villg_crrnt_dist,w14_N,bemp_w14_N.csv,bemp_w14_N_codebook.csv,Erosion 2023 - Perception,Riverbank (Home Village) Current Distance,How far away from your house is the riverbank right now? [one of the distance measures is enough],,Single Choice,integer-coded,2232,2232,827,62.95,10,"[""2"", ""1"", ""4"", ""3"", ""9"", ""5"", ""7"", ""6""]","[""[minutes walking time]:"", ""River is right next to the house"", ""[kilometers]:"", ""[meters]:"", ""[gauges/yards]:"", ""[miles]:"", ""[feet]:"", ""[hands]:""]","{""2"": 451, ""1"": 126, ""4"": 79, ""3"": 46, ""9"": 32, ""5"": 26, ""7"": 23, ""6"": 23, ""8"": 18, ""10"": 3}","{""1"": ""River is right next to the house"", ""2"": ""[minutes walking time]:"", ""3"": ""[meters]:"", ""4"": ""[kilometers]:"", ""5"": ""[miles]:"", ""6"": ""[hands]:"", ""7"": ""[feet]:"", ""8"": ""[roshi/rope]:"", ""9"": ""[gauges/yards]:"", ""10"": ""Other [enter value and unit]:"", ""-8"": ""DK"", ""-9"": ""RA"", ""-55"": ""Missing by panel wave drop-out"", ""-66"": ""Missing due to migrant status (actual survey contained in M-survey)""}",,| |,hazard proximity,meters or reported distance category,origin/current residence context,derived/reported distance; no house coordinates
w14_N_q261_txt,Riverbank (Home Village) Current Distance,rivbk_home_villg_crrnt_dist_txt,w14_N,bemp_w14_N.csv,bemp_w14_N_codebook.csv,Erosion 2023 - Perception,Riverbank (Home Village) Current Distance,How far away from your house is the riverbank right now? [one of the distance measures is enough],,Open Text Box,string,2232,2232,701,68.59,43,"[""1"", ""2"", ""5"", ""3"", ""10"", ""4"", ""0.5"", ""100""]","[""1"", ""2"", ""5"", ""3"", ""10"", ""4"", ""0.5"", ""100""]","{""1"": 121, ""2"": 108, ""5"": 105, ""3"": 63, ""10"": 46, ""4"": 37, ""0.5"": 21, ""100"": 21, ""15"": 20, ""1.5"": 19}","{""-55"": ""Missing by panel wave drop-out"", ""-66"": ""Missing due to migrant status (actual survey contained in M-survey)""}",,| |,hazard proximity,meters or reported distance category,origin/current residence context,derived/reported distance; no house coordinates
w14_N_q22b,Total House Shift Distance,total_house_shift_dist,w14_N,bemp_w14_N.csv,bemp_w14_N_codebook.csv,Household Composition and Migration,Total House Shift Distance,How far have you shifted your house in total? [one of the distance measures is enough],,Single Choice,integer-coded,2232,2232,21,99.06,6,"[""1"", ""3"", ""2"", ""5"", ""4"", ""7""]","[""[minutes walking time]:"", ""[kilometers]:"", ""[meters]:"", ""[hands]:"", ""[miles]:"", ""[roshi/rope]:""]","{""1"": 8, ""3"": 6, ""2"": 3, ""5"": 2, ""4"": 1, ""7"": 1}","{""1"": ""[minutes walking time]:"", ""2"": ""[meters]:"", ""3"": ""[kilometers]:"", ""4"": ""[miles]:"", ""5"": ""[hands]:"", ""6"": ""[feet]:"", ""7"": ""[roshi/rope]:"", ""8"": ""[gauges/yards]:"", ""9"": ""Other [enter value and unit]:"", ""-8"": ""DK"", ""-9"": ""RA"", ""-55"": ""Missing by panel wave drop-out"", ""-66"": ""Missing due to migrant status (actual survey contained in M-survey)""}",,| If w14_N_q21_txt [House Shift Frequency] > 1 |,reported distance/accessibility,distance/category per question,origin/destination context per file,distance only; endpoints not identified
w14_N_q22b_txt,Total House Shift Distance,total_house_shift_dist_txt,w14_N,bemp_w14_N.csv,bemp_w14_N_codebook.csv,Household Composition and Migration,Total House Shift Distance,How far have you shifted your house in total? [one of the distance measures is enough],,Open Text Box,integer-coded,2232,2232,21,99.06,10,"[""2"", ""1"", ""3"", ""10"", ""0"", ""5"", ""500"", ""850""]","[""2"", ""1"", ""3"", ""10"", ""0"", ""5"", ""500"", ""850""]","{""2"": 7, ""1"": 3, ""3"": 2, ""10"": 2, ""0"": 2, ""5"": 1, ""500"": 1, ""850"": 1, ""30"": 1, ""6"": 1}","{""-55"": ""Missing by panel wave drop-out"", ""-66"": ""Missing due to migrant status (actual survey contained in M-survey)""}",,| If w14_N_q21_txt [House Shift Frequency] > 1 |,reported distance/accessibility,distance/category per question,origin/destination context per file,distance only; endpoints not identified
w14_N_q138,Village Migration Individual Distance,villg_migr_indiv_dist,w14_N,bemp_w14_N.csv,bemp_w14_N_codebook.csv,Migration at the Village Level,Village Migration Individual Distance,"If you think about those individuals who have left the village while their families stayed in the village. Did they move only to places close to this village, mostly to places close to this village, both the same, mostly to places far from this village or only to places far from this village?",,Single Choice,integer-coded,2232,2232,321,85.62,5,"[""4"", ""3"", ""2"", ""5"", ""1""]","[""Mostly to places far from this village"", ""Both the same"", ""Mostly to places close to this village"", ""Only to places far from this village"", ""Only to places close to this village""]","{""4"": 166, ""3"": 72, ""2"": 43, ""5"": 33, ""1"": 7}","{""1"": ""Only to places close to this village"", ""2"": ""Mostly to places close to this village"", ""3"": ""Both the same"", ""4"": ""Mostly to places far from this village"", ""5"": ""Only to places far from this village"", ""-8"": ""DK"", ""-9"": ""RA"", ""-55"": ""Missing by panel wave drop-out"", ""-66"": ""Missing due to migrant status (actual survey contained in M-survey)""}",,"If (w14_N_reg2 [Respondent Type] = ""Household head"" OR w14_N_q3 [Respondent Newly Household Head] = ""Yes"" OR w14_N_reg2 [Respondent Type] = ""Left-behind member of migrated respondent"") | If w14_N_q135 [Village Migration Individual] = ""Yes"" AND (w14_N_q137 [Village Migration Individual Rural Urban] = ""Both the same"" OR w14_N_q137 [Village Migration Individual Rural Urban] = ""Mostly to villages"" OR w14_N_q137 [Village Migration Individual Rural Urban] = ""Only to villages"") |",reported distance/accessibility,distance/category per question,origin/destination context per file,distance only; endpoints not identified
w14_N_q128,Village Migration Permanent Distance,villg_migr_perm_dist,w14_N,bemp_w14_N.csv,bemp_w14_N_codebook.csv,Migration at the Village Level,Village Migration Permanent Distance,"If you think about those families who have permanently left the village within the last year. Did they move only to places close to this village, mostly to places close to this village, both the same, mostly to places far from this village or only to places far from this village?",,Single Choice,integer-coded,2232,2232,284,87.28,5,"[""2"", ""4"", ""1"", ""3"", ""5""]","[""Mostly to places close to this village"", ""Mostly to places far from this village"", ""Only to places close to this village"", ""Both the same"", ""Only to places far from this village""]","{""2"": 89, ""4"": 74, ""1"": 60, ""3"": 41, ""5"": 20}","{""1"": ""Only to places close to this village"", ""2"": ""Mostly to places close to this village"", ""3"": ""Both the same"", ""4"": ""Mostly to places far from this village"", ""5"": ""Only to places far from this village"", ""-8"": ""DK"", ""-9"": ""RA"", ""-55"": ""Missing by panel wave drop-out"", ""-66"": ""Missing due to migrant status (actual survey contained in M-survey)""}",,"If (w14_N_reg2 [Respondent Type] = ""Household head"" OR w14_N_q3 [Respondent Newly Household Head] = ""Yes"" OR w14_N_reg2 [Respondent Type] = ""Left-behind member of migrated respondent"") | If w14_N_q125 [Village Migration Permanent] = ""Yes"" AND (w14_N_q127 [Village Migration Permanent Rural Urban] = ""Both the same"" OR w14_N_q127 [Village Migration Permanent Rural Urban] = ""Mostly to villages"" OR w14_N_q127 [Village Migration Permanent Rural Urban] = ""Only to villages"") |",reported distance/accessibility,distance/category per question,origin/destination context per file,distance only; endpoints not identified
w14_M_q33,Current Location Residence Duration,crrnt_locat_rsdnc_durat,w14_M,bemp_w14_M.csv,bemp_w14_M_codebook.csv,Household Composition and Migration,Current Location Residence Duration,"For how long have you been living in this exact location within {current location}, meaning in this house?",,Single Choice,integer-coded,481,481,330,31.39,5,"[""5"", ""3"", ""2"", ""4"", ""1""]","[""More than a year [specify number of years if they indicate a specific duration]:"", ""Months (< 12 months) [specify number of months if they indicate a specific duration]:"", ""Weeks (< 1 month)"", ""One year"", ""Days (< 1 week)""]","{""5"": 174, ""3"": 95, ""2"": 33, ""4"": 22, ""1"": 6}","{""1"": ""Days (< 1 week)"", ""2"": ""Weeks (< 1 month)"", ""3"": ""Months (< 12 months) [specify number of months if they indicate a specific duration]:"", ""4"": ""One year"", ""5"": ""More than a year [specify number of years if they indicate a specific duration]:"", ""-8"": ""DK"", ""-9"": ""RA"", ""-55"": ""Missing by panel wave drop-out""}",,"| If (w14_M_reg2 [Respondent Type] = ""Household head"" OR w14_M_q3 [Respondent Newly Household Head] = ""Yes"") OR (w14_M_reg2 [Respondent Type] = ""Youth"" AND w14_M_q24 [Respondent Current Migration Individual or Household] != ""I took the whole household along"") OR (w14_M_reg2 [Respondent Type] = ""Female"" AND w14_M_q24 [Respondent Current Migration Individual or Household] != ""I took the whole household along"") |",destination residence characteristic,house/residence category or duration,destination,categorized
w14_M_q33_txt,Current Location Residence Duration,crrnt_locat_rsdnc_durat_txt,w14_M,bemp_w14_M.csv,bemp_w14_M_codebook.csv,Household Composition and Migration,Current Location Residence Duration,"For how long have you been living in this exact location within {current location}, meaning in this house?",,Open Text Box,continuous numeric,481,481,263,45.32,23,"[""2"", ""3"", ""6"", ""1.5"", ""4"", ""1"", ""7"", ""8""]","[""2"", ""3"", ""6"", ""1.5"", ""4"", ""1"", ""7"", ""8""]","{""2"": 70, ""3"": 54, ""6"": 30, ""1.5"": 21, ""4"": 13, ""1"": 11, ""7"": 11, ""8"": 11, ""2.5"": 9, ""5"": 7}","{""-55"": ""Missing by panel wave drop-out""}",,"| If (w14_M_reg2 [Respondent Type] = ""Household head"" OR w14_M_q3 [Respondent Newly Household Head] = ""Yes"") OR (w14_M_reg2 [Respondent Type] = ""Youth"" AND w14_M_q24 [Respondent Current Migration Individual or Household] != ""I took the whole household along"") OR (w14_M_reg2 [Respondent Type] = ""Female"" AND w14_M_q24 [Respondent Current Migration Individual or Household] != ""I took the whole household along"") |",destination residence characteristic,house/residence category or duration,destination,categorized
w14_M_dist_from_prev_loc,Distance from Previous Location,dist_from_prev_loc,w14_M,bemp_w14_M.csv,bemp_w14_M_codebook.csv,Geographical Variables,Distance from Previous Location,,,Geographical,continuous numeric,481,481,221,54.05,217,"[""0"", ""11.8332007688758"", ""21.1594137501655"", ""1121.62770227924"", ""1574.20433143563"", ""17.5993200727291"", ""13.9019770014012"", ""12.2140515055937""]","[""0"", ""11.8332007688758"", ""21.1594137501655"", ""1121.62770227924"", ""1574.20433143563"", ""17.5993200727291"", ""13.9019770014012"", ""12.2140515055937""]","{""0"": 4, ""11.8332007688758"": 2, ""21.1594137501655"": 1, ""1121.62770227924"": 1, ""1574.20433143563"": 1, ""17.5993200727291"": 1, ""13.9019770014012"": 1, ""12.2140515055937"": 1, ""24.1815565565019"": 1, ""9.75038045399734"": 1}","{""-55"": ""Missing by panel wave drop-out""}",Distance between the respondent's house location in the previous in-person survey and the location in this survey (in meters),| |,coordinate-derived inter-wave distance,meters; no direction or endpoint,origin-to-current / inter-wave,derived from withheld house coordinates
w14_M_q35a,House Shift Distance,house_shift_dist,w14_M,bemp_w14_M.csv,bemp_w14_M_codebook.csv,Household Composition and Migration,House Shift Distance,How far have you shifted your house? [one of the distance measures is enough],,Single Choice,integer-coded,481,481,16,96.67,7,"[""1"", ""3"", ""8"", ""2"", ""4"", ""6"", ""7""]","[""[minutes walking time]:"", ""[kilometers]:"", ""[gauges/yards]:"", ""[meters]:"", ""[miles]:"", ""[feet]:"", ""[roshi/rope]:""]","{""1"": 7, ""3"": 4, ""8"": 1, ""2"": 1, ""4"": 1, ""6"": 1, ""7"": 1}","{""1"": ""[minutes walking time]:"", ""2"": ""[meters]:"", ""3"": ""[kilometers]:"", ""4"": ""[miles]:"", ""5"": ""[hands]:"", ""6"": ""[feet]:"", ""7"": ""[roshi/rope]:"", ""8"": ""[gauges/yards]:"", ""9"": ""Other [enter value and unit]:"", ""-8"": ""DK"", ""-9"": ""RA"", ""-55"": ""Missing by panel wave drop-out""}",,| If (w14_M_q34a_txt [House Shift Frequency] = 1 OR w14_M_q34b_txt [House Shift Frequency (Migration Location)] = 1) |,reported distance/accessibility,distance/category per question,origin/destination context per file,distance only; endpoints not identified
w14_M_q35a_txt,House Shift Distance,house_shift_dist_txt,w14_M,bemp_w14_M.csv,bemp_w14_M_codebook.csv,Household Composition and Migration,House Shift Distance,How far have you shifted your house? [one of the distance measures is enough],,Open Text Box,continuous numeric,481,481,16,96.67,9,"[""5"", ""1"", ""30"", ""1.5"", ""20"", ""100"", ""0.5"", ""10""]","[""5"", ""1"", ""30"", ""1.5"", ""20"", ""100"", ""0.5"", ""10""]","{""5"": 4, ""1"": 3, ""30"": 2, ""1.5"": 2, ""20"": 1, ""100"": 1, ""0.5"": 1, ""10"": 1, ""2"": 1}","{""-55"": ""Missing by panel wave drop-out""}",,| If (w14_M_q34a_txt [House Shift Frequency] = 1 OR w14_M_q34b_txt [House Shift Frequency (Migration Location)] = 1) |,reported distance/accessibility,distance/category per question,origin/destination context per file,distance only; endpoints not identified
w14_M_q324,Plot Distance from Jamuna,plot_dist_from_jmuna,w14_M,bemp_w14_M.csv,bemp_w14_M_codebook.csv,Plot Characterization,Plot Distance from Jamuna,How far is it from the Jamuna River? [one of the distance measures is enough],,Single Choice,integer-coded,481,481,2,99.58,2,"[""9"", ""2""]","[""Other [enter value and unit]:"", ""[minutes walking time]:""]","{""9"": 1, ""2"": 1}","{""1"": ""Right next to the river"", ""2"": ""[minutes walking time]:"", ""3"": ""[meters]:"", ""4"": ""[kilometers]:"", ""5"": ""[miles]:"", ""6"": ""[hands]:"", ""7"": ""[feet]:"", ""8"": ""[roshi/rope]:"", ""9"": ""Other [enter value and unit]:"", ""-8"": ""DK"", ""-9"": ""RA"", ""-55"": ""Missing by panel wave drop-out""}",,"If (w14_M_q297_txt [New Land Plot Count (Migration Location)] > 0 OR w14_M_q313_txt [New Land Plot Count (Home Village)] > 0) | If w14_M_q322 [Plot Location] = ""{home village in wave 1}"" |",hazard proximity,meters or reported distance category,origin/current residence context,derived/reported distance; no house coordinates
w14_M_q324_txt,Plot Distance from Jamuna,plot_dist_from_jmuna_txt,w14_M,bemp_w14_M.csv,bemp_w14_M_codebook.csv,Plot Characterization,Plot Distance from Jamuna,How far is it from the Jamuna River? [one of the distance measures is enough],,Open Text Box,string,481,481,2,99.58,2,"[""Middle of the Jamuna"", ""2""]","[""Middle of the Jamuna"", ""2""]","{""Middle of the Jamuna"": 1, ""2"": 1}","{""-55"": ""Missing by panel wave drop-out""}",,"If (w14_M_q297_txt [New Land Plot Count (Migration Location)] > 0 OR w14_M_q313_txt [New Land Plot Count (Home Village)] > 0) | If w14_M_q322 [Plot Location] = ""{home village in wave 1}"" |",hazard proximity,meters or reported distance category,origin/current residence context,derived/reported distance; no house coordinates
w14_M_enum4,Residence Type,rsdnc_type,w14_M,bemp_w14_M.csv,bemp_w14_M_codebook.csv,Respondent Characteristics,Residence Type,Respondent lives in...,,Single Choice,integer-coded,481,481,91,81.08,5,"[""3"", ""1"", ""4"", ""2"", ""5""]","[""multi-story apartment house"", ""hut"", ""residential home"", ""single-story apartment house"", ""Other:""]","{""3"": 29, ""1"": 25, ""4"": 21, ""2"": 14, ""5"": 2}","{""1"": ""hut"", ""2"": ""single-story apartment house"", ""3"": ""multi-story apartment house"", ""4"": ""residential home"", ""5"": ""Other:"", ""-7"": ""Not observed"", ""-55"": ""Missing by panel wave drop-out""}",This variable was assessed by the enumerator and not asked to the respondent.,"If enumerator is at respondent's house | If w14_M_q19 [Respondent Current Location Rural Urban] = ""City"" | If ""single-story apartment house"" is selected, skip to: w14_M_enum11 [Neighborhood Charging Station Access]; If ""multi-story apartment house"" is selected, skip to: w14_M_enum11 [Neighborhood Charging Station Access]; If ""residential home"" is selected, skip to: w14_M_enum11 [Neighborhood Charging Station Access]",destination residence characteristic,house/residence category or duration,destination,categorized
w14_M_enum4_txt,Residence Type,rsdnc_type_txt,w14_M,bemp_w14_M.csv,bemp_w14_M_codebook.csv,Respondent Characteristics,Residence Type,Respondent lives in...,,Open Text Box,string,481,481,2,99.58,2,"[""Normal rent tin house"", ""Store house""]","[""Normal rent tin house"", ""Store house""]","{""Normal rent tin house"": 1, ""Store house"": 1}","{""-55"": ""Missing by panel wave drop-out""}",This variable was assessed by the enumerator and not asked to the respondent.,"If enumerator is at respondent's house | If w14_M_q19 [Respondent Current Location Rural Urban] = ""City"" | If ""single-story apartment house"" is selected, skip to: w14_M_enum11 [Neighborhood Charging Station Access]; If ""multi-story apartment house"" is selected, skip to: w14_M_enum11 [Neighborhood Charging Station Access]; If ""residential home"" is selected, skip to: w14_M_enum11 [Neighborhood Charging Station Access]",destination residence characteristic,house/residence category or duration,destination,categorized
w14_M_reg3,Respondent Code,resp_code,w14_M,bemp_w14_M.csv,bemp_w14_M_codebook.csv,Questionnaire Registration,Respondent Code,Respondent code,,Open Text Box,string,481,481,481,0.0,480,"[""L30-Z03-HH02-LB"", ""L08-Z02-HH24-H"", ""L12-Z01-HH07-H"", ""L34-Z02-HH15-YF"", ""L22-Z02-HH22-YF"", ""L08-Z02-HH16-H"", ""L10-HH07-YF"", ""L22-Z02-HH09-H""]","[""L30-Z03-HH02-LB"", ""L08-Z02-HH24-H"", ""L12-Z01-HH07-H"", ""L34-Z02-HH15-YF"", ""L22-Z02-HH22-YF"", ""L08-Z02-HH16-H"", ""L10-HH07-YF"", ""L22-Z02-HH09-H""]","{""L30-Z03-HH02-LB"": 2, ""L08-Z02-HH24-H"": 1, ""L12-Z01-HH07-H"": 1, ""L34-Z02-HH15-YF"": 1, ""L22-Z02-HH22-YF"": 1, ""L08-Z02-HH16-H"": 1, ""L10-HH07-YF"": 1, ""L22-Z02-HH09-H"": 1, ""L34-Z03-HH16-YF"": 1, ""L29-Z03-HH11-H"": 1}","{""-55"": ""Missing by panel wave drop-out""}","Respondent codes follow the structure: location number (Lxx) - sampling zone (Zyy) - household number (HHzz) - subsample identifier (H - household head; F - senior female; YF - youth female; YM - youth male; LB - left-behind member of migrated respondent). For instance: L05-Z02-HH13-F. Note 1: Respondents with identical household code (e.g., L05-Z02-HH13) but different subsample endings (-H, -F, -YF, -YM, -LB) are individuals who belong to the same household. Note 2: The location- and zone-identifier in the respondent code was assigned in wave 1 and kept constant afterwards, even if respondents moved. Note 3: For locations L10, L17, and L18, the zone indicator is missing as houses were sparsely distributed in these locations and we partly had to sample outside the regular 200-m-zone to reach the targeted number of households. Note 4: Locations belong to the following districts: Bogra (L19-L21); Gaibandha (L23); Jamalpur (L01, L22); Kurigram (L24-L36); Manikganj (L04-L06); Sirajganj (L07-L09); Tangail (L02-L03; L10-L18).",| |,baseline origin sampling-location / household code,anonymized Lxx sampling location; district derivable,origin,pseudonymized composite; fixed after moves
w14_M_q20,Respondent Current Location City,resp_crrnt_locat_city,w14_M,bemp_w14_M.csv,bemp_w14_M_codebook.csv,Household Composition and Migration,Respondent Current Location City,[filled by enumerator] What is the name of the city to which he/she went?,,Single Choice,integer-coded,481,481,53,88.98,11,"[""1"", ""18"", ""7"", ""2"", ""10"", ""13"", ""9"", ""14""]","[""Dhaka"", ""Other:"", ""Gazipur"", ""Tangail"", ""Bogura"", ""Noakhali"", ""Narayanganj"", ""Rangpur""]","{""1"": 24, ""18"": 10, ""7"": 4, ""2"": 4, ""10"": 2, ""13"": 2, ""9"": 2, ""14"": 2, ""4"": 1, ""11"": 1}","{""1"": ""Dhaka"", ""2"": ""Tangail"", ""3"": ""Nagarpur"", ""4"": ""Jamalpur"", ""5"": ""Mymensingh"", ""6"": ""Chittagong"", ""7"": ""Gazipur"", ""8"": ""Munshiganj"", ""9"": ""Narayanganj"", ""10"": ""Bogura"", ""11"": ""Gaibandha"", ""12"": ""Manikganj"", ""13"": ""Noakhali"", ""14"": ""Rangpur"", ""15"": ""Bhola"", ""16"": ""Sirajganj"", ""18"": ""Other:"", ""-8"": ""DK"", ""-9"": ""RA"", ""-55"": ""Missing by panel wave drop-out""}",,"| If (w14_M_q19 [Respondent Current Location Rural Urban] = ""City"" AND w14_M_q16 [Respondent Current Location New or Old] != ""In {previous migration destination}"") |",destination city category/name,city,destination,categorical/open-text city; no coordinates
w14_M_q20_txt,Respondent Current Location City,resp_crrnt_locat_city_txt,w14_M,bemp_w14_M.csv,bemp_w14_M_codebook.csv,Household Composition and Migration,Respondent Current Location City,[filled by enumerator] What is the name of the city to which he/she went?,,Open Text Box,string,481,481,10,97.92,8,"[""Kurigram"", ""Cumilla"", ""Barisal"", ""Feni"", ""Rangamati"", ""Konabari"", ""Aricha"", ""Mirzapur""]","[""Kurigram"", ""Cumilla"", ""Barisal"", ""Feni"", ""Rangamati"", ""Konabari"", ""Aricha"", ""Mirzapur""]","{""Kurigram"": 2, ""Cumilla"": 2, ""Barisal"": 1, ""Feni"": 1, ""Rangamati"": 1, ""Konabari"": 1, ""Aricha"": 1, ""Mirzapur"": 1}","{""-55"": ""Missing by panel wave drop-out""}",,"| If (w14_M_q19 [Respondent Current Location Rural Urban] = ""City"" AND w14_M_q16 [Respondent Current Location New or Old] != ""In {previous migration destination}"") |",destination city category/name,city,destination,categorical/open-text city; no coordinates
w14_M_q18,Respondent Current Location Country,resp_crrnt_locat_cntr,w14_M,bemp_w14_M.csv,bemp_w14_M_codebook.csv,Household Composition and Migration,Respondent Current Location Country,[filled by enumerator] To which country did the respondent go?,,Single Choice,undetermined (no valid values),481,481,0,100.0,0,[],[],{},"{""1"": ""Qatar"", ""2"": ""Malaysia"", ""3"": ""Saudi-Arabia"", ""4"": ""UAE"", ""5"": ""Dubai"", ""6"": ""India"", ""7"": ""Singapur"", ""8"": ""Libya"", ""9"": ""Other:"", ""-8"": ""DK"", ""-9"": ""RA"", ""-55"": ""Missing by panel wave drop-out""}",,"| If w14_M_q17 [Respondent Current Location Domestic Abroad] = ""Abroad"" |",domestic/international destination,country/internal status,destination,categorized
w14_M_q18_txt,Respondent Current Location Country,resp_crrnt_locat_cntr_txt,w14_M,bemp_w14_M.csv,bemp_w14_M_codebook.csv,Household Composition and Migration,Respondent Current Location Country,[filled by enumerator] To which country did the respondent go?,,Open Text Box,undetermined (no valid values),481,481,0,100.0,0,[],[],{},"{""-55"": ""Missing by panel wave drop-out""}",,"| If w14_M_q17 [Respondent Current Location Domestic Abroad] = ""Abroad"" |",domestic/international destination,country/internal status,destination,categorized
w14_M_q17,Respondent Current Location Domestic Abroad,resp_crrnt_locat_dmstc_abrod,w14_M,bemp_w14_M.csv,bemp_w14_M_codebook.csv,Household Composition and Migration,Respondent Current Location Domestic Abroad,[filled by enumerator] Did the respondent go to a location inside Bangladesh or abroad?,,Single Choice,integer-coded,481,481,150,68.81,1,"[""1""]","[""In Bangladesh""]","{""1"": 150}","{""1"": ""In Bangladesh"", ""2"": ""Abroad"", ""-8"": ""DK"", ""-9"": ""RA"", ""-55"": ""Missing by panel wave drop-out""}",,"| If (w14_M_q16 [Respondent Current Location New or Old] = ""In another location"" OR w14_M_reg11 [Previous Migration Status] = ""NON-MIGRANT"" OR w14_M_reg11 [Previous Migration Status] = ""Not interviewed"") |",domestic/international destination,country/internal status,destination,categorized
w14_M_q16,Respondent Current Location New or Old,resp_crrnt_locat_new_or_old,w14_M,bemp_w14_M.csv,bemp_w14_M_codebook.csv,Household Composition and Migration,Respondent Current Location New or Old,[filled by enumerator] Is the respondent in {previous migration destination} or in a new location?,,Single Choice,integer-coded,481,481,262,45.53,2,"[""1"", ""2""]","[""In {previous migration destination}"", ""In another location""]","{""1"": 233, ""2"": 29}","{""1"": ""In {previous migration destination}"", ""2"": ""In another location"", ""-55"": ""Missing by panel wave drop-out""}",,"| If w14_M_reg11 [Previous Migration Status] = ""MIGRANT"" |",same-versus-new inter-wave destination,relational,destination,categorized
w14_M_q19,Respondent Current Location Rural Urban,resp_crrnt_locat_rural_urban,w14_M,bemp_w14_M.csv,bemp_w14_M_codebook.csv,Household Composition and Migration,Respondent Current Location Rural Urban,[filled by enumerator] Did the respondent go to a city or to a village?,,Single Choice,integer-coded,481,481,383,20.37,2,"[""2"", ""1""]","[""Village"", ""City""]","{""2"": 271, ""1"": 112}","{""1"": ""City"", ""2"": ""Village"", ""-8"": ""DK"", ""-9"": ""RA"", ""-55"": ""Missing by panel wave drop-out""}",,"| If (w14_M_q17 [Respondent Current Location Domestic Abroad] = ""In Bangladesh"" OR w14_M_q16 [Respondent Current Location New or Old] = ""In {previous migration destination}"") |",rural/urban settlement type,settlement type,destination,categorized
w14_M_q21x5,Respondent Current Location Village,resp_crrnt_locat_villg5,w14_M,bemp_w14_M.csv,bemp_w14_M_codebook.csv,Household Composition and Migration,Respondent Current Location Village,[filled by enumerator] What is the name of the village to which he/she went? [fill in whatever information the respondent can provide; be careful about spelling],District:,Multiple Choice,integer-coded,481,481,97,79.83,2,"[""1"", ""0""]","[""Selected"", ""Not Selected""]","{""1"": 74, ""0"": 23}","{""0"": ""Not Selected"", ""1"": ""Selected"", ""-55"": ""Missing by panel wave drop-out""}",Geographic identifiers below the district level were removed from the published dataset to protect participant confidentiality.,"| If (w14_M_q19 [Respondent Current Location Rural Urban] = ""Village"" AND w14_M_q16 [Respondent Current Location New or Old] != ""In {previous migration destination}"") |",rural destination district,district,destination,village/upazila/union removed; district retained
w14_M_q21x5_txt,Respondent Current Location Village,resp_crrnt_locat_villg5_txt,w14_M,bemp_w14_M.csv,bemp_w14_M_codebook.csv,Household Composition and Migration,Respondent Current Location Village,[filled by enumerator] What is the name of the village to which he/she went? [fill in whatever information the respondent can provide; be careful about spelling],District:,Open Text Box,string,481,481,74,84.62,16,"[""Kurigram"", ""Tangail"", ""Jamalpur"", ""Sirajganj"", ""Dhaka"", ""Manikganj"", ""Gazipur"", ""Gaibandha""]","[""Kurigram"", ""Tangail"", ""Jamalpur"", ""Sirajganj"", ""Dhaka"", ""Manikganj"", ""Gazipur"", ""Gaibandha""]","{""Kurigram"": 27, ""Tangail"": 19, ""Jamalpur"": 4, ""Sirajganj"": 4, ""Dhaka"": 4, ""Manikganj"": 3, ""Gazipur"": 2, ""Gaibandha"": 2, ""Narayanganj"": 2, ""Bogura"": 1}","{""-55"": ""Missing by panel wave drop-out""}",Geographic identifiers below the district level were removed from the published dataset to protect participant confidentiality.,"| If (w14_M_q19 [Respondent Current Location Rural Urban] = ""Village"" AND w14_M_q16 [Respondent Current Location New or Old] != ""In {previous migration destination}"") |",rural destination district,district,destination,village/upazila/union removed; district retained
w14_M_q21x6,Respondent Current Location Village,resp_crrnt_locat_villg6,w14_M,bemp_w14_M.csv,bemp_w14_M_codebook.csv,Household Composition and Migration,Respondent Current Location Village,[filled by enumerator] What is the name of the village to which he/she went? [fill in whatever information the respondent can provide; be careful about spelling],Division:,Multiple Choice,integer-coded,481,481,97,79.83,2,"[""0"", ""1""]","[""Not Selected"", ""Selected""]","{""0"": 53, ""1"": 44}","{""0"": ""Not Selected"", ""1"": ""Selected"", ""-55"": ""Missing by panel wave drop-out""}",Geographic identifiers below the district level were removed from the published dataset to protect participant confidentiality.,"| If (w14_M_q19 [Respondent Current Location Rural Urban] = ""Village"" AND w14_M_q16 [Respondent Current Location New or Old] != ""In {previous migration destination}"") |",rural destination division,division,destination,village/upazila/union removed; division retained
w14_M_q21x6_txt,Respondent Current Location Village,resp_crrnt_locat_villg6_txt,w14_M,bemp_w14_M.csv,bemp_w14_M_codebook.csv,Household Composition and Migration,Respondent Current Location Village,[filled by enumerator] What is the name of the village to which he/she went? [fill in whatever information the respondent can provide; be careful about spelling],Division:,Open Text Box,string,481,481,44,90.85,4,"[""Rangpur"", ""Dhaka"", ""Rajshahi"", ""Mymensingh""]","[""Rangpur"", ""Dhaka"", ""Rajshahi"", ""Mymensingh""]","{""Rangpur"": 24, ""Dhaka"": 15, ""Rajshahi"": 3, ""Mymensingh"": 2}","{""-55"": ""Missing by panel wave drop-out""}",Geographic identifiers below the district level were removed from the published dataset to protect participant confidentiality.,"| If (w14_M_q19 [Respondent Current Location Rural Urban] = ""Village"" AND w14_M_q16 [Respondent Current Location New or Old] != ""In {previous migration destination}"") |",rural destination division,division,destination,village/upazila/union removed; division retained
w14_M_q21x88,Respondent Current Location Village,resp_crrnt_locat_villg88,w14_M,bemp_w14_M.csv,bemp_w14_M_codebook.csv,Household Composition and Migration,Respondent Current Location Village,[filled by enumerator] What is the name of the village to which he/she went? [fill in whatever information the respondent can provide; be careful about spelling],DK,Multiple Choice,integer-coded,481,481,97,79.83,1,"[""0""]","[""Not Selected""]","{""0"": 97}","{""0"": ""Not Selected"", ""1"": ""Selected"", ""-55"": ""Missing by panel wave drop-out""}",Geographic identifiers below the district level were removed from the published dataset to protect participant confidentiality.,"| If (w14_M_q19 [Respondent Current Location Rural Urban] = ""Village"" AND w14_M_q16 [Respondent Current Location New or Old] != ""In {previous migration destination}"") |",rural destination response flag,relational/nonresponse flag,destination,village identity removed
w14_M_q21x99,Respondent Current Location Village,resp_crrnt_locat_villg99,w14_M,bemp_w14_M.csv,bemp_w14_M_codebook.csv,Household Composition and Migration,Respondent Current Location Village,[filled by enumerator] What is the name of the village to which he/she went? [fill in whatever information the respondent can provide; be careful about spelling],RA,Multiple Choice,integer-coded,481,481,97,79.83,1,"[""0""]","[""Not Selected""]","{""0"": 97}","{""0"": ""Not Selected"", ""1"": ""Selected"", ""-55"": ""Missing by panel wave drop-out""}",Geographic identifiers below the district level were removed from the published dataset to protect participant confidentiality.,"| If (w14_M_q19 [Respondent Current Location Rural Urban] = ""Village"" AND w14_M_q16 [Respondent Current Location New or Old] != ""In {previous migration destination}"") |",rural destination response flag,relational/nonresponse flag,destination,village identity removed
w14_M_q103_L1,Secondary Migration Respondent House Shift Distance (Loop 1),scndr_migr_resp_house_shift_dist_loop1,w14_M,bemp_w14_M.csv,bemp_w14_M_codebook.csv,Migrant History (Old) - Respondent - Loop 1,Secondary Migration Respondent House Shift Distance (Loop 1),How far have you shifted your house? [one of the distance measures is enough],,Single Choice,undetermined (no valid values),481,481,0,100.0,0,[],[],{},"{""1"": ""[minutes walking time]:"", ""2"": ""[meters]:"", ""3"": ""[kilometers]:"", ""4"": ""[miles]:"", ""5"": ""[hands]:"", ""6"": ""[feet]:"", ""7"": ""[roshi/rope]:"", ""8"": ""[gauges/yards]:"", ""9"": ""Other [enter value and unit]:"", ""-8"": ""DK"", ""-9"": ""RA"", ""-55"": ""Missing by panel wave drop-out""}",,"If w14_M_q58b_txt [Secondary Migration Respondent Frequency] > 0 | If w14_M_q102_L1 [Secondary Migration Respondent House Shift (Loop 1)] = ""Yes"" |",reported distance/accessibility,distance/category per question,origin/destination context per file,distance only; endpoints not identified
w14_M_q103_txt_L1,Secondary Migration Respondent House Shift Distance (Loop 1),scndr_migr_resp_house_shift_dist_txt_loop1,w14_M,bemp_w14_M.csv,bemp_w14_M_codebook.csv,Migrant History (Old) - Respondent - Loop 1,Secondary Migration Respondent House Shift Distance (Loop 1),How far have you shifted your house? [one of the distance measures is enough],,Open Text Box,undetermined (no valid values),481,481,0,100.0,0,[],[],{},"{""-55"": ""Missing by panel wave drop-out""}",,"If w14_M_q58b_txt [Secondary Migration Respondent Frequency] > 0 | If w14_M_q102_L1 [Secondary Migration Respondent House Shift (Loop 1)] = ""Yes"" |",reported distance/accessibility,distance/category per question,origin/destination context per file,distance only; endpoints not identified
w14_M_q103_L2,Secondary Migration Respondent House Shift Distance (Loop 2),scndr_migr_resp_house_shift_dist_loop2,w14_M,bemp_w14_M.csv,bemp_w14_M_codebook.csv,Migrant History (Old) - Respondent - Loop 2,Secondary Migration Respondent House Shift Distance (Loop 2),How far have you shifted your house? [one of the distance measures is enough],,Single Choice,undetermined (no valid values),481,481,0,100.0,0,[],[],{},"{""1"": ""[minutes walking time]:"", ""2"": ""[meters]:"", ""3"": ""[kilometers]:"", ""4"": ""[miles]:"", ""5"": ""[hands]:"", ""6"": ""[feet]:"", ""7"": ""[roshi/rope]:"", ""8"": ""[gauges/yards]:"", ""9"": ""Other [enter value and unit]:"", ""-8"": ""DK"", ""-9"": ""RA"", ""-55"": ""Missing by panel wave drop-out""}",,"If w14_M_q58b_txt [Secondary Migration Respondent Frequency] > 0 | If w14_M_q102_L2 [Secondary Migration Respondent House Shift (Loop 2)] = ""Yes"" |",reported distance/accessibility,distance/category per question,origin/destination context per file,distance only; endpoints not identified
w14_M_q103_txt_L2,Secondary Migration Respondent House Shift Distance (Loop 2),scndr_migr_resp_house_shift_dist_txt_loop2,w14_M,bemp_w14_M.csv,bemp_w14_M_codebook.csv,Migrant History (Old) - Respondent - Loop 2,Secondary Migration Respondent House Shift Distance (Loop 2),How far have you shifted your house? [one of the distance measures is enough],,Open Text Box,undetermined (no valid values),481,481,0,100.0,0,[],[],{},"{""-55"": ""Missing by panel wave drop-out""}",,"If w14_M_q58b_txt [Secondary Migration Respondent Frequency] > 0 | If w14_M_q102_L2 [Secondary Migration Respondent House Shift (Loop 2)] = ""Yes"" |",reported distance/accessibility,distance/category per question,origin/destination context per file,distance only; endpoints not identified
w14_M_q103_L3,Secondary Migration Respondent House Shift Distance (Loop 3),scndr_migr_resp_house_shift_dist_loop3,w14_M,bemp_w14_M.csv,bemp_w14_M_codebook.csv,Migrant History (Old) - Respondent - Loop 3,Secondary Migration Respondent House Shift Distance (Loop 3),How far have you shifted your house? [one of the distance measures is enough],,Single Choice,undetermined (no valid values),481,481,0,100.0,0,[],[],{},"{""1"": ""[minutes walking time]:"", ""2"": ""[meters]:"", ""3"": ""[kilometers]:"", ""4"": ""[miles]:"", ""5"": ""[hands]:"", ""6"": ""[feet]:"", ""7"": ""[roshi/rope]:"", ""8"": ""[gauges/yards]:"", ""9"": ""Other [enter value and unit]:"", ""-8"": ""DK"", ""-9"": ""RA"", ""-55"": ""Missing by panel wave drop-out""}",,"If w14_M_q58b_txt [Secondary Migration Respondent Frequency] > 0 | If w14_M_q102_L3 [Secondary Migration Respondent House Shift (Loop 3)] = ""Yes"" |",reported distance/accessibility,distance/category per question,origin/destination context per file,distance only; endpoints not identified
w14_M_q103_txt_L3,Secondary Migration Respondent House Shift Distance (Loop 3),scndr_migr_resp_house_shift_dist_txt_loop3,w14_M,bemp_w14_M.csv,bemp_w14_M_codebook.csv,Migrant History (Old) - Respondent - Loop 3,Secondary Migration Respondent House Shift Distance (Loop 3),How far have you shifted your house? [one of the distance measures is enough],,Open Text Box,undetermined (no valid values),481,481,0,100.0,0,[],[],{},"{""-55"": ""Missing by panel wave drop-out""}",,"If w14_M_q58b_txt [Secondary Migration Respondent Frequency] > 0 | If w14_M_q102_L3 [Secondary Migration Respondent House Shift (Loop 3)] = ""Yes"" |",reported distance/accessibility,distance/category per question,origin/destination context per file,distance only; endpoints not identified
w14_M_q35b,Total House Shift Distance,total_house_shift_dist,w14_M,bemp_w14_M.csv,bemp_w14_M_codebook.csv,Household Composition and Migration,Total House Shift Distance,How far have you shifted your house in total? [one of the distance measures is enough],,Single Choice,integer-coded,481,481,2,99.58,2,"[""3"", ""1""]","[""[kilometers]:"", ""[minutes walking time]:""]","{""3"": 1, ""1"": 1}","{""1"": ""[minutes walking time]:"", ""2"": ""[meters]:"", ""3"": ""[kilometers]:"", ""4"": ""[miles]:"", ""5"": ""[hands]:"", ""6"": ""[feet]:"", ""7"": ""[roshi/rope]:"", ""8"": ""[gauges/yards]:"", ""9"": ""Other [enter value and unit]:"", ""-8"": ""DK"", ""-9"": ""RA"", ""-55"": ""Missing by panel wave drop-out""}",,| If (w14_M_q34a_txt [House Shift Frequency] > 1 OR w14_M_q34b_txt [House Shift Frequency (Migration Location)] > 1) |,reported distance/accessibility,distance/category per question,origin/destination context per file,distance only; endpoints not identified
w14_M_q35b_txt,Total House Shift Distance,total_house_shift_dist_txt,w14_M,bemp_w14_M.csv,bemp_w14_M_codebook.csv,Household Composition and Migration,Total House Shift Distance,How far have you shifted your house in total? [one of the distance measures is enough],,Open Text Box,integer-coded,481,481,2,99.58,2,"[""10"", ""5""]","[""10"", ""5""]","{""10"": 1, ""5"": 1}","{""-55"": ""Missing by panel wave drop-out""}",,| If (w14_M_q34a_txt [House Shift Frequency] > 1 OR w14_M_q34b_txt [House Shift Frequency (Migration Location)] > 1) |,reported distance/accessibility,distance/category per question,origin/destination context per file,distance only; endpoints not identified
w14_V_q11x1,Distance to Road,dist_to_road1,w14_V,bemp_w14_V.csv,bemp_w14_V_codebook.csv,Public Goods,Distance to Road,How far is it until the next tar/concrete/paved road,Distance in kilometers,Multiple Choice,integer-coded,32,32,22,31.25,2,"[""1"", ""0""]","[""Selected"", ""Not Selected""]","{""1"": 16, ""0"": 6}","{""0"": ""Not Selected"", ""1"": ""Selected""}",,| |,reported distance/accessibility,distance/category per question,origin/destination context per file,distance only; endpoints not identified
w14_V_q11x1_txt,Distance to Road,dist_to_road1_txt,w14_V,bemp_w14_V.csv,bemp_w14_V_codebook.csv,Public Goods,Distance to Road,How far is it until the next tar/concrete/paved road,Distance in kilometers,Open Text Box,continuous numeric,32,32,16,50.0,10,"[""2"", ""1"", ""1.5"", ""2.5"", ""9"", ""6"", ""0.5"", ""3""]","[""2"", ""1"", ""1.5"", ""2.5"", ""9"", ""6"", ""0.5"", ""3""]","{""2"": 3, ""1"": 3, ""1.5"": 2, ""2.5"": 2, ""9"": 1, ""6"": 1, ""0.5"": 1, ""3"": 1, ""10"": 1, ""3.5"": 1}",{},,| |,reported distance/accessibility,distance/category per question,origin/destination context per file,distance only; endpoints not identified
w14_V_q11x2,Distance to Road,dist_to_road2,w14_V,bemp_w14_V.csv,bemp_w14_V_codebook.csv,Public Goods,Distance to Road,How far is it until the next tar/concrete/paved road,Distance in minutes driving,Multiple Choice,integer-coded,32,32,22,31.25,1,"[""0""]","[""Not Selected""]","{""0"": 22}","{""0"": ""Not Selected"", ""1"": ""Selected""}",,| |,reported distance/accessibility,distance/category per question,origin/destination context per file,distance only; endpoints not identified
w14_V_q11x2_txt,Distance to Road,dist_to_road2_txt,w14_V,bemp_w14_V.csv,bemp_w14_V_codebook.csv,Public Goods,Distance to Road,How far is it until the next tar/concrete/paved road,Distance in minutes driving,Open Text Box,undetermined (no valid values),32,32,0,100.0,0,[],[],{},{},,| |,reported distance/accessibility,distance/category per question,origin/destination context per file,distance only; endpoints not identified
w14_V_q11x3,Distance to Road,dist_to_road3,w14_V,bemp_w14_V.csv,bemp_w14_V_codebook.csv,Public Goods,Distance to Road,How far is it until the next tar/concrete/paved road,Distance in minutes walking,Multiple Choice,integer-coded,32,32,22,31.25,2,"[""0"", ""1""]","[""Not Selected"", ""Selected""]","{""0"": 16, ""1"": 6}","{""0"": ""Not Selected"", ""1"": ""Selected""}",,| |,reported distance/accessibility,distance/category per question,origin/destination context per file,distance only; endpoints not identified
w14_V_q11x3_txt,Distance to Road,dist_to_road3_txt,w14_V,bemp_w14_V.csv,bemp_w14_V_codebook.csv,Public Goods,Distance to Road,How far is it until the next tar/concrete/paved road,Distance in minutes walking,Open Text Box,integer-coded,32,32,6,81.25,4,"[""5"", ""20"", ""10"", ""7""]","[""5"", ""20"", ""10"", ""7""]","{""5"": 3, ""20"": 1, ""10"": 1, ""7"": 1}",{},,| |,reported distance/accessibility,distance/category per question,origin/destination context per file,distance only; endpoints not identified
w14_V_q4,District,dstrc,w14_V,bemp_w14_V.csv,bemp_w14_V_codebook.csv,Registration,District,District,,Open Text Box,string,32,32,32,0.0,9,"[""Kurigram"", ""Tangail"", ""Manikganj"", ""Jamalpur"", ""Sirajganj"", ""Sirajgonj"", ""Bogura"", ""Bogra""]","[""Kurigram"", ""Tangail"", ""Manikganj"", ""Jamalpur"", ""Sirajganj"", ""Sirajgonj"", ""Bogura"", ""Bogra""]","{""Kurigram"": 12, ""Tangail"": 8, ""Manikganj"": 3, ""Jamalpur"": 3, ""Sirajganj"": 2, ""Sirajgonj"": 1, ""Bogura"": 1, ""Bogra"": 1, ""Gaibandha"": 1}",{},Geographic identifiers below the district level were removed from the published dataset to protect participant confidentiality.,| |,district name,district,origin village profile,public district; lower levels suppressed
w14_V_q35x1,Grocery Shop Distance,grcry_shop_dist1,w14_V,bemp_w14_V.csv,bemp_w14_V_codebook.csv,Public Goods,Grocery Shop Distance,"How far is it to the next shop selling grocery items (such as oil, rice, ...)? [enter preferably in kilometers/miles, else in minutes driving]",Distance in kilometers:,Multiple Choice,integer-coded,32,32,6,81.25,2,"[""1"", ""0""]","[""Selected"", ""Not Selected""]","{""1"": 5, ""0"": 1}","{""0"": ""Not Selected"", ""1"": ""Selected""}",,| |,reported distance/accessibility,distance/category per question,origin/destination context per file,distance only; endpoints not identified
w14_V_q35x1_txt,Grocery Shop Distance,grcry_shop_dist1_txt,w14_V,bemp_w14_V.csv,bemp_w14_V_codebook.csv,Public Goods,Grocery Shop Distance,"How far is it to the next shop selling grocery items (such as oil, rice, ...)? [enter preferably in kilometers/miles, else in minutes driving]",Distance in kilometers:,Open Text Box,continuous numeric,32,32,5,84.38,5,"[""1"", ""1.5"", ""3"", ""3.5"", ""2""]","[""1"", ""1.5"", ""3"", ""3.5"", ""2""]","{""1"": 1, ""1.5"": 1, ""3"": 1, ""3.5"": 1, ""2"": 1}",{},,| |,reported distance/accessibility,distance/category per question,origin/destination context per file,distance only; endpoints not identified
w14_V_q35x2,Grocery Shop Distance,grcry_shop_dist2,w14_V,bemp_w14_V.csv,bemp_w14_V_codebook.csv,Public Goods,Grocery Shop Distance,"How far is it to the next shop selling grocery items (such as oil, rice, ...)? [enter preferably in kilometers/miles, else in minutes driving]",Distance in miles:,Multiple Choice,integer-coded,32,32,6,81.25,1,"[""0""]","[""Not Selected""]","{""0"": 6}","{""0"": ""Not Selected"", ""1"": ""Selected""}",,| |,reported distance/accessibility,distance/category per question,origin/destination context per file,distance only; endpoints not identified
w14_V_q35x2_txt,Grocery Shop Distance,grcry_shop_dist2_txt,w14_V,bemp_w14_V.csv,bemp_w14_V_codebook.csv,Public Goods,Grocery Shop Distance,"How far is it to the next shop selling grocery items (such as oil, rice, ...)? [enter preferably in kilometers/miles, else in minutes driving]",Distance in miles:,Open Text Box,undetermined (no valid values),32,32,0,100.0,0,[],[],{},{},,| |,reported distance/accessibility,distance/category per question,origin/destination context per file,distance only; endpoints not identified
w14_V_q35x3,Grocery Shop Distance,grcry_shop_dist3,w14_V,bemp_w14_V.csv,bemp_w14_V_codebook.csv,Public Goods,Grocery Shop Distance,"How far is it to the next shop selling grocery items (such as oil, rice, ...)? [enter preferably in kilometers/miles, else in minutes driving]",Distance in minutes driving:,Multiple Choice,integer-coded,32,32,6,81.25,1,"[""0""]","[""Not Selected""]","{""0"": 6}","{""0"": ""Not Selected"", ""1"": ""Selected""}",,| |,reported distance/accessibility,distance/category per question,origin/destination context per file,distance only; endpoints not identified
w14_V_q35x3_txt,Grocery Shop Distance,grcry_shop_dist3_txt,w14_V,bemp_w14_V.csv,bemp_w14_V_codebook.csv,Public Goods,Grocery Shop Distance,"How far is it to the next shop selling grocery items (such as oil, rice, ...)? [enter preferably in kilometers/miles, else in minutes driving]",Distance in minutes driving:,Open Text Box,undetermined (no valid values),32,32,0,100.0,0,[],[],{},{},,| |,reported distance/accessibility,distance/category per question,origin/destination context per file,distance only; endpoints not identified
w14_V_q35x4,Grocery Shop Distance,grcry_shop_dist4,w14_V,bemp_w14_V.csv,bemp_w14_V_codebook.csv,Public Goods,Grocery Shop Distance,"How far is it to the next shop selling grocery items (such as oil, rice, ...)? [enter preferably in kilometers/miles, else in minutes driving]",Distance in minutes walking:,Multiple Choice,integer-coded,32,32,6,81.25,2,"[""0"", ""1""]","[""Not Selected"", ""Selected""]","{""0"": 5, ""1"": 1}","{""0"": ""Not Selected"", ""1"": ""Selected""}",,| |,reported distance/accessibility,distance/category per question,origin/destination context per file,distance only; endpoints not identified
w14_V_q35x4_txt,Grocery Shop Distance,grcry_shop_dist4_txt,w14_V,bemp_w14_V.csv,bemp_w14_V_codebook.csv,Public Goods,Grocery Shop Distance,"How far is it to the next shop selling grocery items (such as oil, rice, ...)? [enter preferably in kilometers/miles, else in minutes driving]",Distance in minutes walking:,Open Text Box,integer-coded,32,32,1,96.88,1,"[""8""]","[""8""]","{""8"": 1}",{},,| |,reported distance/accessibility,distance/category per question,origin/destination context per file,distance only; endpoints not identified
w14_V_q35x5,Grocery Shop Distance,grcry_shop_dist5,w14_V,bemp_w14_V.csv,bemp_w14_V_codebook.csv,Public Goods,Grocery Shop Distance,"How far is it to the next shop selling grocery items (such as oil, rice, ...)? [enter preferably in kilometers/miles, else in minutes driving]",Distance in minutes by boat:,Multiple Choice,integer-coded,32,32,6,81.25,1,"[""0""]","[""Not Selected""]","{""0"": 6}","{""0"": ""Not Selected"", ""1"": ""Selected""}",,| |,reported distance/accessibility,distance/category per question,origin/destination context per file,distance only; endpoints not identified
w14_V_q35x5_txt,Grocery Shop Distance,grcry_shop_dist5_txt,w14_V,bemp_w14_V.csv,bemp_w14_V_codebook.csv,Public Goods,Grocery Shop Distance,"How far is it to the next shop selling grocery items (such as oil, rice, ...)? [enter preferably in kilometers/miles, else in minutes driving]",Distance in minutes by boat:,Open Text Box,undetermined (no valid values),32,32,0,100.0,0,[],[],{},{},,| |,reported distance/accessibility,distance/category per question,origin/destination context per file,distance only; endpoints not identified
w14_V_q35x88,Grocery Shop Distance,grcry_shop_dist88,w14_V,bemp_w14_V.csv,bemp_w14_V_codebook.csv,Public Goods,Grocery Shop Distance,"How far is it to the next shop selling grocery items (such as oil, rice, ...)? [enter preferably in kilometers/miles, else in minutes driving]",DK,Multiple Choice,integer-coded,32,32,6,81.25,1,"[""0""]","[""Not Selected""]","{""0"": 6}","{""0"": ""Not Selected"", ""1"": ""Selected""}",,| |,reported distance/accessibility,distance/category per question,origin/destination context per file,distance only; endpoints not identified
w14_V_reg2,Location Number,locat_nmbr,w14_V,bemp_w14_V.csv,bemp_w14_V_codebook.csv,Registration,Location Number,Location number (for example L01),,Open Text Box,string,32,32,32,0.0,32,"[""L05"", ""L06"", ""L34"", ""L30"", ""L33"", ""L29"", ""L35"", ""L32""]","[""L05"", ""L06"", ""L34"", ""L30"", ""L33"", ""L29"", ""L35"", ""L32""]","{""L05"": 1, ""L06"": 1, ""L34"": 1, ""L30"": 1, ""L33"": 1, ""L29"": 1, ""L35"": 1, ""L32"": 1, ""L31"": 1, ""L28"": 1}",{},"Locations belong to the following districts: Bogra (L19-L21); Gaibandha (L23); Jamalpur (L01, L22); Kurigram (L24-L36); Manikganj (L04-L06); Sirajganj (L07-L09); Tangail (L02-L03; L10-L18).",| |,baseline origin sampling-location code,anonymized Lxx location; district derivable,origin,pseudonymized location code; no village name
w14_V_q25x1,Madrasha Distance,mdrsh_dist1,w14_V,bemp_w14_V.csv,bemp_w14_V_codebook.csv,Public Goods,Madrasha Distance,"How far is it to the next Madrasha? [enter preferably in kilometers/miles, else in minutes driving]",Distance in kilometers:,Multiple Choice,integer-coded,32,32,6,81.25,1,"[""1""]","[""Selected""]","{""1"": 6}","{""0"": ""Not Selected"", ""1"": ""Selected""}",,| |,reported distance/accessibility,distance/category per question,origin/destination context per file,distance only; endpoints not identified
w14_V_q25x1_txt,Madrasha Distance,mdrsh_dist1_txt,w14_V,bemp_w14_V.csv,bemp_w14_V_codebook.csv,Public Goods,Madrasha Distance,"How far is it to the next Madrasha? [enter preferably in kilometers/miles, else in minutes driving]",Distance in kilometers:,Open Text Box,integer-coded,32,32,6,81.25,4,"[""4"", ""2"", ""1"", ""3""]","[""4"", ""2"", ""1"", ""3""]","{""4"": 2, ""2"": 2, ""1"": 1, ""3"": 1}",{},,| |,reported distance/accessibility,distance/category per question,origin/destination context per file,distance only; endpoints not identified
w14_V_q25x2,Madrasha Distance,mdrsh_dist2,w14_V,bemp_w14_V.csv,bemp_w14_V_codebook.csv,Public Goods,Madrasha Distance,"How far is it to the next Madrasha? [enter preferably in kilometers/miles, else in minutes driving]",Distance in miles:,Multiple Choice,integer-coded,32,32,6,81.25,1,"[""0""]","[""Not Selected""]","{""0"": 6}","{""0"": ""Not Selected"", ""1"": ""Selected""}",,| |,reported distance/accessibility,distance/category per question,origin/destination context per file,distance only; endpoints not identified
w14_V_q25x2_txt,Madrasha Distance,mdrsh_dist2_txt,w14_V,bemp_w14_V.csv,bemp_w14_V_codebook.csv,Public Goods,Madrasha Distance,"How far is it to the next Madrasha? [enter preferably in kilometers/miles, else in minutes driving]",Distance in miles:,Open Text Box,undetermined (no valid values),32,32,0,100.0,0,[],[],{},{},,| |,reported distance/accessibility,distance/category per question,origin/destination context per file,distance only; endpoints not identified
w14_V_q25x3,Madrasha Distance,mdrsh_dist3,w14_V,bemp_w14_V.csv,bemp_w14_V_codebook.csv,Public Goods,Madrasha Distance,"How far is it to the next Madrasha? [enter preferably in kilometers/miles, else in minutes driving]",Distance in minutes driving:,Multiple Choice,integer-coded,32,32,6,81.25,1,"[""0""]","[""Not Selected""]","{""0"": 6}","{""0"": ""Not Selected"", ""1"": ""Selected""}",,| |,reported distance/accessibility,distance/category per question,origin/destination context per file,distance only; endpoints not identified
w14_V_q25x3_txt,Madrasha Distance,mdrsh_dist3_txt,w14_V,bemp_w14_V.csv,bemp_w14_V_codebook.csv,Public Goods,Madrasha Distance,"How far is it to the next Madrasha? [enter preferably in kilometers/miles, else in minutes driving]",Distance in minutes driving:,Open Text Box,undetermined (no valid values),32,32,0,100.0,0,[],[],{},{},,| |,reported distance/accessibility,distance/category per question,origin/destination context per file,distance only; endpoints not identified
w14_V_q25x4,Madrasha Distance,mdrsh_dist4,w14_V,bemp_w14_V.csv,bemp_w14_V_codebook.csv,Public Goods,Madrasha Distance,"How far is it to the next Madrasha? [enter preferably in kilometers/miles, else in minutes driving]",Distance in minutes walking:,Multiple Choice,integer-coded,32,32,6,81.25,1,"[""0""]","[""Not Selected""]","{""0"": 6}","{""0"": ""Not Selected"", ""1"": ""Selected""}",,| |,reported distance/accessibility,distance/category per question,origin/destination context per file,distance only; endpoints not identified
w14_V_q25x4_txt,Madrasha Distance,mdrsh_dist4_txt,w14_V,bemp_w14_V.csv,bemp_w14_V_codebook.csv,Public Goods,Madrasha Distance,"How far is it to the next Madrasha? [enter preferably in kilometers/miles, else in minutes driving]",Distance in minutes walking:,Open Text Box,undetermined (no valid values),32,32,0,100.0,0,[],[],{},{},,| |,reported distance/accessibility,distance/category per question,origin/destination context per file,distance only; endpoints not identified
w14_V_q25x5,Madrasha Distance,mdrsh_dist5,w14_V,bemp_w14_V.csv,bemp_w14_V_codebook.csv,Public Goods,Madrasha Distance,"How far is it to the next Madrasha? [enter preferably in kilometers/miles, else in minutes driving]",Distance in minutes by boat:,Multiple Choice,integer-coded,32,32,6,81.25,1,"[""0""]","[""Not Selected""]","{""0"": 6}","{""0"": ""Not Selected"", ""1"": ""Selected""}",,| |,reported distance/accessibility,distance/category per question,origin/destination context per file,distance only; endpoints not identified
w14_V_q25x5_txt,Madrasha Distance,mdrsh_dist5_txt,w14_V,bemp_w14_V.csv,bemp_w14_V_codebook.csv,Public Goods,Madrasha Distance,"How far is it to the next Madrasha? [enter preferably in kilometers/miles, else in minutes driving]",Distance in minutes by boat:,Open Text Box,undetermined (no valid values),32,32,0,100.0,0,[],[],{},{},,| |,reported distance/accessibility,distance/category per question,origin/destination context per file,distance only; endpoints not identified
w14_V_q25x88,Madrasha Distance,mdrsh_dist88,w14_V,bemp_w14_V.csv,bemp_w14_V_codebook.csv,Public Goods,Madrasha Distance,"How far is it to the next Madrasha? [enter preferably in kilometers/miles, else in minutes driving]",DK,Multiple Choice,integer-coded,32,32,6,81.25,1,"[""0""]","[""Not Selected""]","{""0"": 6}","{""0"": ""Not Selected"", ""1"": ""Selected""}",,| |,reported distance/accessibility,distance/category per question,origin/destination context per file,distance only; endpoints not identified
w14_V_q28x1,Medical Facility Distance,medic_fclty_dist1,w14_V,bemp_w14_V.csv,bemp_w14_V_codebook.csv,Public Goods,Medical Facility Distance,"How far is it to the next clinic/hospital? [enter preferably in kilometers/miles, else in minutes driving]",Distance in kilometers:,Multiple Choice,integer-coded,32,32,17,46.88,1,"[""1""]","[""Selected""]","{""1"": 17}","{""0"": ""Not Selected"", ""1"": ""Selected""}",,| |,reported distance/accessibility,distance/category per question,origin/destination context per file,distance only; endpoints not identified
w14_V_q28x1_txt,Medical Facility Distance,medic_fclty_dist1_txt,w14_V,bemp_w14_V.csv,bemp_w14_V_codebook.csv,Public Goods,Medical Facility Distance,"How far is it to the next clinic/hospital? [enter preferably in kilometers/miles, else in minutes driving]",Distance in kilometers:,Open Text Box,continuous numeric,32,32,17,46.88,11,"[""2"", ""4"", ""3"", ""1.5"", ""10"", ""6"", ""2.5"", ""1""]","[""2"", ""4"", ""3"", ""1.5"", ""10"", ""6"", ""2.5"", ""1""]","{""2"": 3, ""4"": 2, ""3"": 2, ""1.5"": 2, ""10"": 2, ""6"": 1, ""2.5"": 1, ""1"": 1, ""5"": 1, ""7"": 1}",{},,| |,reported distance/accessibility,distance/category per question,origin/destination context per file,distance only; endpoints not identified
w14_V_q28x2,Medical Facility Distance,medic_fclty_dist2,w14_V,bemp_w14_V.csv,bemp_w14_V_codebook.csv,Public Goods,Medical Facility Distance,"How far is it to the next clinic/hospital? [enter preferably in kilometers/miles, else in minutes driving]",Distance in miles:,Multiple Choice,integer-coded,32,32,17,46.88,1,"[""0""]","[""Not Selected""]","{""0"": 17}","{""0"": ""Not Selected"", ""1"": ""Selected""}",,| |,reported distance/accessibility,distance/category per question,origin/destination context per file,distance only; endpoints not identified
w14_V_q28x2_txt,Medical Facility Distance,medic_fclty_dist2_txt,w14_V,bemp_w14_V.csv,bemp_w14_V_codebook.csv,Public Goods,Medical Facility Distance,"How far is it to the next clinic/hospital? [enter preferably in kilometers/miles, else in minutes driving]",Distance in miles:,Open Text Box,undetermined (no valid values),32,32,0,100.0,0,[],[],{},{},,| |,reported distance/accessibility,distance/category per question,origin/destination context per file,distance only; endpoints not identified
w14_V_q28x3,Medical Facility Distance,medic_fclty_dist3,w14_V,bemp_w14_V.csv,bemp_w14_V_codebook.csv,Public Goods,Medical Facility Distance,"How far is it to the next clinic/hospital? [enter preferably in kilometers/miles, else in minutes driving]",Distance in minutes driving:,Multiple Choice,integer-coded,32,32,17,46.88,1,"[""0""]","[""Not Selected""]","{""0"": 17}","{""0"": ""Not Selected"", ""1"": ""Selected""}",,| |,reported distance/accessibility,distance/category per question,origin/destination context per file,distance only; endpoints not identified
w14_V_q28x3_txt,Medical Facility Distance,medic_fclty_dist3_txt,w14_V,bemp_w14_V.csv,bemp_w14_V_codebook.csv,Public Goods,Medical Facility Distance,"How far is it to the next clinic/hospital? [enter preferably in kilometers/miles, else in minutes driving]",Distance in minutes driving:,Open Text Box,undetermined (no valid values),32,32,0,100.0,0,[],[],{},{},,| |,reported distance/accessibility,distance/category per question,origin/destination context per file,distance only; endpoints not identified
w14_V_q28x4,Medical Facility Distance,medic_fclty_dist4,w14_V,bemp_w14_V.csv,bemp_w14_V_codebook.csv,Public Goods,Medical Facility Distance,"How far is it to the next clinic/hospital? [enter preferably in kilometers/miles, else in minutes driving]",Distance in minutes walking:,Multiple Choice,integer-coded,32,32,17,46.88,1,"[""0""]","[""Not Selected""]","{""0"": 17}","{""0"": ""Not Selected"", ""1"": ""Selected""}",,| |,reported distance/accessibility,distance/category per question,origin/destination context per file,distance only; endpoints not identified
w14_V_q28x4_txt,Medical Facility Distance,medic_fclty_dist4_txt,w14_V,bemp_w14_V.csv,bemp_w14_V_codebook.csv,Public Goods,Medical Facility Distance,"How far is it to the next clinic/hospital? [enter preferably in kilometers/miles, else in minutes driving]",Distance in minutes walking:,Open Text Box,undetermined (no valid values),32,32,0,100.0,0,[],[],{},{},,| |,reported distance/accessibility,distance/category per question,origin/destination context per file,distance only; endpoints not identified
w14_V_q28x5,Medical Facility Distance,medic_fclty_dist5,w14_V,bemp_w14_V.csv,bemp_w14_V_codebook.csv,Public Goods,Medical Facility Distance,"How far is it to the next clinic/hospital? [enter preferably in kilometers/miles, else in minutes driving]",Distance in minutes by boat:,Multiple Choice,integer-coded,32,32,17,46.88,1,"[""0""]","[""Not Selected""]","{""0"": 17}","{""0"": ""Not Selected"", ""1"": ""Selected""}",,| |,reported distance/accessibility,distance/category per question,origin/destination context per file,distance only; endpoints not identified
w14_V_q28x5_txt,Medical Facility Distance,medic_fclty_dist5_txt,w14_V,bemp_w14_V.csv,bemp_w14_V_codebook.csv,Public Goods,Medical Facility Distance,"How far is it to the next clinic/hospital? [enter preferably in kilometers/miles, else in minutes driving]",Distance in minutes by boat:,Open Text Box,undetermined (no valid values),32,32,0,100.0,0,[],[],{},{},,| |,reported distance/accessibility,distance/category per question,origin/destination context per file,distance only; endpoints not identified
w14_V_q28x88,Medical Facility Distance,medic_fclty_dist88,w14_V,bemp_w14_V.csv,bemp_w14_V_codebook.csv,Public Goods,Medical Facility Distance,"How far is it to the next clinic/hospital? [enter preferably in kilometers/miles, else in minutes driving]",DK,Multiple Choice,integer-coded,32,32,17,46.88,1,"[""0""]","[""Not Selected""]","{""0"": 17}","{""0"": ""Not Selected"", ""1"": ""Selected""}",,| |,reported distance/accessibility,distance/category per question,origin/destination context per file,distance only; endpoints not identified
w14_V_q29x1,Pharmacy Distance,phrmc_dist1,w14_V,bemp_w14_V.csv,bemp_w14_V_codebook.csv,Public Goods,Pharmacy Distance,"How far is it to the next pharmacy? [enter preferably in kilometers/miles, else in minutes driving]",Distance in kilometers:,Multiple Choice,integer-coded,32,32,17,46.88,2,"[""1"", ""0""]","[""Selected"", ""Not Selected""]","{""1"": 11, ""0"": 6}","{""0"": ""Not Selected"", ""1"": ""Selected""}",,| |,reported distance/accessibility,distance/category per question,origin/destination context per file,distance only; endpoints not identified
w14_V_q29x1_txt,Pharmacy Distance,phrmc_dist1_txt,w14_V,bemp_w14_V.csv,bemp_w14_V_codebook.csv,Public Goods,Pharmacy Distance,"How far is it to the next pharmacy? [enter preferably in kilometers/miles, else in minutes driving]",Distance in kilometers:,Open Text Box,continuous numeric,32,32,11,65.62,6,"[""1"", ""1.5"", ""2"", ""0.1"", ""7"", ""3""]","[""1"", ""1.5"", ""2"", ""0.1"", ""7"", ""3""]","{""1"": 4, ""1.5"": 2, ""2"": 2, ""0.1"": 1, ""7"": 1, ""3"": 1}",{},,| |,reported distance/accessibility,distance/category per question,origin/destination context per file,distance only; endpoints not identified
w14_V_q29x2,Pharmacy Distance,phrmc_dist2,w14_V,bemp_w14_V.csv,bemp_w14_V_codebook.csv,Public Goods,Pharmacy Distance,"How far is it to the next pharmacy? [enter preferably in kilometers/miles, else in minutes driving]",Distance in miles:,Multiple Choice,integer-coded,32,32,17,46.88,1,"[""0""]","[""Not Selected""]","{""0"": 17}","{""0"": ""Not Selected"", ""1"": ""Selected""}",,| |,reported distance/accessibility,distance/category per question,origin/destination context per file,distance only; endpoints not identified
w14_V_q29x2_txt,Pharmacy Distance,phrmc_dist2_txt,w14_V,bemp_w14_V.csv,bemp_w14_V_codebook.csv,Public Goods,Pharmacy Distance,"How far is it to the next pharmacy? [enter preferably in kilometers/miles, else in minutes driving]",Distance in miles:,Open Text Box,undetermined (no valid values),32,32,0,100.0,0,[],[],{},{},,| |,reported distance/accessibility,distance/category per question,origin/destination context per file,distance only; endpoints not identified
w14_V_q29x3,Pharmacy Distance,phrmc_dist3,w14_V,bemp_w14_V.csv,bemp_w14_V_codebook.csv,Public Goods,Pharmacy Distance,"How far is it to the next pharmacy? [enter preferably in kilometers/miles, else in minutes driving]",Distance in minutes driving:,Multiple Choice,integer-coded,32,32,17,46.88,1,"[""0""]","[""Not Selected""]","{""0"": 17}","{""0"": ""Not Selected"", ""1"": ""Selected""}",,| |,reported distance/accessibility,distance/category per question,origin/destination context per file,distance only; endpoints not identified
w14_V_q29x3_txt,Pharmacy Distance,phrmc_dist3_txt,w14_V,bemp_w14_V.csv,bemp_w14_V_codebook.csv,Public Goods,Pharmacy Distance,"How far is it to the next pharmacy? [enter preferably in kilometers/miles, else in minutes driving]",Distance in minutes driving:,Open Text Box,undetermined (no valid values),32,32,0,100.0,0,[],[],{},{},,| |,reported distance/accessibility,distance/category per question,origin/destination context per file,distance only; endpoints not identified
w14_V_q29x4,Pharmacy Distance,phrmc_dist4,w14_V,bemp_w14_V.csv,bemp_w14_V_codebook.csv,Public Goods,Pharmacy Distance,"How far is it to the next pharmacy? [enter preferably in kilometers/miles, else in minutes driving]",Distance in minutes walking:,Multiple Choice,integer-coded,32,32,17,46.88,2,"[""0"", ""1""]","[""Not Selected"", ""Selected""]","{""0"": 11, ""1"": 6}","{""0"": ""Not Selected"", ""1"": ""Selected""}",,| |,reported distance/accessibility,distance/category per question,origin/destination context per file,distance only; endpoints not identified
w14_V_q29x4_txt,Pharmacy Distance,phrmc_dist4_txt,w14_V,bemp_w14_V.csv,bemp_w14_V_codebook.csv,Public Goods,Pharmacy Distance,"How far is it to the next pharmacy? [enter preferably in kilometers/miles, else in minutes driving]",Distance in minutes walking:,Open Text Box,integer-coded,32,32,6,81.25,4,"[""5"", ""4"", ""2"", ""1""]","[""5"", ""4"", ""2"", ""1""]","{""5"": 3, ""4"": 1, ""2"": 1, ""1"": 1}",{},,| |,reported distance/accessibility,distance/category per question,origin/destination context per file,distance only; endpoints not identified
w14_V_q29x5,Pharmacy Distance,phrmc_dist5,w14_V,bemp_w14_V.csv,bemp_w14_V_codebook.csv,Public Goods,Pharmacy Distance,"How far is it to the next pharmacy? [enter preferably in kilometers/miles, else in minutes driving]",Distance in minutes by boat:,Multiple Choice,integer-coded,32,32,17,46.88,1,"[""0""]","[""Not Selected""]","{""0"": 17}","{""0"": ""Not Selected"", ""1"": ""Selected""}",,| |,reported distance/accessibility,distance/category per question,origin/destination context per file,distance only; endpoints not identified
w14_V_q29x5_txt,Pharmacy Distance,phrmc_dist5_txt,w14_V,bemp_w14_V.csv,bemp_w14_V_codebook.csv,Public Goods,Pharmacy Distance,"How far is it to the next pharmacy? [enter preferably in kilometers/miles, else in minutes driving]",Distance in minutes by boat:,Open Text Box,undetermined (no valid values),32,32,0,100.0,0,[],[],{},{},,| |,reported distance/accessibility,distance/category per question,origin/destination context per file,distance only; endpoints not identified
w14_V_q29x88,Pharmacy Distance,phrmc_dist88,w14_V,bemp_w14_V.csv,bemp_w14_V_codebook.csv,Public Goods,Pharmacy Distance,"How far is it to the next pharmacy? [enter preferably in kilometers/miles, else in minutes driving]",DK,Multiple Choice,integer-coded,32,32,17,46.88,1,"[""0""]","[""Not Selected""]","{""0"": 17}","{""0"": ""Not Selected"", ""1"": ""Selected""}",,| |,reported distance/accessibility,distance/category per question,origin/destination context per file,distance only; endpoints not identified
w14_V_q20x1,Primary Government School Distance,prim_govt_schl_dist1,w14_V,bemp_w14_V.csv,bemp_w14_V_codebook.csv,Public Goods,Primary Government School Distance,"How far is it to the next closest primary government school? [enter preferably in kilometers/miles, else in minutes driving]",Distance in kilometers:,Multiple Choice,undetermined (no valid values),32,32,0,100.0,0,[],[],{},"{""0"": ""Not Selected"", ""1"": ""Selected""}",,| |,reported distance/accessibility,distance/category per question,origin/destination context per file,distance only; endpoints not identified
w14_V_q20x1_txt,Primary Government School Distance,prim_govt_schl_dist1_txt,w14_V,bemp_w14_V.csv,bemp_w14_V_codebook.csv,Public Goods,Primary Government School Distance,"How far is it to the next closest primary government school? [enter preferably in kilometers/miles, else in minutes driving]",Distance in kilometers:,Open Text Box,undetermined (no valid values),32,32,0,100.0,0,[],[],{},{},,| |,reported distance/accessibility,distance/category per question,origin/destination context per file,distance only; endpoints not identified
w14_V_q20x2,Primary Government School Distance,prim_govt_schl_dist2,w14_V,bemp_w14_V.csv,bemp_w14_V_codebook.csv,Public Goods,Primary Government School Distance,"How far is it to the next closest primary government school? [enter preferably in kilometers/miles, else in minutes driving]",Distance in miles:,Multiple Choice,undetermined (no valid values),32,32,0,100.0,0,[],[],{},"{""0"": ""Not Selected"", ""1"": ""Selected""}",,| |,reported distance/accessibility,distance/category per question,origin/destination context per file,distance only; endpoints not identified
w14_V_q20x2_txt,Primary Government School Distance,prim_govt_schl_dist2_txt,w14_V,bemp_w14_V.csv,bemp_w14_V_codebook.csv,Public Goods,Primary Government School Distance,"How far is it to the next closest primary government school? [enter preferably in kilometers/miles, else in minutes driving]",Distance in miles:,Open Text Box,undetermined (no valid values),32,32,0,100.0,0,[],[],{},{},,| |,reported distance/accessibility,distance/category per question,origin/destination context per file,distance only; endpoints not identified
w14_V_q20x3,Primary Government School Distance,prim_govt_schl_dist3,w14_V,bemp_w14_V.csv,bemp_w14_V_codebook.csv,Public Goods,Primary Government School Distance,"How far is it to the next closest primary government school? [enter preferably in kilometers/miles, else in minutes driving]",Distance in minutes driving:,Multiple Choice,undetermined (no valid values),32,32,0,100.0,0,[],[],{},"{""0"": ""Not Selected"", ""1"": ""Selected""}",,| |,reported distance/accessibility,distance/category per question,origin/destination context per file,distance only; endpoints not identified
w14_V_q20x3_txt,Primary Government School Distance,prim_govt_schl_dist3_txt,w14_V,bemp_w14_V.csv,bemp_w14_V_codebook.csv,Public Goods,Primary Government School Distance,"How far is it to the next closest primary government school? [enter preferably in kilometers/miles, else in minutes driving]",Distance in minutes driving:,Open Text Box,undetermined (no valid values),32,32,0,100.0,0,[],[],{},{},,| |,reported distance/accessibility,distance/category per question,origin/destination context per file,distance only; endpoints not identified
w14_V_q20x4,Primary Government School Distance,prim_govt_schl_dist4,w14_V,bemp_w14_V.csv,bemp_w14_V_codebook.csv,Public Goods,Primary Government School Distance,"How far is it to the next closest primary government school? [enter preferably in kilometers/miles, else in minutes driving]",Distance in minutes walking:,Multiple Choice,undetermined (no valid values),32,32,0,100.0,0,[],[],{},"{""0"": ""Not Selected"", ""1"": ""Selected""}",,| |,reported distance/accessibility,distance/category per question,origin/destination context per file,distance only; endpoints not identified
w14_V_q20x4_txt,Primary Government School Distance,prim_govt_schl_dist4_txt,w14_V,bemp_w14_V.csv,bemp_w14_V_codebook.csv,Public Goods,Primary Government School Distance,"How far is it to the next closest primary government school? [enter preferably in kilometers/miles, else in minutes driving]",Distance in minutes walking:,Open Text Box,undetermined (no valid values),32,32,0,100.0,0,[],[],{},{},,| |,reported distance/accessibility,distance/category per question,origin/destination context per file,distance only; endpoints not identified
w14_V_q20x5,Primary Government School Distance,prim_govt_schl_dist5,w14_V,bemp_w14_V.csv,bemp_w14_V_codebook.csv,Public Goods,Primary Government School Distance,"How far is it to the next closest primary government school? [enter preferably in kilometers/miles, else in minutes driving]",Distance in minutes by boat:,Multiple Choice,undetermined (no valid values),32,32,0,100.0,0,[],[],{},"{""0"": ""Not Selected"", ""1"": ""Selected""}",,| |,reported distance/accessibility,distance/category per question,origin/destination context per file,distance only; endpoints not identified
w14_V_q20x5_txt,Primary Government School Distance,prim_govt_schl_dist5_txt,w14_V,bemp_w14_V.csv,bemp_w14_V_codebook.csv,Public Goods,Primary Government School Distance,"How far is it to the next closest primary government school? [enter preferably in kilometers/miles, else in minutes driving]",Distance in minutes by boat:,Open Text Box,undetermined (no valid values),32,32,0,100.0,0,[],[],{},{},,| |,reported distance/accessibility,distance/category per question,origin/destination context per file,distance only; endpoints not identified
w14_V_q20x88,Primary Government School Distance,prim_govt_schl_dist88,w14_V,bemp_w14_V.csv,bemp_w14_V_codebook.csv,Public Goods,Primary Government School Distance,"How far is it to the next closest primary government school? [enter preferably in kilometers/miles, else in minutes driving]",DK,Multiple Choice,undetermined (no valid values),32,32,0,100.0,0,[],[],{},"{""0"": ""Not Selected"", ""1"": ""Selected""}",,| |,reported distance/accessibility,distance/category per question,origin/destination context per file,distance only; endpoints not identified
w14_V_q23x1,Secondary Government School Distance,scndr_govt_schl_dist1,w14_V,bemp_w14_V.csv,bemp_w14_V_codebook.csv,Public Goods,Secondary Government School Distance,"How far is it to the next closest secondary government school? [enter preferably in kilometers/miles, else in minutes driving]",Distance in kilometers:,Multiple Choice,integer-coded,32,32,20,37.5,2,"[""1"", ""0""]","[""Selected"", ""Not Selected""]","{""1"": 19, ""0"": 1}","{""0"": ""Not Selected"", ""1"": ""Selected""}",,| |,reported distance/accessibility,distance/category per question,origin/destination context per file,distance only; endpoints not identified
w14_V_q23x1_txt,Secondary Government School Distance,scndr_govt_schl_dist1_txt,w14_V,bemp_w14_V.csv,bemp_w14_V_codebook.csv,Public Goods,Secondary Government School Distance,"How far is it to the next closest secondary government school? [enter preferably in kilometers/miles, else in minutes driving]",Distance in kilometers:,Open Text Box,continuous numeric,32,32,19,40.62,13,"[""1.5"", ""2"", ""10"", ""3"", ""5"", ""22"", ""25"", ""0.8""]","[""1.5"", ""2"", ""10"", ""3"", ""5"", ""22"", ""25"", ""0.8""]","{""1.5"": 3, ""2"": 3, ""10"": 2, ""3"": 2, ""5"": 1, ""22"": 1, ""25"": 1, ""0.8"": 1, ""12"": 1, ""7"": 1}",{},,| |,reported distance/accessibility,distance/category per question,origin/destination context per file,distance only; endpoints not identified
w14_V_q23x2,Secondary Government School Distance,scndr_govt_schl_dist2,w14_V,bemp_w14_V.csv,bemp_w14_V_codebook.csv,Public Goods,Secondary Government School Distance,"How far is it to the next closest secondary government school? [enter preferably in kilometers/miles, else in minutes driving]",Distance in miles:,Multiple Choice,integer-coded,32,32,20,37.5,1,"[""0""]","[""Not Selected""]","{""0"": 20}","{""0"": ""Not Selected"", ""1"": ""Selected""}",,| |,reported distance/accessibility,distance/category per question,origin/destination context per file,distance only; endpoints not identified
w14_V_q23x2_txt,Secondary Government School Distance,scndr_govt_schl_dist2_txt,w14_V,bemp_w14_V.csv,bemp_w14_V_codebook.csv,Public Goods,Secondary Government School Distance,"How far is it to the next closest secondary government school? [enter preferably in kilometers/miles, else in minutes driving]",Distance in miles:,Open Text Box,undetermined (no valid values),32,32,0,100.0,0,[],[],{},{},,| |,reported distance/accessibility,distance/category per question,origin/destination context per file,distance only; endpoints not identified
w14_V_q23x3,Secondary Government School Distance,scndr_govt_schl_dist3,w14_V,bemp_w14_V.csv,bemp_w14_V_codebook.csv,Public Goods,Secondary Government School Distance,"How far is it to the next closest secondary government school? [enter preferably in kilometers/miles, else in minutes driving]",Distance in minutes driving:,Multiple Choice,integer-coded,32,32,20,37.5,2,"[""0"", ""1""]","[""Not Selected"", ""Selected""]","{""0"": 19, ""1"": 1}","{""0"": ""Not Selected"", ""1"": ""Selected""}",,| |,reported distance/accessibility,distance/category per question,origin/destination context per file,distance only; endpoints not identified
w14_V_q23x3_txt,Secondary Government School Distance,scndr_govt_schl_dist3_txt,w14_V,bemp_w14_V.csv,bemp_w14_V_codebook.csv,Public Goods,Secondary Government School Distance,"How far is it to the next closest secondary government school? [enter preferably in kilometers/miles, else in minutes driving]",Distance in minutes driving:,Open Text Box,integer-coded,32,32,1,96.88,1,"[""10""]","[""10""]","{""10"": 1}",{},,| |,reported distance/accessibility,distance/category per question,origin/destination context per file,distance only; endpoints not identified
w14_V_q23x4,Secondary Government School Distance,scndr_govt_schl_dist4,w14_V,bemp_w14_V.csv,bemp_w14_V_codebook.csv,Public Goods,Secondary Government School Distance,"How far is it to the next closest secondary government school? [enter preferably in kilometers/miles, else in minutes driving]",Distance in minutes walking:,Multiple Choice,integer-coded,32,32,20,37.5,1,"[""0""]","[""Not Selected""]","{""0"": 20}","{""0"": ""Not Selected"", ""1"": ""Selected""}",,| |,reported distance/accessibility,distance/category per question,origin/destination context per file,distance only; endpoints not identified
w14_V_q23x4_txt,Secondary Government School Distance,scndr_govt_schl_dist4_txt,w14_V,bemp_w14_V.csv,bemp_w14_V_codebook.csv,Public Goods,Secondary Government School Distance,"How far is it to the next closest secondary government school? [enter preferably in kilometers/miles, else in minutes driving]",Distance in minutes walking:,Open Text Box,undetermined (no valid values),32,32,0,100.0,0,[],[],{},{},,| |,reported distance/accessibility,distance/category per question,origin/destination context per file,distance only; endpoints not identified
w14_V_q23x5,Secondary Government School Distance,scndr_govt_schl_dist5,w14_V,bemp_w14_V.csv,bemp_w14_V_codebook.csv,Public Goods,Secondary Government School Distance,"How far is it to the next closest secondary government school? [enter preferably in kilometers/miles, else in minutes driving]",Distance in minutes by boat:,Multiple Choice,integer-coded,32,32,20,37.5,1,"[""0""]","[""Not Selected""]","{""0"": 20}","{""0"": ""Not Selected"", ""1"": ""Selected""}",,| |,reported distance/accessibility,distance/category per question,origin/destination context per file,distance only; endpoints not identified
w14_V_q23x5_txt,Secondary Government School Distance,scndr_govt_schl_dist5_txt,w14_V,bemp_w14_V.csv,bemp_w14_V_codebook.csv,Public Goods,Secondary Government School Distance,"How far is it to the next closest secondary government school? [enter preferably in kilometers/miles, else in minutes driving]",Distance in minutes by boat:,Open Text Box,undetermined (no valid values),32,32,0,100.0,0,[],[],{},{},,| |,reported distance/accessibility,distance/category per question,origin/destination context per file,distance only; endpoints not identified
w14_V_q23x88,Secondary Government School Distance,scndr_govt_schl_dist88,w14_V,bemp_w14_V.csv,bemp_w14_V_codebook.csv,Public Goods,Secondary Government School Distance,"How far is it to the next closest secondary government school? [enter preferably in kilometers/miles, else in minutes driving]",DK,Multiple Choice,integer-coded,32,32,20,37.5,1,"[""0""]","[""Not Selected""]","{""0"": 20}","{""0"": ""Not Selected"", ""1"": ""Selected""}",,| |,reported distance/accessibility,distance/category per question,origin/destination context per file,distance only; endpoints not identified
w14_V_q10x1,Village Access,villg_accss1,w14_V,bemp_w14_V.csv,bemp_w14_V_codebook.csv,Public Goods,Village Access,Access to village,Can reach the village on tar/concrete/paved road (e.g. with the microbus),Multiple Choice,integer-coded,32,32,32,0.0,2,"[""0"", ""1""]","[""Not Selected"", ""Selected""]","{""0"": 17, ""1"": 15}","{""0"": ""Not Selected"", ""1"": ""Selected""}",,| |,village transport access,village profile,origin village context,categorized
w14_V_q10x2,Village Access,villg_accss2,w14_V,bemp_w14_V.csv,bemp_w14_V_codebook.csv,Public Goods,Village Access,Access to village,Can reach village on dirt road suited for cars,Multiple Choice,integer-coded,32,32,32,0.0,2,"[""0"", ""1""]","[""Not Selected"", ""Selected""]","{""0"": 22, ""1"": 10}","{""0"": ""Not Selected"", ""1"": ""Selected""}",,| |,village transport access,village profile,origin village context,categorized
w14_V_q10x3,Village Access,villg_accss3,w14_V,bemp_w14_V.csv,bemp_w14_V_codebook.csv,Public Goods,Village Access,Access to village,Can reach village on dirt road NOT suited for cars,Multiple Choice,integer-coded,32,32,32,0.0,2,"[""0"", ""1""]","[""Not Selected"", ""Selected""]","{""0"": 19, ""1"": 13}","{""0"": ""Not Selected"", ""1"": ""Selected""}",,| |,village transport access,village profile,origin village context,categorized
w14_V_q10x4,Village Access,villg_accss4,w14_V,bemp_w14_V.csv,bemp_w14_V_codebook.csv,Public Goods,Village Access,Access to village,By boat,Multiple Choice,integer-coded,32,32,32,0.0,2,"[""1"", ""0""]","[""Selected"", ""Not Selected""]","{""1"": 23, ""0"": 9}","{""0"": ""Not Selected"", ""1"": ""Selected""}",,| |,village transport access,village profile,origin village context,categorized
w14_V_q10x5,Village Access,villg_accss5,w14_V,bemp_w14_V.csv,bemp_w14_V_codebook.csv,Public Goods,Village Access,Access to village,Other:,Multiple Choice,integer-coded,32,32,32,0.0,2,"[""0"", ""1""]","[""Not Selected"", ""Selected""]","{""0"": 31, ""1"": 1}","{""0"": ""Not Selected"", ""1"": ""Selected""}",,| |,village transport access,village profile,origin village context,categorized
w14_V_q10x5_txt,Village Access,villg_accss5_txt,w14_V,bemp_w14_V.csv,bemp_w14_V_codebook.csv,Public Goods,Village Access,Access to village,Other:,Open Text Box,string,32,32,1,96.88,1,"[""Van""]","[""Van""]","{""Van"": 1}",{},,| |,village transport access,village profile,origin village context,categorized
