origin_district,origin_pcode,destination_district,destination_pcode,same_district,centroid_haversine_km,effective_distance_km,distance_1km_floor_km,distance_disk_proxy_km,destination_population_2022,origin_population_2022,intervening_population_2022,radiation_score_adapted,gravity_fixed_score_pop_over_d2,log_effective_distance_km,log_destination_population_2022
Bagerhat,BD4001,Bagerhat,BD4001,True,0.0,44.41806395009496,1.0,30.732873493018324,1613076,1613076,0,0.5,817.5900162471025,3.793646232421758,14.293653473170336
Bagerhat,BD4001,Bandarban,BD2003,False,277.52706361776984,277.52706361776984,277.52706361776984,277.52706361776984,481106,1613076,122515525,5.0173207676407716e-05,6.246404317948213,5.625918454981607,13.08384289902944
Bagerhat,BD4001,Barguna,BD1004,False,46.723923222585036,46.723923222585036,46.723923222585036,46.723923222585036,1010531,1613076,3811580,0.046695077007918855,462.8827938819874,3.8442563080805816,13.825986493237492
Bagerhat,BD4001,Barishal,BD1006,False,78.94836967139695,78.94836967139695,78.94836967139695,78.94836967139695,2570446,1613076,9407107,0.027684389489861256,412.403319764308,4.3687940903478,14.759589982670962
Bagerhat,BD4001,Bhola,BD1009,False,102.26992120867489,102.26992120867489,102.26992120867489,102.26992120867489,1932518,1613076,17137425,0.008038066044111312,184.7684029671565,4.627615604393013,14.474334373759973
Bagerhat,BD4001,Bogura,BD5010,False,275.412020680092,275.412020680092,275.412020680092,275.412020680092,3734297,1613076,118781228,0.00040307502008819573,49.2315004884229,5.618268233417865,15.133070139288687
Bagerhat,BD4001,Brahmanbaria,BD2012,False,223.30896266992397,223.30896266992397,223.30896266992397,223.30896266992397,3306563,1613076,93990424,0.0005640496849725811,66.30778084938073,5.408556295389148,15.011419839295048
Bagerhat,BD4001,Chandpur,BD2013,False,145.85777851764607,145.85777851764607,145.85777851764607,145.85777851764607,2635748,1613076,28797323,0.0042307344465589555,123.89240858222567,4.982632027203207,14.784677570641602
Bagerhat,BD4001,Chapainawabganj,BD5070,False,301.10159660524187,301.10159660524187,301.10159660524187,301.10159660524187,1835528,1613076,132964707,0.00016128193441178549,20.245797889815996,5.707447738048328,14.422842736501666
Bagerhat,BD4001,Chattogram,BD2015,False,215.49942271707764,215.49942271707764,215.49942271707764,215.49942271707764,9169465,1613076,80783351,0.0019604542718700316,197.4475616873862,5.3729582307331505,16.031389500109725
Bagerhat,BD4001,Chuadanga,BD4018,False,165.21350873189786,165.21350873189786,165.21350873189786,165.21350873189786,1234054,1613076,37873747,0.0012379972441253976,45.21088982546641,5.107238629728585,14.025815242619684
Bagerhat,BD4001,Cox's Bazar,BD2022,False,259.2068252701672,259.2068252701672,259.2068252701672,259.2068252701672,2823268,1613076,109411369,0.00036029979386661737,42.020308822718,5.557626296192267,14.853405637196515
Bagerhat,BD4001,Cumilla,BD2019,False,177.92259932147223,177.92259932147223,177.92259932147223,177.92259932147223,6212216,1613076,59309665,0.00245004029854609,196.2385464956915,5.1813486204511845,15.642028234056378
Bagerhat,BD4001,Dhaka,BD3026,False,166.0339976338009,166.0339976338009,166.0339976338009,166.0339976338009,14734701,1613076,40665826,0.009860387212868166,534.4994691569112,5.1121925724097546,16.50571588212586
Bagerhat,BD4001,Dinajpur,BD5527,False,375.19673594376974,375.19673594376974,375.19673594376974,375.19673594376974,3315236,1613076,151666432,0.00022279631349129476,23.550294729886534,5.92745051758402,15.014039370621646
Bagerhat,BD4001,Faridpur,BD3029,False,123.75201581206136,123.75201581206136,123.75201581206136,123.75201581206136,2162879,1613076,22690647,0.005423954782408679,141.23022795295955,4.8182796907065235,14.586950762547518
Bagerhat,BD4001,Feni,BD2030,False,185.35444569276606,185.35444569276606,185.35444569276606,185.35444569276606,1648896,1613076,65521881,0.0005759872624111265,47.99403352505168,5.222269914703032,14.315616531026453
Bagerhat,BD4001,Gaibandha,BD5532,False,326.5500901820194,326.5500901820194,326.5500901820194,326.5500901820194,2562233,1613076,139381966,0.00020419467049560025,24.028076405819558,5.7885833525146655,14.756389701878161
Bagerhat,BD4001,Gazipur,BD3033,False,205.2853469713243,205.2853469713243,205.2853469713243,205.2853469713243,5263450,1613076,72935449,0.0014269810916401945,124.8977456549782,5.324400947738374,15.476297263245858
Bagerhat,BD4001,Gopalganj,BD3035,False,83.44025752305592,83.44025752305592,83.44025752305592,83.44025752305592,1295057,1613076,11977553,0.010326075650236681,186.01056507215975,4.424130897013928,14.07406526759114
Bagerhat,BD4001,Habiganj,BD6036,False,281.3422120085055,281.3422120085055,281.3422120085055,281.3422120085055,2358886,1613076,122996631,0.00024049918038757432,29.801433675100316,5.639571764701803,14.673700031660417
Bagerhat,BD4001,Jamalpur,BD4539,False,289.681066428688,289.681066428688,289.681066428688,289.681066428688,2499738,1613076,125355517,0.0002452954346796536,29.78888658723651,5.66878054685315,14.731696484346525
Bagerhat,BD4001,Jashore,BD4041,False,98.822864381123,98.822864381123,98.822864381123,98.822864381123,3076144,1613076,14061281,0.01688336000480156,314.9863878989489,4.593328998841714,14.939187422556142
Bagerhat,BD4001,Jhalokati,BD1042,False,50.942313488146894,50.942313488146894,50.942313488146894,50.942313488146894,661160,1613076,4822111,0.02335422098934297,254.77056068367543,3.9306938844632437,13.40175114703129
Bagerhat,BD4001,Jhenaidah,BD4044,False,141.25637568031252,141.25637568031252,141.25637568031252,141.25637568031252,2005849,1613076,26791474,0.003745786621952085,100.52686018958646,4.950576506567616,14.511577970493308
Bagerhat,BD4001,Joypurhat,BD5038,False,310.07103251286566,310.07103251286566,310.07103251286566,310.07103251286566,956431,1613076,136302088,8.055324309990423e-05,9.947896387911099,5.736801408369564,13.770963927257238
Bagerhat,BD4001,Khagrachhari,BD2046,False,243.45132178620437,243.45132178620437,243.45132178620437,243.45132178620437,714119,1613076,102514615,0.00010551754290026434,12.048869885262866,5.494917012008936,13.478804894101042
Bagerhat,BD4001,Khulna,BD4047,False,32.02351103773509,32.02351103773509,32.02351103773509,32.02351103773509,2613385,1613076,1198195,0.2764288125182471,2548.387710931521,3.466470352954392,14.776156873871212
Bagerhat,BD4001,Kishoreganj,BD3048,False,254.648494963702,254.648494963702,254.648494963702,254.648494963702,3267626,1613076,103228734,0.0004650386625701296,50.39066799644131,5.539884143097959,14.999574285328466
Bagerhat,BD4001,Kurigram,BD5549,False,380.57157391062634,380.57157391062634,380.57157391062634,380.57157391062634,2329160,1613076,154981668,0.00015096898894320708,16.081502790665127,5.941674264502185,14.66101824551926
Bagerhat,BD4001,Kushtia,BD4050,False,187.64545877454225,187.64545877454225,187.64545877454225,187.64545877454225,2149692,1613076,67170777,0.0007107107842129154,61.052032016650294,5.2345543247794915,14.580835134027797
Bagerhat,BD4001,Lakshmipur,BD2051,False,128.42949008869792,128.42949008869792,128.42949008869792,128.42949008869792,1937948,1613076,24853526,0.004158252424108981,117.49316507780499,4.85538003847291,14.477140239287523
Bagerhat,BD4001,Lalmonirhat,BD5552,False,413.84479105932,413.84479105932,413.84479105932,413.84479105932,1428406,1613076,157310828,9.041532541145282e-05,8.34020411071991,6.025491002709534,14.172069695197669
Bagerhat,BD4001,Madaripur,BD3054,False,103.92094708737233,103.92094708737233,103.92094708737233,103.92094708737233,1293027,1613076,19069943,0.004588797962657589,119.7295641352792,4.643630485940641,14.07249653920651
Bagerhat,BD4001,Magura,BD4055,False,123.39931042282537,123.39931042282537,123.39931042282537,123.39931042282537,1033115,1613076,21657532,0.0029466120443999927,67.84583652870161,4.8154255233100125,13.848089068139739
Bagerhat,BD4001,Manikganj,BD3056,False,165.31913985727937,165.31913985727937,165.31913985727937,165.31913985727937,1558025,1613076,39107801,0.0014597834275804143,57.00699491022744,5.107877786734275,14.258929551497186
Bagerhat,BD4001,Meherpur,BD4057,False,190.35747531222066,190.35747531222066,190.35747531222066,190.35747531222066,705356,1613076,69320469,0.0002239043932258838,19.465631277540698,5.24890375346387,13.466457918881725
Bagerhat,BD4001,Moulvibazar,BD6058,False,323.0397248343803,323.0397248343803,323.0397248343803,323.0397248343803,2123447,1613076,137258519,0.00017493591887184884,20.348367023067503,5.7777753027637075,14.568551269629545
Bagerhat,BD4001,Munshiganj,BD3059,False,146.07350451921005,146.07350451921005,146.07350451921005,146.07350451921005,1625416,1613076,31433071,0.0022883640136991414,76.17660844110448,4.984109950628109,14.301274340983566
Bagerhat,BD4001,Mymensingh,BD4561,False,268.3628380009495,268.3628380009495,268.3628380009495,268.3628380009495,5899005,1613076,112882223,0.0006903033768967523,81.90945047428137,5.592339937988856,15.590294250586142
Bagerhat,BD4001,Naogaon,BD5064,False,298.7659415813637,298.7659415813637,298.7659415813637,298.7659415813637,2784599,1613076,127855255,0.00026233041156575946,31.196113190001114,5.699660462763879,14.839614435339252
Bagerhat,BD4001,Narail,BD4065,False,86.10914867049463,86.10914867049463,86.10914867049463,86.10914867049463,788671,1613076,13272610,0.005452455297637732,106.36464151542606,4.455615662124474,13.57810452934276
Bagerhat,BD4001,Narayanganj,BD3067,False,173.22892987915088,173.22892987915088,173.22892987915088,173.22892987915088,3909138,1613076,55400527,0.0018154233198306958,130.26872335494227,5.154614013814925,15.178827447298536
Bagerhat,BD4001,Narsingdi,BD3068,False,210.03316817644313,210.03316817644313,210.03316817644313,210.03316817644313,2584452,1613076,78198899,0.0006339381130679366,58.585845749821694,5.347265461943024,14.765024051188075
Bagerhat,BD4001,Natore,BD5069,False,233.28101662239888,233.28101662239888,233.28101662239888,233.28101662239888,1859922,1613076,100654693,0.0002817374251429793,34.177156961542586,5.4522438067600385,14.436045109326196
Bagerhat,BD4001,Netrakona,BD4572,False,300.01591668979825,300.01591668979825,300.01591668979825,300.01591668979825,2324853,1613076,130639854,0.00021070345423154126,25.828959183753128,5.703835528881462,14.659167369198306
Bagerhat,BD4001,Nilphamari,BD5573,False,414.62114979668945,414.62114979668945,414.62114979668945,414.62114979668945,2092568,1613076,158739234,0.00012958453253838985,12.172412921734583,6.027365211234809,14.553902577830893
Bagerhat,BD4001,Noakhali,BD2075,False,146.74716221239865,146.74716221239865,146.74716221239865,146.74716221239865,3625442,1613076,33058487,0.0044043067565758855,168.3532630505838,4.988711120956658,15.103486769872411
Bagerhat,BD4001,Pabna,BD5076,False,190.65284715292128,190.65284715292128,190.65284715292128,190.65284715292128,2909624,1613076,70025825,0.0008788276859350641,80.04796207295966,5.2504542201176925,14.8835344211774
Bagerhat,BD4001,Panchagarh,BD5577,False,451.0521835987657,451.0521835987657,451.0521835987657,451.0521835987657,1179843,1613076,162365697,7.027327318215818e-05,5.799234106729737,6.111583039236624,13.98089193674234
Bagerhat,BD4001,Patuakhali,BD1078,False,70.70794122422274,70.70794122422274,70.70794122422274,70.70794122422274,1727254,1613076,7679853,0.027206308056281856,345.47754326681576,4.258557889426795,14.362043422168306
Bagerhat,BD4001,Pirojpur,BD1079,False,31.810293964344723,31.810293964344723,31.810293964344723,31.810293964344723,1198195,1613076,0,0.4262111336829498,1184.1102429973014,3.459789946974081,13.996326815697198
Bagerhat,BD4001,Rajbari,BD3082,False,152.08388699158658,152.08388699158658,152.08388699158658,152.08388699158658,1189818,1613076,36683929,0.0012691657976795648,51.441559625595815,5.024432256714589,13.989310912214547
Bagerhat,BD4001,Rajshahi,BD5081,False,258.15148476293433,258.15148476293433,258.15148476293433,258.15148476293433,2915009,1613076,106496360,0.0003917531679134994,43.741195179956456,5.553546562860287,14.885383465240523
Bagerhat,BD4001,Rangamati,BD2084,False,265.7165216140312,265.7165216140312,265.7165216140312,265.7165216140312,647586,1613076,112234637,8.013833490132507e-05,9.171921604383927,5.582430032292992,13.381006882269048
Bagerhat,BD4001,Rangpur,BD5585,False,368.2736340446005,368.2736340446005,368.2736340446005,368.2736340446005,3169614,1613076,148496818,0.00022221214421735242,23.370344898547387,5.908826232630518,14.9691203718778
Bagerhat,BD4001,Satkhira,BD4087,False,62.00447689953945,62.00447689953945,62.00447689953945,62.00447689953945,2196582,1613076,5483271,0.05372974598213988,571.3488065865616,4.1272065904953035,14.602413073820426
Bagerhat,BD4001,Shariatpur,BD3086,False,119.25560829956416,119.25560829956416,119.25560829956416,119.25560829956416,1294562,1613076,20362970,0.004083385652806533,91.02595222194685,4.781269158428323,14.073682971966935
Bagerhat,BD4001,Sherpur,BD4589,False,303.53536064638934,303.53536064638934,303.53536064638934,303.53536064638934,1501853,1613076,134800235,0.00012876964122277452,16.300797133246085,5.715498113256136,14.22221023700936
Bagerhat,BD4001,Sirajganj,BD5088,False,225.2725516298731,225.2725516298731,225.2725516298731,225.2725516298731,3357706,1613076,97296987,0.0005354491532193128,66.16466381954442,5.417311009700584,15.026768560672359
Bagerhat,BD4001,Sunamganj,BD6090,False,329.1715850912865,329.1715850912865,329.1715850912865,329.1715850912865,2695496,1613076,141944199,0.0002070924242740913,24.87677133180015,5.796579150045014,14.80709278991802
Bagerhat,BD4001,Sylhet,BD6091,False,364.3777943372885,364.3777943372885,364.3777943372885,364.3777943372885,3857123,1613076,144639695,0.00028340329574502574,29.05090613019554,5.898191225925543,15.16543212675189
Bagerhat,BD4001,Tangail,BD3093,False,222.4684601598088,222.4684601598088,222.4684601598088,222.4684601598088,4037608,1613076,89952816,0.0007439974713189842,81.58066753567786,5.404785339467771,15.2111629953813
Bagerhat,BD4001,Thakurgaon,BD5594,False,426.71051482678894,426.71051482678894,426.71051482678894,426.71051482678894,1533895,1613076,160831802,9.288739999288111e-05,8.424205304255546,6.056105832090455,14.243320810065981
Bandarban,BD2003,Bagerhat,BD4001,False,277.52706361776984,277.52706361776984,277.52706361776984,277.52706361776984,1613076,481106,46034360,0.00034665344554597293,20.943253444310884,5.625918454981607,14.293653473170336
Bandarban,BD2003,Bandarban,BD2003,True,0.0,41.589268585081705,1.0,34.434403205121264,481106,481106,0,0.5,278.14945147247033,3.7278421672833173,13.08384289902944
Bandarban,BD2003,Barguna,BD1004,False,234.28719520428658,234.28719520428658,234.28719520428658,234.28719520428658,1010531,481106,33074460,0.0004191558202406925,18.40994684154762,5.4565476927368595,13.825986493237492
Bandarban,BD2003,Barishal,BD1006,False,236.09888722406023,236.09888722406023,236.09888722406023,236.09888722406023,2570446,481106,34084991,0.0009633795876821053,46.11270556527149,5.464250730925173,14.759589982670962
Bandarban,BD2003,Bhola,BD1009,False,177.99765627295778,177.99765627295778,177.99765627295778,177.99765627295778,1932518,481106,18628776,0.0023121235837999386,60.995104530892,5.181770383199544,14.474334373759973
Bandarban,BD2003,Bogura,BD5010,False,453.2604667589923,453.2604667589923,453.2604667589923,453.2604667589923,3734297,481106,134840691,9.547547910458122e-05,18.17662185968091,6.116466942052261,15.133070139288687
Bandarban,BD2003,Brahmanbaria,BD2012,False,272.28050628059225,272.28050628059225,272.28050628059225,272.28050628059225,3306563,481106,39809354,0.0009056460856540259,44.60090825657179,5.606832807989629,15.011419839295048
Bandarban,BD2003,Chandpur,BD2013,False,230.96775931987506,230.96775931987506,230.96775931987506,230.96775931987506,2635748,481106,30438712,0.0012222024815635134,49.40844243900888,5.442278130737158,14.784677570641602
Bandarban,BD2003,Chapainawabganj,BD5070,False,529.0873121961578,529.0873121961578,529.0873121961578,529.0873121961578,1835528,481106,150122420,3.8465413204153956e-05,6.557017152619998,6.27115346964932,14.422842736501666
Bandarban,BD2003,Chattogram,BD2015,False,89.31944897815583,89.31944897815583,89.31944897815583,89.31944897815583,9169465,481106,2823268,0.10702751443302962,1149.349011771941,4.492219257877199,16.031389500109725
Bandarban,BD2003,Chuadanga,BD4018,False,412.49682964151526,412.49682964151526,412.49682964151526,412.49682964151526,1234054,481106,124890076,3.7404646065073174e-05,7.252586780677366,6.022228520027662,14.025815242619684
Bandarban,BD2003,Cox's Bazar,BD2022,False,47.46841787840673,47.46841787840673,47.46841787840673,47.46841787840673,2823268,481106,0,0.854403284858191,1252.9755367050177,3.860064603134977,14.853405637196515
Bandarban,BD2003,Cumilla,BD2019,False,226.8714387823399,226.8714387823399,226.8714387823399,226.8714387823399,6212216,481106,24226496,0.003912188707155276,120.69433807351571,5.424383508068767,15.642028234056378
Bandarban,BD2003,Dhaka,BD3026,False,308.83084947670295,308.83084947670295,308.83084947670295,308.83084947670295,14734701,481106,59918416,0.0015621070752561436,154.48985851348525,5.732793714315959,16.50571588212586
Bandarban,BD2003,Dinajpur,BD5527,False,559.6438906012582,559.6438906012582,559.6438906012582,559.6438906012582,3315236,481106,155127562,6.449591562087152e-05,10.58500129571241,6.327300671812291,15.014039370621646
Bandarban,BD2003,Faridpur,BD3029,False,318.8935266537427,318.8935266537427,318.8935266537427,318.8935266537427,2162879,481106,77266502,0.00016748741641726592,21.268693715094642,5.764857274825171,14.586950762547518
Bandarban,BD2003,Feni,BD2030,False,164.75058105158845,164.75058105158845,164.75058105158845,164.75058105158845,1648896,481106,16979880,0.0023774274242677677,60.74903094292385,5.1044327002449155,14.315616531026453
Bandarban,BD2003,Gaibandha,BD5532,False,485.3451436914386,485.3451436914386,485.3451436914386,485.3451436914386,2562233,481106,141489997,6.00746722629905e-05,10.877203239986411,6.184860274321505,14.756389701878161
Bandarban,BD2003,Gazipur,BD3033,False,321.72421661624503,321.72421661624503,321.72421661624503,321.72421661624503,5263450,481106,83485678,0.00033798056164276483,50.85140977957456,5.773694708428423,15.476297263245858
Bandarban,BD2003,Gopalganj,BD3035,False,291.4965246810113,291.4965246810113,291.4965246810113,291.4965246810113,1295057,481106,51556574,0.0002245007823079193,15.24130384200531,5.6750280835274065,14.07406526759114
Bandarban,BD2003,Habiganj,BD6036,False,300.3451930659612,300.3451930659612,300.3451930659612,300.3451930659612,2358886,481106,55436083,0.0003482668208372776,26.149632011853125,5.704932456726484,14.673700031660417
Bandarban,BD2003,Jamalpur,BD4539,False,435.80042841002364,435.80042841002364,435.80042841002364,435.80042841002364,2499738,481106,130481031,6.880694729677797e-05,13.161918174825626,6.077184405552771,14.731696484346525
Bandarban,BD2003,Jashore,BD4041,False,357.4194389853301,357.4194389853301,357.4194389853301,357.4194389853301,3076144,481106,97393973,0.0001497834137862645,24.07965853903388,5.878909991244371,14.939187422556142
Bandarban,BD2003,Jhalokati,BD1042,False,240.03467277390874,240.03467277390874,240.03467277390874,240.03467277390874,661160,481106,36655437,0.00022661072626601486,11.475156353536148,5.480783382798508,13.40175114703129
Bandarban,BD2003,Jhenaidah,BD4044,False,384.7217970036638,384.7217970036638,384.7217970036638,384.7217970036638,2005849,481106,116616897,6.919324736923919e-05,13.5520392573353,5.9525204678975285,14.511577970493308
Bandarban,BD2003,Joypurhat,BD5038,False,495.422795510772,495.422795510772,495.422795510772,495.422795510772,956431,481106,144052230,2.1882349088932682e-05,3.8967421837888403,6.205411530350228,13.770963927257238
Bandarban,BD2003,Khagrachhari,BD2046,False,156.73061983663888,156.73061983663888,156.73061983663888,156.73061983663888,714119,481106,12640319,0.0018924922907316464,29.07119510980334,5.054528534463484,13.478804894101042
Bandarban,BD2003,Khulna,BD4047,False,309.26582917326243,309.26582917326243,309.26582917326243,309.26582917326243,2613385,481106,74653117,0.00021523819004663202,27.32370068648719,5.734201195648224,14.776156873871212
Bandarban,BD2003,Kishoreganj,BD3048,False,320.5294462261116,320.5294462261116,320.5294462261116,320.5294462261116,3267626,481106,79429381,0.00023651586363282326,31.80507884837908,5.769974148040897,14.999574285328466
Bandarban,BD2003,Kurigram,BD5549,False,519.6526557541897,519.6526557541897,519.6526557541897,519.6526557541897,2329160,481106,147793260,5.018095020056536e-05,8.625276394625004,6.253160618680834,14.66101824551926
Bandarban,BD2003,Kushtia,BD4050,False,415.4119354084112,415.4119354084112,415.4119354084112,415.4119354084112,2149692,481106,126124130,6.344559665480956e-05,12.45713868969069,6.029270643355706,14.580835134027797
Bandarban,BD2003,Lakshmipur,BD2051,False,196.46022518621777,196.46022518621777,196.46022518621777,196.46022518621777,1937948,481106,20561294,0.00192810650463563,50.21030328490318,5.280459994465235,14.477140239287523
Bandarban,BD2003,Lalmonirhat,BD5552,False,570.0481683341309,570.0481683341309,570.0481683341309,570.0481683341309,1428406,481106,158442798,2.696671176522521e-05,4.395705180898172,6.34572086310753,14.172069695197669
Bandarban,BD2003,Madaripur,BD3054,False,274.9913710252376,274.9913710252376,274.9913710252376,274.9913710252376,1293027,481106,43115917,0.0003178640721841561,17.098950733946666,5.616739719084223,14.07249653920651
Bandarban,BD2003,Magura,BD4055,False,351.4653822015439,351.4653822015439,351.4653822015439,351.4653822015439,1033115,481106,96360858,5.243891849419889e-05,8.363413249165442,5.862111220487559,13.848089068139739
Bandarban,BD2003,Manikganj,BD3056,False,335.41629181486104,335.41629181486104,335.41629181486104,335.41629181486104,1558025,481106,88749128,9.25280640037109e-05,13.848607783174163,5.815372422493438,14.258929551497186
Bandarban,BD2003,Meherpur,BD4057,False,435.07074850472753,435.07074850472753,435.07074850472753,435.07074850472753,705356,481106,129775675,1.9893126466249508e-05,3.726392482084609,6.075508658104947,13.466457918881725
Bandarban,BD2003,Moulvibazar,BD6058,False,300.7728687692431,300.7728687692431,300.7728687692431,300.7728687692431,2123447,481106,57794969,0.00029024076071877317,23.472757360592965,5.706355391096937,14.568551269629545
Bandarban,BD2003,Munshiganj,BD3059,False,276.41771686272864,276.41771686272864,276.41771686272864,276.41771686272864,1625416,481106,44408944,0.00037450518799207733,21.27319786204876,5.621913188474338,14.301274340983566
Bandarban,BD2003,Mymensingh,BD4561,False,377.4707313014882,377.4707313014882,377.4707313014882,377.4707313014882,5899005,481106,110717892,0.00021795617359186652,41.40113041514033,5.9334930327070525,15.590294250586142
Bandarban,BD2003,Naogaon,BD5064,False,504.15673487556944,504.15673487556944,504.15673487556944,504.15673487556944,2784599,481106,145008661,6.21019034778065e-05,10.95548267749117,6.222887201622493,14.839614435339252
Bandarban,BD2003,Narail,BD4065,False,321.6322510008536,321.6322510008536,321.6322510008536,321.6322510008536,788671,481106,82697007,5.432754268030407e-05,7.623891225443872,5.773408815239664,13.57810452934276
Bandarban,BD2003,Narayanganj,BD3067,False,280.92209722181474,280.92209722181474,280.92209722181474,280.92209722181474,3909138,481106,47647436,0.0007509329200268121,49.53466134280258,5.6380773968112035,15.178827447298536
Bandarban,BD2003,Narsingdi,BD3068,False,293.4606279696364,293.4606279696364,293.4606279696364,293.4606279696364,2584452,481106,52851631,0.0004169366194742006,30.010192797423244,5.68174348365857,14.765024051188075
Bandarban,BD2003,Natore,BD5069,False,440.6647285715785,440.6647285715785,440.6647285715785,440.6647285715785,1859922,481106,132980769,4.954621995623462e-05,9.578073177479515,6.088284333636071,14.436045109326196
Bandarban,BD2003,Netrakona,BD4572,False,374.2980938002754,374.2980938002754,374.2980938002754,374.2980938002754,2324853,481106,108393039,9.238695205770008e-05,16.59435081037122,5.925052522191766,14.659167369198306
Bandarban,BD2003,Nilphamari,BD5573,False,584.5534880798624,584.5534880798624,584.5534880798624,584.5534880798624,2092568,481106,159871204,3.864907550010947e-05,6.123941974920884,6.3708482875547965,14.553902577830893
Bandarban,BD2003,Noakhali,BD2075,False,161.18874161491894,161.18874161491894,161.18874161491894,161.18874161491894,3625442,481106,13354438,0.007219992240440805,139.53769737056754,5.082575986535007,15.103486769872411
Bandarban,BD2003,Pabna,BD5076,False,394.19884314818523,394.19884314818523,394.19884314818523,394.19884314818523,2909624,481106,118622746,9.632611310666474e-05,18.724325382429104,5.9768554600318815,14.8835344211774
Bandarban,BD2003,Panchagarh,BD5577,False,629.1223562798996,629.1223562798996,629.1223562798996,629.1223562798996,1179843,481106,163497667,2.0959268731030274e-05,2.9809451390932082,6.44432576287017,13.98089193674234
Bandarban,BD2003,Patuakhali,BD1078,False,207.0151065547676,207.0151065547676,207.0151065547676,207.0151065547676,1727254,481106,22499242,0.0014635574751614808,40.30436935972122,5.332791769128013,14.362043422168306
Bandarban,BD2003,Pirojpur,BD1079,False,257.1354210058868,257.1354210058868,257.1354210058868,257.1354210058868,1198195,481106,38611159,0.00036599505378629994,18.121898402854757,5.54960287610036,13.996326815697198
Bandarban,BD2003,Rajbari,BD3082,False,357.97439461739623,357.97439461739623,357.97439461739623,357.97439461739623,1189818,481106,100470117,5.551488486859415e-05,9.284886691699993,5.880461460427685,13.989310912214547
Bandarban,BD2003,Rajshahi,BD5081,False,481.0839117000242,481.0839117000242,481.0839117000242,481.0839117000242,2915009,481106,138574988,7.103799421732097e-05,12.59500176905593,6.176041707489479,14.885383465240523
Bandarban,BD2003,Rangamati,BD2084,False,114.06700814744558,114.06700814744558,114.06700814744558,114.06700814744558,647586,481106,11992733,0.0019035184372273293,49.7711126923631,4.736786066480232,13.381006882269048
Bandarban,BD2003,Rangpur,BD5585,False,532.7573565526119,532.7573565526119,532.7573565526119,532.7573565526119,3169614,481106,151957948,6.428610590482014e-05,11.167281550070252,6.278066079522735,14.9691203718778
Bandarban,BD2003,Satkhira,BD4087,False,338.57556112319884,338.57556112319884,338.57556112319884,338.57556112319884,2196582,481106,90307153,0.00012518328757573955,19.161795751314283,5.824747290848483,14.602413073820426
Bandarban,BD2003,Shariatpur,BD3086,False,256.8707303087644,256.8707303087644,256.8707303087644,256.8707303087644,1294562,481106,37316597,0.0004215095178609667,19.61975653581401,5.548572963443314,14.073682971966935
Bandarban,BD2003,Sherpur,BD4589,False,432.6060434919482,432.6060434919482,432.6060434919482,432.6060434919482,1501853,481106,128273822,4.3082807638701534e-05,8.024948646802132,6.069827483583069,14.22221023700936
Bandarban,BD2003,Sirajganj,BD5088,False,403.107646218856,403.107646218856,403.107646218856,403.107646218856,3357706,481106,121532370,0.00010560340456081479,20.66334347197196,5.999203638484167,15.026768560672359
Bandarban,BD2003,Sunamganj,BD6090,False,363.36278656844064,363.36278656844064,363.36278656844064,363.36278656844064,2695496,481106,101659935,0.00012110623932224396,20.41539545682695,5.895401747219412,14.80709278991802
Bandarban,BD2003,Sylhet,BD6091,False,348.1770575979111,348.1770575979111,348.1770575979111,348.1770575979111,3857123,481106,92503735,0.00020607652393243972,31.817290027233327,5.852711136587555,15.16543212675189
Bandarban,BD2003,Tangail,BD3093,False,372.6525143866708,372.6525143866708,372.6525143866708,372.6525143866708,4037608,481106,104355431,0.00017018743827117475,29.074753437431003,5.9206463886192315,15.2111629953813
Bandarban,BD2003,Thakurgaon,BD5594,False,618.9793969952299,618.9793969952299,618.9793969952299,618.9793969952299,1533895,481106,161963772,2.7704017331467988e-05,4.0035314514139575,6.42807198779339,14.243320810065981
Barguna,BD1004,Bagerhat,BD4001,False,46.723923222585036,46.723923222585036,46.723923222585036,46.723923222585036,1613076,1010531,2925449,0.07463327164497126,738.883938863806,3.8442563080805816,14.293653473170336
Barguna,BD1004,Bandarban,BD2003,False,234.28719520428658,234.28719520428658,234.28719520428658,234.28719520428658,481106,1010531,97399311,4.995688369323869e-05,8.764833424357697,5.4565476927368595,13.08384289902944
Barguna,BD1004,Barguna,BD1004,True,0.0,21.759162013266042,1.0,18.655234233347898,1010531,1010531,0,0.5,2134.348382002826,3.0800349108264373,13.825986493237492
Barguna,BD1004,Barishal,BD1006,False,77.92359319604573,77.92359319604573,77.92359319604573,77.92359319604573,2570446,1010531,7132203,0.02977621391300451,423.3217119428668,4.355728772183357,14.759589982670962
Barguna,BD1004,Bhola,BD1009,False,66.68523727442079,66.68523727442079,66.68523727442079,66.68523727442079,1932518,1010531,5199685,0.038618574146711174,434.57440695357474,4.1999835982058515,14.474334373759973
Barguna,BD1004,Bogura,BD5010,False,307.8094032674087,307.8094032674087,307.8094032674087,307.8094032674087,3734297,1010531,122223765,0.0002411740637266004,39.4135078964539,5.729480770864743,15.133070139288687
Barguna,BD1004,Brahmanbaria,BD2012,False,224.2728055130351,224.2728055130351,224.2728055130351,224.2728055130351,3306563,1010531,88328076,0.00040370533022065635,65.73907214380273,5.412863192593263,15.011419839295048
Barguna,BD1004,Chandpur,BD2013,False,142.50892331472517,142.50892331472517,142.50892331472517,142.50892331472517,2635748,1010531,24747323,0.0036418609409609873,129.78358540985957,4.959404617500628,14.784677570641602
Barguna,BD1004,Chapainawabganj,BD5070,False,343.2477441073667,343.2477441073667,343.2477441073667,343.2477441073667,1835528,1010531,139888048,9.223086447613329e-05,15.57921714209681,5.838452472470232,14.422842736501666
Barguna,BD1004,Chattogram,BD2015,False,179.50334094742743,179.50334094742743,179.50334094742743,179.50334094742743,9169465,1010531,43141737,0.003935830301026786,284.5764286688976,5.19019382027561,16.031389500109725
Barguna,BD1004,Chuadanga,BD4018,False,208.83094390603145,208.83094390603145,208.83094390603145,208.83094390603145,1234054,1010531,75708733,0.00020851858633199344,28.297264946989873,5.341525043811805,14.025815242619684
Barguna,BD1004,Cox's Bazar,BD2022,False,213.5263598617468,213.5263598617468,213.5263598617468,213.5263598617468,2823268,1010531,76942787,0.0004530870479345329,61.922589983920844,5.363760290442054,14.853405637196515
Barguna,BD1004,Cumilla,BD2019,False,171.83706927545433,171.83706927545433,171.83706927545433,171.83706927545433,6212216,1010531,36929521,0.003747531135119312,210.38406086078464,5.1465467562137865,15.642028234056378
Barguna,BD1004,Dhaka,BD3026,False,183.4948812423735,183.4948812423735,183.4948812423735,183.4948812423735,14734701,1010531,56220340,0.003615229159290371,437.61622960753175,5.21218677196862,16.50571588212586
Barguna,BD1004,Dinajpur,BD5527,False,410.9337330532762,410.9337330532762,410.9337330532762,410.9337330532762,3315236,1010531,154598137,0.0001354693604076335,19.63228558001881,6.0184319680497085,15.014039370621646
Barguna,BD1004,Faridpur,BD3029,False,151.53266358165718,151.53266358165718,151.53266358165718,151.53266358165718,2162879,1010531,30459215,0.002065037117773098,94.19323434167417,5.020801202909882,14.586950762547518
Barguna,BD1004,Feni,BD2030,False,163.41836824066425,163.41836824066425,163.41836824066425,163.41836824066425,1648896,1010531,35280625,0.0012101638661426368,61.74353991925779,5.096313588841628,14.315616531026453
Barguna,BD1004,Gaibandha,BD5532,False,356.63866897865756,356.63866897865756,356.63866897865756,356.63866897865756,2562233,1010531,142680007,0.00012320717139801277,20.14474432536817,5.876723137516018,14.756389701878161
Barguna,BD1004,Gazipur,BD3033,False,220.15715573519228,220.15715573519228,220.15715573519228,220.15715573519228,5263450,1010531,83064626,0.0007081304653648766,108.59376486486136,5.394341635580823,15.476297263245858
Barguna,BD1004,Gopalganj,BD3035,False,109.60924814137456,109.60924814137456,109.60924814137456,109.60924814137456,1295057,1010531,14512616,0.005012785696747431,107.79397474174635,4.696921751806009,14.07406526759114
Barguna,BD1004,Habiganj,BD6036,False,281.46443775493015,281.46443775493015,281.46443775493015,281.46443775493015,2358886,1010531,111050865,0.00018590777433199435,29.775556789001577,5.640006108355694,14.673700031660417
Barguna,BD1004,Jamalpur,BD4539,False,316.13995448291195,316.13995448291195,316.13995448291195,316.13995448291195,2499738,1010531,128282915,0.00014824316280223735,25.011268552220187,5.756185009471609,14.731696484346525
Barguna,BD1004,Jashore,BD4041,False,143.35857816604388,143.35857816604388,143.35857816604388,143.35857816604388,3076144,1010531,27383071,0.0034789050410004583,149.6784550242775,4.965349031250846,14.939187422556142
Barguna,BD1004,Jhalokati,BD1042,False,48.44108434832551,48.44108434832551,48.44108434832551,48.44108434832551,661160,1010531,4538525,0.019387883365802626,281.75968855205326,3.8803483038250426,13.40175114703129
Barguna,BD1004,Jhenaidah,BD4044,False,183.51932794745207,183.51932794745207,183.51932794745207,183.51932794745207,2005849,1010531,70955041,0.00038076685240373456,59.557247197674485,5.212319991361779,14.511577970493308
Barguna,BD1004,Joypurhat,BD5038,False,344.805752681616,344.805752681616,344.805752681616,344.805752681616,956431,1010531,141723576,4.7124564732871155e-05,8.044603401648718,5.842981222761775,13.770963927257238
Barguna,BD1004,Khagrachhari,BD2046,False,219.70879148496752,219.70879148496752,219.70879148496752,219.70879148496752,714119,1010531,82350507,0.00010296495364199182,14.793662878623048,5.3923029944523435,13.478804894101042
Barguna,BD1004,Khulna,BD4047,False,78.31090937023193,78.31090937023193,78.31090937023193,78.31090937023193,2613385,1010531,9702649,0.018497643756258203,426.14643511275915,4.360686921136131,14.776156873871212
Barguna,BD1004,Kishoreganj,BD3048,False,262.32603793566796,262.32603793566796,262.32603793566796,262.32603793566796,3267626,1010531,105923317,0.00028020726122731006,47.48424566898776,5.569588149714573,14.999574285328466
Barguna,BD1004,Kurigram,BD5549,False,408.266865844553,408.266865844553,408.266865844553,408.266865844553,2329160,1010531,152268977,9.868044086300693e-05,13.973688359715622,6.011921043537475,14.66101824551926
Barguna,BD1004,Kushtia,BD4050,False,227.7980418259889,227.7980418259889,227.7980418259889,227.7980418259889,2149692,1010531,94544263,0.0002326799148582374,41.426311569760955,5.42845945495326,14.580835134027797
Barguna,BD1004,Lakshmipur,BD2051,False,112.57046852223225,112.57046852223225,112.57046852223225,112.57046852223225,1937948,1010531,15807673,0.006208238616712869,152.93017038043308,4.723579412410395,14.477140239287523
Barguna,BD1004,Lalmonirhat,BD5552,False,445.2499693642101,445.2499693642101,445.2499693642101,445.2499693642101,1428406,1010531,157913373,5.664177583905584e-05,7.205163980592716,6.098635853363952,14.172069695197669
Barguna,BD1004,Madaripur,BD3054,False,119.83516959543425,119.83516959543425,119.83516959543425,119.83516959543425,1293027,1010531,17745621,0.0034746966663454855,90.0407292804267,4.786117211842356,14.07249653920651
Barguna,BD1004,Magura,BD4055,False,160.99051797785012,160.99051797785012,160.99051797785012,160.99051797785012,1033115,1010531,34247510,0.0008159044980981964,39.86098917603656,5.0813454687025965,13.848089068139739
Barguna,BD1004,Manikganj,BD3056,False,190.14905604091928,190.14905604091928,190.14905604091928,190.14905604091928,1558025,1010531,74150708,0.00027303964115125013,43.09095056375792,5.247808270075432,14.258929551497186
Barguna,BD1004,Meherpur,BD4057,False,233.91979066809424,233.91979066809424,233.91979066809424,233.91979066809424,705356,1010531,96693955,7.413187195738826e-05,12.890638568139728,5.454978281674276,13.466457918881725
Barguna,BD1004,Moulvibazar,BD6058,False,318.19745978050605,318.19745978050605,318.19745978050605,318.19745978050605,2123447,1010531,130782653,0.00012158040935515238,20.972394054101688,5.7626721327810175,14.568551269629545
Barguna,BD1004,Munshiganj,BD3059,False,156.93873349139696,156.93873349139696,156.93873349139696,156.93873349139696,1625416,1010531,32622094,0.001385144965705447,65.99396824915414,5.0558554966489035,14.301274340983566
Barguna,BD1004,Mymensingh,BD4561,False,286.16527422248555,286.16527422248555,286.16527422248555,286.16527422248555,5899005,1010531,113409751,0.000433002238657279,72.03522236938308,5.656569525807211,15.590294250586142
Barguna,BD1004,Naogaon,BD5064,False,336.98511769061207,336.98511769061207,336.98511769061207,336.98511769061207,2784599,1010531,137103449,0.00014459991915662684,24.52117178553328,5.820038768221775,14.839614435339252
Barguna,BD1004,Narail,BD4065,False,123.1580263755708,123.1580263755708,123.1580263755708,123.1580263755708,788671,1010531,22664090,0.00137609234280164,51.99605931210871,4.813468298046208,13.57810452934276
Barguna,BD1004,Narayanganj,BD3067,False,182.0526956321947,182.0526956321947,182.0526956321947,182.0526956321947,3909138,1010531,52311202,0.0012944820468678512,117.94696615567719,5.204296181609839,15.178827447298536
Barguna,BD1004,Narsingdi,BD3068,False,217.45766807909894,217.45766807909894,217.45766807909894,217.45766807909894,2584452,1010531,79766055,0.0003878550976529929,54.65363065324363,5.3820042020645715,14.765024051188075
Barguna,BD1004,Natore,BD5069,False,270.4525944989172,270.4525944989172,270.4525944989172,270.4525944989172,1859922,1010531,109190943,0.00015219519469423037,25.42801315076106,5.6000968315378925,14.436045109326196
Barguna,BD1004,Netrakona,BD4572,False,312.37196149411676,312.37196149411676,312.37196149411676,312.37196149411676,2324853,1010531,125958062,0.00014311077083759523,23.8260148632558,5.744194661998137,14.659167369198306
Barguna,BD1004,Nilphamari,BD5573,False,448.4246251775964,448.4246251775964,448.4246251775964,448.4246251775964,2092568,1010531,159341779,8.117980011515367e-05,10.406403758777685,6.105740607570529,14.553902577830893
Barguna,BD1004,Noakhali,BD2075,False,120.123935985513,120.123935985513,120.123935985513,120.123935985513,3625442,1010531,19038648,0.007718465619903015,251.24756065528956,4.788524009690462,15.103486769872411
Barguna,BD1004,Pabna,BD5076,False,225.51288995085022,225.51288995085022,225.51288995085022,225.51288995085022,2909624,1010531,91634639,0.0003321324033362137,57.21292207478189,5.418377318953637,14.8835344211774
Barguna,BD1004,Panchagarh,BD5577,False,486.6853584217174,486.6853584217174,486.6853584217174,486.6853584217174,1179843,1010531,162968242,4.40235432317135e-05,4.981127498426107,6.187617833012573,13.98089193674234
Barguna,BD1004,Patuakhali,BD1078,False,29.209129479123725,29.209129479123725,29.209129479123725,29.209129479123725,1727254,1010531,0,0.6308946831106168,2024.5055857856044,3.3744813138029968,14.362043422168306
Barguna,BD1004,Pirojpur,BD1079,False,45.58337065774501,45.58337065774501,45.58337065774501,45.58337065774501,1198195,1010531,1727254,0.11236341271304084,576.6531001501282,3.819542971450721,13.996326815697198
Barguna,BD1004,Rajbari,BD3082,False,185.46705881809203,185.46705881809203,185.46705881809203,185.46705881809203,1189818,1010531,72960890,0.00021625805038652987,34.58971351642861,5.222877285782746,13.989310912214547
Barguna,BD1004,Rajshahi,BD5081,False,298.8597200522001,298.8597200522001,298.8597200522001,298.8597200522001,2915009,1010531,119308756,0.00019866561350044223,32.63661658100012,5.6999742995939435,14.885383465240523
Barguna,BD1004,Rangamati,BD2084,False,234.6754187731218,234.6754187731218,234.6754187731218,234.6754187731218,647586,1010531,97880417,6.648127069595024e-05,11.758779544598836,5.458203362702647,13.381006882269048
Barguna,BD1004,Rangpur,BD5585,False,400.34726914692544,400.34726914692544,400.34726914692544,400.34726914692544,3169614,1010531,149099363,0.00013920748948475172,19.775735081293806,5.992332343331211,14.9691203718778
Barguna,BD1004,Satkhira,BD4087,False,104.72842213405076,104.72842213405076,104.72842213405076,104.72842213405076,2196582,1010531,12316034,0.01072998387378585,200.27110758266986,4.65137054363557,14.602413073820426
Barguna,BD1004,Shariatpur,BD3086,False,126.50400896184047,126.50400896184047,126.50400896184047,126.50400896184047,1294562,1010531,23452761,0.0020760983307357714,80.89362126834496,4.840273999063362,14.073682971966935
Barguna,BD1004,Sherpur,BD4589,False,327.0738825377399,327.0738825377399,327.0738825377399,327.0738825377399,1501853,1010531,132906100,8.368827277586925e-05,14.038984477109913,5.790186085858932,14.22221023700936
Barguna,BD1004,Sirajganj,BD5088,False,255.83642659561303,255.83642659561303,255.83642659561303,255.83642659561303,3357706,1010531,102565611,0.00030634964548104495,51.30006387881949,5.544538281647625,15.026768560672359
Barguna,BD1004,Sunamganj,BD6090,False,335.20657120035344,335.20657120035344,335.20657120035344,335.20657120035344,2695496,1010531,134407953,0.00014563734215349255,23.989082846138803,5.8147469722354455,14.80709278991802
Barguna,BD1004,Sylhet,BD6091,False,362.81835566135254,362.81835566135254,362.81835566135254,362.81835566135254,3857123,1010531,145242240,0.0001775414275908368,29.301171669914982,5.893902311397048,15.16543212675189
Barguna,BD1004,Tangail,BD3093,False,246.63123424948313,246.63123424948313,246.63123424948313,246.63123424948313,4037608,1010531,98528003,0.00039575173045615955,66.378586422029,5.507894242277656,15.2111629953813
Barguna,BD1004,Thakurgaon,BD5594,False,464.4038395965022,464.4038395965022,464.4038395965022,464.4038395965022,1533895,1010531,161434347,5.819043690576646e-05,7.112201105633292,6.14075451765455,14.243320810065981
Barishal,BD1006,Bagerhat,BD4001,False,78.94836967139695,78.94836967139695,78.94836967139695,78.94836967139695,1613076,2570446,14986000,0.012320133831819294,258.8025180969104,4.3687940903478,14.293653473170336
Barishal,BD1006,Bandarban,BD2003,False,236.09888722406023,236.09888722406023,236.09888722406023,236.09888722406023,481106,2570446,119592588,8.253965425693258e-05,8.630836564427149,5.464250730925173,13.08384289902944
Barishal,BD1006,Barguna,BD1004,False,77.92359319604573,77.92359319604573,77.92359319604573,77.92359319604573,1010531,2570446,13975469,0.008941919000737932,166.42236907187979,4.355728772183357,13.825986493237492
Barishal,BD1006,Barishal,BD1006,True,0.0,27.688320395337115,1.0,24.015813078636786,2570446,2570446,0,0.5,3352.858775986381,3.3210106778977417,14.759589982670962
Barishal,BD1006,Bhola,BD1009,False,66.45061792669485,66.45061792669485,66.45061792669485,66.45061792669485,1932518,2570446,7679949,0.0397777568047214,437.64855624069963,4.1964590842385885,14.474334373759973
Barishal,BD1006,Bogura,BD5010,False,244.32693093168248,244.32693093168248,244.32693093168248,244.32693093168248,3734297,2570446,120073694,0.0006192949780630237,62.555597457934155,5.498507209321399,15.133070139288687
Barishal,BD1006,Brahmanbaria,BD2012,False,147.79897163741268,147.79897163741268,147.79897163741268,147.79897163741268,3306563,2570446,70821406,0.001509909960897052,151.3679666812393,4.995853050691605,15.011419839295048
Barishal,BD1006,Chandpur,BD2013,False,67.60528285988799,67.60528285988799,67.60528285988799,67.60528285988799,2635748,2570446,9612467,0.037527727329395674,576.6902610030231,4.21368612881037,14.784677570641602
Barishal,BD1006,Chapainawabganj,BD5070,False,299.2157807067837,299.2157807067837,299.2157807067837,299.2157807067837,1835528,2570446,145703920,0.00021197961763281295,20.50180151522757,5.701164987713415,14.422842736501666
Barishal,BD1006,Chattogram,BD2015,False,158.57906875143803,158.57906875143803,158.57906875143803,158.57906875143803,9169465,2570446,76133818,0.0034079652937188108,364.62989370519006,5.066253325405759,16.031389500109725
Barishal,BD1006,Chuadanga,BD4018,False,176.50070664239067,176.50070664239067,176.50070664239067,176.50070664239067,1234054,2570446,92964634,0.00034311754239082636,39.61332226867717,5.1733248800049445,14.025815242619684
Barishal,BD1006,Cox's Bazar,BD2022,False,230.76747360416053,230.76747360416053,230.76747360416053,230.76747360416053,2823268,2570446,114444467,0.000517516460626322,53.015506468670615,5.441410595777749,14.853405637196515
Barishal,BD1006,Cumilla,BD2019,False,99.23787562677784,99.23787562677784,99.23787562677784,99.23787562677784,6212216,2570446,24801484,0.01737061931097595,630.7999209106653,4.597519752173458,15.642028234056378
Barishal,BD1006,Dhaka,BD3026,False,108.8702390569797,108.8702390569797,108.8702390569797,108.8702390569797,14734701,2570446,37536223,0.01721967390780993,1243.148397239864,4.690156705692824,16.50571588212586
Barishal,BD1006,Dinajpur,BD5527,False,350.80976792636403,350.80976792636403,350.80976792636403,350.80976792636403,3315236,2570446,153038222,0.00034458782123691396,26.938356440379977,5.8602441048263465,15.014039370621646
Barishal,BD1006,Faridpur,BD3029,False,90.2871445133064,90.2871445133064,90.2871445133064,90.2871445133064,2162879,2570446,22638605,0.008057100689351141,265.32635334951675,4.502995086094469,14.586950762547518
Barishal,BD1006,Feni,BD2030,False,111.64873130017929,111.64873130017929,111.64873130017929,111.64873130017929,1648896,2570446,52270924,0.0013681062721177515,132.27740903631437,4.715357615034676,14.315616531026453
Barishal,BD1006,Gaibandha,BD5532,False,289.2985597346903,289.2985597346903,289.2985597346903,289.2985597346903,2562233,2570446,143141687,0.0003048353397409683,30.61442290984027,5.667459233520648,14.756389701878161
Barishal,BD1006,Gazipur,BD3033,False,143.49375285087754,143.49375285087754,143.49375285087754,143.49375285087754,5263450,2570446,65557956,0.002705845136226229,255.6256994485155,4.9662915001118115,15.476297263245858
Barishal,BD1006,Gopalganj,BD3035,False,55.847045644066995,55.847045644066995,55.847045644066995,55.847045644066995,1295057,2570446,6384892,0.036263923090395105,415.2297640981836,4.022616626068914,14.07406526759114
Barishal,BD1006,Habiganj,BD6036,False,205.58803768948022,205.58803768948022,205.58803768948022,205.58803768948022,2358886,2570446,104326654,0.0005191636454530707,55.80990333558464,5.325874349444184,14.673700031660417
Barishal,BD1006,Jamalpur,BD4539,False,245.58586361883783,245.58586361883783,245.58586361883783,245.58586361883783,2499738,2570446,125931438,0.0003816952970237822,41.44649060371541,5.50364663606121,14.731696484346525
Barishal,BD1006,Jashore,BD4041,False,123.43486087348494,123.43486087348494,123.43486087348494,123.43486087348494,3076144,2570446,56510960,0.0021531309137229307,201.89752634331253,4.815713574601442,14.939187422556142
Barishal,BD1006,Jhalokati,BD1042,False,31.07766060811745,31.07766060811745,31.07766060811745,31.07766060811745,661160,2570446,0,0.20459177263564926,684.5574983530507,3.4364892526574264,13.40175114703129
Barishal,BD1006,Jhenaidah,BD4044,False,148.73562766919332,148.73562766919332,148.73562766919332,148.73562766919332,2005849,2570446,74127969,0.0008541262508498829,90.67096026771996,5.002170419046352,14.511577970493308
Barishal,BD1006,Joypurhat,BD5038,False,284.0918574083467,284.0918574083467,284.0918574083467,284.0918574083467,956431,2570446,138328133,0.00012300162155344123,11.850483546605805,5.64929762744394,13.770963927257238
Barishal,BD1006,Khagrachhari,BD2046,False,169.4601062279356,169.4601062279356,169.4601062279356,169.4601062279356,714119,2570446,88212907,0.00022098549006076387,24.86770114888675,5.132617537631538,13.478804894101042
Barishal,BD1006,Khulna,BD4047,False,99.2384719007351,99.2384719007351,99.2384719007351,99.2384719007351,2613385,2570446,31013700,0.005525844006712355,265.3647653398487,4.597525760687467,14.776156873871212
Barishal,BD1006,Kishoreganj,BD3048,False,184.44521014874272,184.44521014874272,184.44521014874272,184.44521014874272,3267626,2570446,96348380,0.0008309378729330096,96.05004661160703,5.2173524554145985,14.999574285328466
Barishal,BD1006,Kurigram,BD5549,False,337.85435098756494,337.85435098756494,337.85435098756494,337.85435098756494,2329160,2570446,150709062,0.00025100936487307436,20.40517344143826,5.822614888374825,14.66101824551926
Barishal,BD1006,Kushtia,BD4050,False,182.81817787454708,182.81817787454708,182.81817787454708,182.81817787454708,2149692,2570446,94198688,0.0005772566131841972,64.31873408880823,5.208492095402932,14.580835134027797
Barishal,BD1006,Lakshmipur,BD2051,False,53.43624243857804,53.43624243857804,53.43624243857804,53.43624243857804,1937948,2570446,4446944,0.07926710709830935,678.6881970779758,3.978489213106907,14.477140239287523
Barishal,BD1006,Lalmonirhat,BD5552,False,378.49956340075374,378.49956340075374,378.49956340075374,378.49956340075374,1428406,2570446,156353458,0.00014407734759091777,9.970590964015583,5.936214919378169,14.172069695197669
Barishal,BD1006,Madaripur,BD3054,False,48.68985480205505,48.68985480205505,48.68985480205505,48.68985480205505,1293027,2570446,1859355,0.1311055775450934,545.4194670881756,3.8854706881005154,14.07249653920651
Barishal,BD1006,Magura,BD4055,False,116.4255565210691,116.4255565210691,116.4255565210691,116.4255565210691,1033115,2570446,53919820,0.000817220265617005,76.21703013150693,4.7572520689392075,13.848089068139739
Barishal,BD1006,Manikganj,BD3056,False,121.5864815396763,121.5864815396763,121.5864815396763,121.5864815396763,1558025,2570446,54952935,0.0011783862884477416,105.3910763477346,4.800625791803338,14.258929551497186
Barishal,BD1006,Meherpur,BD4057,False,199.50463354449144,199.50463354449144,199.50463354449144,199.50463354449144,705356,2570446,103621298,0.0001597203204329169,17.721578036447674,5.295837461847128,13.466457918881725
Barishal,BD1006,Moulvibazar,BD6058,False,245.21947203991834,245.21947203991834,245.21947203991834,245.21947203991834,2123447,2570446,123807991,0.00033609916650434137,35.31274835829883,5.502153613796126,14.568551269629545
Barishal,BD1006,Munshiganj,BD3059,False,79.80262800597588,79.80262800597588,79.80262800597588,79.80262800597588,1625416,2570446,16599076,0.010481033317714515,255.22907324230724,4.379556436319216,14.301274340983566
Barishal,BD1006,Mymensingh,BD4561,False,210.0840760425317,210.0840760425317,210.0840760425317,210.0840760425317,5899005,2570446,106685540,0.0012052003314391377,133.6572417005063,5.347507812701239,15.590294250586142
Barishal,BD1006,Naogaon,BD5064,False,282.94827672814387,282.94827672814387,282.94827672814387,282.94827672814387,2784599,2570446,135543534,0.00036781284670779504,34.781519920076335,5.645264113194103,14.839614435339252
Barishal,BD1006,Narail,BD4065,False,85.63459380906885,85.63459380906885,85.63459380906885,85.63459380906885,788671,2570446,21849934,0.0032930281401122147,107.5467739835656,4.45008933479135,13.57810452934276
Barishal,BD1006,Narayanganj,BD3067,False,104.21968471828579,104.21968471828579,104.21968471828579,104.21968471828579,3909138,2570446,33627085,0.006921399930230221,359.8997061675813,4.646501024320916,15.178827447298536
Barishal,BD1006,Narsingdi,BD3068,False,139.54715981135735,139.54715981135735,139.54715981135735,139.54715981135735,2584452,2570446,62973504,0.0014877026695125709,132.71697278639078,4.938402607294797,14.765024051188075
Barishal,BD1006,Natore,BD5069,False,216.29260983963204,216.29260983963204,216.29260983963204,216.29260983963204,1859922,2570446,112584545,0.0003547964259726066,39.75679528595781,5.376632166123055,14.436045109326196
Barishal,BD1006,Netrakona,BD4572,False,234.62940099952732,234.62940099952732,234.62940099952732,234.62940099952732,2324853,2570446,117267735,0.00040819620602914784,42.230928884875645,5.458007252320638,14.659167369198306
Barishal,BD1006,Nilphamari,BD5573,False,384.828233174456,384.828233174456,384.828233174456,384.828233174456,2092568,2570446,157781864,0.00020649370725568666,14.130115963456008,5.952797087135517,14.553902577830893
Barishal,BD1006,Noakhali,BD2075,False,81.34946086668342,81.34946086668342,81.34946086668342,81.34946086668342,3625442,2570446,18224492,0.018350985785080116,547.8373066791453,4.398754206312827,15.103486769872411
Barishal,BD1006,Pabna,BD5076,False,169.06770372068883,169.06770372068883,169.06770372068883,169.06770372068883,2909624,2570446,85303283,0.000937519003266614,101.79244877639373,5.130299248430704,14.8835344211774
Barishal,BD1006,Panchagarh,BD5577,False,425.5481696841962,425.5481696841962,425.5481696841962,425.5481696841962,1179843,2570446,161408327,0.00011198087006315001,6.515185214028578,6.053378148854376,13.98089193674234
Barishal,BD1006,Patuakhali,BD1078,False,69.25691978684479,69.25691978684479,69.25691978684479,69.25691978684479,1727254,2570446,12248215,0.018107768759577925,360.1055894879612,4.237823064795086,14.362043422168306
Barishal,BD1006,Pirojpur,BD1079,False,47.24028496787638,47.24028496787638,47.24028496787638,47.24028496787638,1198195,2570446,661160,0.21514604402925283,536.9112272123652,3.85524702365382,13.996326815697198
Barishal,BD1006,Rajbari,BD3082,False,129.34372644136724,129.34372644136724,129.34372644136724,129.34372644136724,1189818,2570446,59587104,0.0007767236987870498,71.11968048631827,4.862473406809282,13.989310912214547
Barishal,BD1006,Rajshahi,BD5081,False,251.94919668115793,251.94919668115793,251.94919668115793,251.94919668115793,2915009,2570446,128431176,0.0004271074989514763,45.921275666032365,5.529227466715721,14.885383465240523
Barishal,BD1006,Rangamati,BD2084,False,198.62515167332725,198.62515167332725,198.62515167332725,198.62515167332725,647586,2570446,102973712,0.00014851864660394144,16.414549486154662,5.291419388473088,13.381006882269048
Barishal,BD1006,Rangpur,BD5585,False,334.8948558091165,334.8948558091165,334.8948558091165,334.8948558091165,3169614,2570446,147539448,0.0003540963458974758,28.26112352731112,5.813816619303317,14.9691203718778
Barishal,BD1006,Satkhira,BD4087,False,132.5882213429854,132.5882213429854,132.5882213429854,132.5882213429854,2196582,2570446,60776922,0.0013598616282112308,124.95036559117169,4.887248245322006,14.602413073820426
Barishal,BD1006,Shariatpur,BD3086,False,48.950847499283284,48.950847499283284,48.950847499283284,48.950847499283284,1294562,2570446,3152382,0.08286001973735532,540.2595148508262,3.8908166823972907,14.073682971966935
Barishal,BD1006,Sherpur,BD4589,False,253.96007095425318,253.96007095425318,253.96007095425318,253.96007095425318,1501853,2570446,131346185,0.00021287440563786962,23.28608867342477,5.537177053693663,14.22221023700936
Barishal,BD1006,Sirajganj,BD5088,False,191.28291030259516,191.28291030259516,191.28291030259516,191.28291030259516,3357706,2570446,99616006,0.0008002462200770598,91.76780103444493,5.253753537916148,15.026768560672359
Barishal,BD1006,Sunamganj,BD6090,False,257.6277523497016,257.6277523497016,257.6277523497016,257.6277523497016,2695496,2570446,132848038,0.00037045169677038737,40.61190882904187,5.55151572270407,14.80709278991802
Barishal,BD1006,Sylhet,BD6091,False,287.97563001620273,287.97563001620273,287.97563001620273,287.97563001620273,3857123,2570446,139284564,0.00047965787446912155,46.51060772238293,5.662875858556345,15.16543212675189
Barishal,BD1006,Tangail,BD3093,False,175.3023005577045,175.3023005577045,175.3023005577045,175.3023005577045,4037608,2570446,88927026,0.0011873005533427326,131.38594864555589,5.166511915387593,15.2111629953813
Barishal,BD1006,Thakurgaon,BD5594,False,407.18933798969783,407.18933798969783,407.18933798969783,407.18933798969783,1533895,2570446,159874432,0.00014801661283293612,9.251301531336452,6.009278281174697,14.243320810065981
Bhola,BD1009,Bagerhat,BD4001,False,102.26992120867489,102.26992120867489,102.26992120867489,102.26992120867489,1613076,1932518,14379872,0.01066081302787063,154.22649433777534,4.627615604393013,14.293653473170336
Bhola,BD1009,Bandarban,BD2003,False,177.99765627295778,177.99765627295778,177.99765627295778,177.99765627295778,481106,1932518,70108768,0.0001779552250765746,15.18490940857437,5.181770383199544,13.08384289902944
Bhola,BD1009,Barguna,BD1004,False,66.68523727442079,66.68523727442079,66.68523727442079,66.68523727442079,1010531,1932518,10522250,0.011644518762804342,227.24285622861098,4.1999835982058515,13.825986493237492
Bhola,BD1009,Barishal,BD1006,False,66.45061792669485,66.45061792669485,66.45061792669485,66.45061792669485,2570446,1932518,7951804,0.04035055432346931,582.1172070814769,4.1964590842385885,14.759589982670962
Bhola,BD1009,Bhola,BD1009,True,0.0,34.7337340098454,1.0,22.463923228237597,1932518,1932518,0,0.5,1601.8454038518375,3.5477113763767143,14.474334373759973
Bhola,BD1009,Bogura,BD5010,False,309.24884805204215,309.24884805204215,309.24884805204215,309.24884805204215,3734297,1932518,128030303,0.0004153280166882708,39.04744974410366,5.734146286292473,15.133070139288687
Bhola,BD1009,Brahmanbaria,BD2012,False,183.36414219833023,183.36414219833023,183.36414219833023,183.36414219833023,3306563,1932518,74699133,0.0010431282958216137,98.3440251112804,5.211474023794392,15.011419839295048
Bhola,BD1009,Chandpur,BD2013,False,104.35767816962918,104.35767816962918,104.35767816962918,104.35767816962918,2635748,1932518,15992948,0.013820005807453978,242.0221248934122,4.647824211742277,14.784677570641602
Bhola,BD1009,Chapainawabganj,BD5070,False,365.23427793643776,365.23427793643776,365.23427793643776,365.23427793643776,1835528,1932518,146341848,0.0001593709522427347,13.75998478029183,5.900539005040262,14.422842736501666
Bhola,BD1009,Chattogram,BD2015,False,113.82960344250665,113.82960344250665,113.82960344250665,113.82960344250665,9169465,1932518,19923258,0.02613281236559971,707.6745076225636,4.734702623561459,16.031389500109725
Bhola,BD1009,Chuadanga,BD4018,False,239.32750516570158,239.32750516570158,239.32750516570158,239.32750516570158,1234054,1932518,103181034,0.00021333950440537638,21.545120969812718,5.477832928408266,14.025815242619684
Bhola,BD1009,Cox's Bazar,BD2022,False,166.77863095517108,166.77863095517108,166.77863095517108,166.77863095517108,2823268,1932518,51903213,0.0017886943760293806,101.5012280395376,5.116667369938082,14.853405637196515
Bhola,BD1009,Cumilla,BD2019,False,126.25835644607658,126.25835644607658,126.25835644607658,126.25835644607658,6212216,1932518,31680807,0.008968027614579495,389.6963019351834,4.838330255636923,15.642028234056378
Bhola,BD1009,Dhaka,BD3026,False,168.75703078172225,168.75703078172225,168.75703078172225,168.75703078172225,14734701,1932518,55374067,0.006897296401939244,517.3894590246182,5.128459992776411,16.50571588212586
Bhola,BD1009,Dinajpur,BD5527,False,416.24614603143965,416.24614603143965,416.24614603143965,416.24614603143965,3315236,1932518,153676150,0.00025906872469646066,19.1343625626706,6.0312767824684625,15.014039370621646
Bhola,BD1009,Faridpur,BD3029,False,156.6949837746366,156.6949837746366,156.6949837746366,156.6949837746366,2162879,1932518,47543752,0.0016359866079582576,88.08907233122518,5.054301137200814,14.586950762547518
Bhola,BD1009,Feni,BD2030,False,101.49903103424222,101.49903103424222,101.49903103424222,101.49903103424222,1648896,1932518,12730976,0.013321764448016297,160.0550833742571,4.6200492519756065,14.315616531026453
Bhola,BD1009,Gaibandha,BD5532,False,352.3340812866652,352.3340812866652,352.3340812866652,352.3340812866652,2562233,1932518,143779615,0.00022918193227382976,20.639981860559903,5.864579820057013,14.756389701878161
Bhola,BD1009,Gazipur,BD3033,False,198.20873659237114,198.20873659237114,198.20873659237114,198.20873659237114,5263450,1932518,83337991,0.0013176002902369833,133.97535458650106,5.289320700603374,15.476297263245858
Bhola,BD1009,Gopalganj,BD3035,False,121.00264204596836,121.00264204596836,121.00264204596836,121.00264204596836,1295057,1932518,30385750,0.0023038429940372912,88.45027296484571,4.795812380449006,14.07406526759114
Bhola,BD1009,Habiganj,BD6036,False,236.92633822441567,236.92633822441567,236.92633822441567,236.92633822441567,2358886,1932518,100822148,0.00042205615355729906,42.0223434768363,5.467749283644267,14.673700031660417
Bhola,BD1009,Jamalpur,BD4539,False,306.8657343471257,306.8657343471257,306.8657343471257,306.8657343471257,2499738,1932518,125530565,0.00029161811043555957,26.545915002595766,5.726410304519429,14.731696484346525
Bhola,BD1009,Jashore,BD4041,False,180.52762114596473,180.52762114596473,180.52762114596473,180.52762114596473,3076144,1932518,70589874,0.0010842881319763891,94.38855618470294,5.195883791805108,14.939187422556142
Bhola,BD1009,Jhalokati,BD1042,False,62.30401475128889,62.30401475128889,62.30401475128889,62.30401475128889,661160,1932518,5352696,0.02207083701929202,170.32347363352886,4.132025865952873,13.40175114703129
Bhola,BD1009,Jhenaidah,BD4044,False,211.81733792985764,211.81733792985764,211.81733792985764,211.81733792985764,2005849,1932518,88601441,0.00046268101293377736,44.70696879984614,5.355724289731308,14.511577970493308
Bhola,BD1009,Joypurhat,BD5038,False,349.58515763359367,349.58515763359367,349.58515763359367,349.58515763359367,956431,1932518,142823184,8.762858449496604e-05,7.82614109052631,5.856747187598647,13.770963927257238
Bhola,BD1009,Khagrachhari,BD2046,False,155.27276161679862,155.27276161679862,155.27276161679862,155.27276161679862,714119,1932518,46829633,0.0005720241046792541,29.6196575885651,5.045183322735592,13.478804894101042
Bhola,BD1009,Khulna,BD4047,False,133.00362440141998,133.00362440141998,133.00362440141998,133.00362440141998,2613385,1932518,37893023,0.0029881395314068373,147.73263442754947,4.890376378988944,14.776156873871212
Bhola,BD1009,Kishoreganj,BD3048,False,227.89368071211592,227.89368071211592,227.89368071211592,227.89368071211592,3267626,1932518,90607290,0.0007122428333173239,62.91696683059361,5.42887920753072,14.999574285328466
Bhola,BD1009,Kurigram,BD5549,False,398.532166652345,398.532166652345,398.532166652345,398.532166652345,2329160,1932518,148177376,0.00019670586433024787,14.664679052476805,5.987788214300984,14.66101824551926
Bhola,BD1009,Kushtia,BD4050,False,248.5439064454631,248.5439064454631,248.5439064454631,248.5439064454631,2149692,1932518,104415088,0.0003600419849691411,34.79925931054545,5.515619515826804,14.580835134027797
Bhola,BD1009,Lakshmipur,BD2051,False,63.097736692617985,63.097736692617985,63.097736692617985,63.097736692617985,1937948,1932518,6013856,0.04768148591565549,486.75963501321166,4.144684900324128,14.477140239287523
Bhola,BD1009,Lalmonirhat,BD5552,False,441.4111759461508,441.4111759461508,441.4111759461508,441.4111759461508,1428406,1932518,156991386,0.0001083205278818171,7.331030330753422,6.0899768128182625,14.172069695197669
Bhola,BD1009,Madaripur,BD3054,False,114.10524763922227,114.10524763922227,114.10524763922227,114.10524763922227,1293027,1932518,29092723,0.002492113969235176,99.31077199040968,4.737121247389961,14.07249653920651
Bhola,BD1009,Magura,BD4055,False,181.3518830105799,181.3518830105799,181.3518830105799,181.3518830105799,1033115,1932518,73666018,0.00034462806953197803,31.41264661283537,5.20043924897018,13.848089068139739
Bhola,BD1009,Manikganj,BD3056,False,185.88175898648163,185.88175898648163,185.88175898648163,185.88175898648163,1558025,1932518,80590148,0.0004339387640098732,45.092142938593184,5.225110767193747,14.258929551497186
Bhola,BD1009,Meherpur,BD4057,False,263.18119771710496,263.18119771710496,263.18119771710496,263.18119771710496,705356,1932518,109922486,0.00010826573325377007,10.183537028753312,5.572842759654359,13.466457918881725
Bhola,BD1009,Moulvibazar,BD6058,False,267.2456499423026,267.2456499423026,267.2456499423026,267.2456499423026,2123447,1932518,116526847,0.00028728315772035223,29.731726985424416,5.588168272662494,14.568551269629545
Bhola,BD1009,Munshiganj,BD3059,False,136.22844946623533,136.22844946623533,136.22844946623533,136.22844946623533,1625416,1932518,40506408,0.0016797181084251239,87.5848324170922,4.914333251978156,14.301274340983566
Bhola,BD1009,Mymensingh,BD4561,False,264.62801696498303,264.62801696498303,264.62801696498303,264.62801696498303,5899005,1932518,110627842,0.0008549632323488615,84.23782007951891,5.5783251302969195,15.590294250586142
Bhola,BD1009,Naogaon,BD5064,False,349.3354575280402,349.3354575280402,349.3354575280402,349.3354575280402,2784599,1932518,140038585,0.0002618487917704857,22.817986842145928,5.856032656904429,14.839614435339252
Bhola,BD1009,Narail,BD4065,False,147.61120983026873,147.61120983026873,147.61120983026873,147.61120983026873,788671,1932518,42131824,0.0007711529213370834,36.19571769292356,4.9945818566420614,13.57810452934276
Bhola,BD1009,Narayanganj,BD3067,False,155.10206984099918,155.10206984099918,155.10206984099918,155.10206984099918,3909138,1932518,42920495,0.0034540615542275562,162.4971749516034,5.044083415296536,15.178827447298536
Bhola,BD1009,Narsingdi,BD3068,False,185.36184940567438,185.36184940567438,185.36184940567438,185.36184940567438,2584452,1932518,78005696,0.0007571193181046525,75.2190359304827,5.22230985744635,14.765024051188075
Bhola,BD1009,Natore,BD5069,False,282.7295668945642,282.7295668945642,282.7295668945642,282.7295668945642,1859922,1932518,120975147,0.00023438916683601372,23.267636783713872,5.6444908467600605,14.436045109326196
Bhola,BD1009,Netrakona,BD4572,False,282.11447655771696,282.11447655771696,282.11447655771696,282.11447655771696,2324853,1932518,118650294,0.0003031479739534706,29.21088756485859,5.642312933804767,14.659167369198306
Bhola,BD1009,Nilphamari,BD5573,False,449.13342125001725,449.13342125001725,449.13342125001725,449.13342125001725,2092568,1932518,158419792,0.00015524652381662367,10.373584121834416,6.107319995605835,14.553902577830893
Bhola,BD1009,Noakhali,BD2075,False,56.57182394736131,56.57182394736131,56.57182394736131,56.57182394736131,3625442,1932518,1727254,0.26277749346829726,1132.8191950581252,4.035511051143253,15.103486769872411
Bhola,BD1009,Pabna,BD5076,False,235.48122668740217,235.48122668740217,235.48122668740217,235.48122668740217,2909624,1932518,93874916,0.00059452347218945,52.471598080751654,5.461631193452599,14.8835344211774
Bhola,BD1009,Panchagarh,BD5577,False,490.5548476274669,490.5548476274669,490.5548476274669,490.5548476274669,1179843,1932518,162046255,8.418968811354081e-05,4.902855309219929,6.195537092585783,13.98089193674234
Bhola,BD1009,Patuakhali,BD1078,False,37.9888458554597,37.9888458554597,37.9888458554597,37.9888458554597,1727254,1932518,0,0.47195672298711505,1196.8618066350716,3.6372925865185066,14.362043422168306
Bhola,BD1009,Pirojpur,BD1079,False,79.19789671234807,79.19789671234807,79.19789671234807,79.19789671234807,1198195,1932518,11532781,0.011727287803204351,191.02939793374006,4.371949741805474,13.996326815697198
Bhola,BD1009,Rajbari,BD3082,False,195.79222866634927,195.79222866634927,195.79222866634927,195.79222866634927,1189818,1932518,82148173,0.00032070738080382537,31.03770742697762,5.277054039147086,13.989310912214547
Bhola,BD1009,Rajshahi,BD5081,False,318.1617342284028,318.1617342284028,318.1617342284028,318.1617342284028,2915009,1932518,137123576,0.00028534710128094156,28.796785371289385,5.762559851690472,14.885383465240523
Bhola,BD1009,Rangamati,BD2084,False,167.99260316851814,167.99260316851814,167.99260316851814,167.99260316851814,647586,1932518,54726481,0.00038543182611937337,22.94653587662762,5.123919949675144,13.381006882269048
Bhola,BD1009,Rangpur,BD5585,False,398.622357620566,398.622357620566,398.622357620566,398.622357620566,3169614,1932518,150506536,0.0002582259560491268,19.94725178544086,5.98801449657339,14.9691203718778
Bhola,BD1009,Satkhira,BD4087,False,164.2726874154524,164.2726874154524,164.2726874154524,164.2726874154524,2196582,1932518,49706631,0.0015269375566360334,81.3985552020272,5.101527775165149,14.602413073820426
Bhola,BD1009,Shariatpur,BD3086,False,106.7061290100031,106.7061290100031,106.7061290100031,106.7061290100031,1294562,1932518,18628696,0.005567130712516647,113.69572210181308,4.670078598176311,14.073682971966935
Bhola,BD1009,Sherpur,BD4589,False,312.6826369264689,312.6826369264689,312.6826369264689,312.6826369264689,1501853,1932518,131764600,0.00016056672239134372,15.36101434710362,5.745188736623685,14.22221023700936
Bhola,BD1009,Sirajganj,BD5088,False,256.2254841827906,256.2254841827906,256.2254841827906,256.2254841827906,3357706,1932518,106564780,0.0005346774573330168,51.144392195171115,5.546057854394017,15.026768560672359
Bhola,BD1009,Sunamganj,BD6090,False,296.07775934728744,296.07775934728744,296.07775934728744,296.07775934728744,2695496,1932518,122835069,0.00032754882419934277,30.748725593324938,5.690622120321919,14.80709278991802
Bhola,BD1009,Sylhet,BD6091,False,314.39173036733814,314.39173036733814,314.39173036733814,314.39173036733814,3857123,1932518,133266453,0.0003964821353646134,39.02305448591738,5.7506397573062555,15.16543212675189
Bhola,BD1009,Tangail,BD3093,False,236.86992975118147,236.86992975118147,236.86992975118147,236.86992975118147,4037608,1932518,96784540,0.0007692259806845346,71.96217643234682,5.467511170863253,15.2111629953813
Bhola,BD1009,Thakurgaon,BD5594,False,473.0885788719397,473.0885788719397,473.0885788719397,473.0885788719397,1533895,1932518,160512360,0.00011128215438047718,6.853472975153105,6.159282641301399,14.243320810065981
Bogura,BD5010,Bagerhat,BD4001,False,275.412020680092,275.412020680092,275.412020680092,275.412020680092,1613076,3734297,136031058,0.00030484634744168046,21.266158498336704,5.618268233417865,14.293653473170336
Bogura,BD5010,Bandarban,BD2003,False,453.2604667589923,453.2604667589923,453.2604667589923,453.2604667589923,481106,3734297,158119945,6.837737847358055e-05,2.341774592761005,6.116466942052261,13.08384289902944
Bogura,BD5010,Barguna,BD1004,False,307.8094032674087,307.8094032674087,307.8094032674087,307.8094032674087,1010531,3734297,142918472,0.00017425917728604892,10.665614317262783,5.729480770864743,13.825986493237492
Bogura,BD5010,Barishal,BD1006,False,244.32693093168248,244.32693093168248,244.32693093168248,244.32693093168248,2570446,3734297,118872772,0.0006254253843706503,43.05918497199259,5.498507209321399,14.759589982670962
Bogura,BD5010,Bhola,BD1009,False,309.24884805204215,309.24884805204215,309.24884805204215,309.24884805204215,1932518,3734297,143929003,0.0003266934150531775,20.20725707799238,5.734146286292473,14.474334373759973
Bogura,BD5010,Bogura,BD5010,True,0.0,28.35538842064208,1.0,27.720065313681488,3734297,3734297,0,0.5,4644.485958488898,3.3448170798606913,15.133070139288687
Bogura,BD5010,Brahmanbaria,BD2012,False,197.9718365963309,197.9718365963309,197.9718365963309,197.9718365963309,3306563,3734297,99074244,0.0011318249348786654,84.36648933503085,5.28812478116508,15.011419839295048
Bogura,BD5010,Chandpur,BD2013,False,222.98676242832002,222.98676242832002,222.98676242832002,222.98676242832002,2635748,3734297,110024808,0.0007433490635403564,53.00852522196416,5.4071124083901845,14.784677570641602
Bogura,BD5010,Chapainawabganj,BD5070,False,113.19084426433582,113.19084426433582,113.19084426433582,113.19084426433582,1835528,3734297,42247430,0.003117453250979454,143.26444291011592,4.729075281440929,14.422842736501666
Bogura,BD5010,Chattogram,BD2015,False,364.2312369651238,364.2312369651238,364.2312369651238,364.2312369651238,9169465,3734297,148302894,0.0013970760464869388,69.11775439386753,5.897788932328168,16.031389500109725
Bogura,BD5010,Chuadanga,BD4018,False,145.54901951409192,145.54901951409192,145.54901951409192,145.54901951409192,1234054,3734297,71055282,0.0008105005456295848,58.25263777558029,4.9805129337491,14.025815242619684
Bogura,BD5010,Cox's Bazar,BD2022,False,461.859579179905,461.859579179905,461.859579179905,461.859579179905,2823268,3734297,158601051,0.00039322998814948,13.23525138918187,6.135260903713223,14.853405637196515
Bogura,BD5010,Cumilla,BD2019,False,228.06869063009114,228.06869063009114,228.06869063009114,228.06869063009114,6212216,3734297,112660556,0.0016255716514027346,119.43048868809073,5.429646858273716,15.642028234056378
Bogura,BD5010,Dhaka,BD3026,False,145.31650178441427,145.31650178441427,145.31650178441427,145.31650178441427,14734701,3734297,56320581,0.01225069720226721,697.7686584901027,4.97891413456404,16.50571588212586
Bogura,BD5010,Dinajpur,BD5527,False,107.54368978127779,107.54368978127779,107.54368978127779,107.54368978127779,3315236,3734297,36603034,0.007030826144962759,286.645140785202,4.677897181572899,15.014039370621646
Bogura,BD5010,Faridpur,BD3029,False,156.72766274341245,156.72766274341245,156.72766274341245,156.72766274341245,2162879,3734297,77653153,0.0011877785381645557,88.05234161142725,5.054509666924223,14.586950762547518
Bogura,BD5010,Feni,BD2030,False,289.6715019035888,289.6715019035888,289.6715019035888,289.6715019035888,1648896,3734297,137644134,0.00030450886484427236,19.650867271109153,5.668747528875418,14.315616531026453
Bogura,BD5010,Gaibandha,BD5532,False,54.26643073377918,54.26643073377918,54.26643073377918,54.26643073377918,2562233,3734297,6813875,0.06918853984319957,870.0738276461481,3.9939058172332476,14.756389701878161
Bogura,BD5010,Gazipur,BD3033,False,134.76996469127573,134.76996469127573,134.76996469127573,134.76996469127573,5263450,3734297,47536157,0.0067811479092646,289.7905856469817,4.903569359788571,15.476297263245858
Bogura,BD5010,Gopalganj,BD3035,False,198.32326195165362,198.32326195165362,198.32326195165362,198.32326195165362,1295057,3734297,102380807,0.0004243020868878475,32.926196810497046,5.289898335512472,14.07406526759114
Bogura,BD5010,Habiganj,BD6036,False,213.5374005879005,213.5374005879005,213.5374005879005,213.5374005879005,2358886,3734297,107665922,0.0006950940923109065,51.73197385768666,5.3638119957243955,14.673700031660417
Bogura,BD5010,Jamalpur,BD4539,False,49.96265606841668,49.96265606841668,49.96265606841668,49.96265606841668,2499738,3734297,956431,0.27676174522456887,1001.3904756931627,3.91127584774368,14.731696484346525
Bogura,BD5010,Jashore,BD4041,False,193.9999253258123,193.9999253258123,193.9999253258123,193.9999253258123,3076144,3734297,94705073,0.0011495140238934488,81.73414730924631,5.267857774144761,14.939187422556142
Bogura,BD5010,Jhalokati,BD1042,False,263.4537654998369,263.4537654998369,263.4537654998369,263.4537654998369,661160,3734297,133173316,0.0001310895173440393,9.525718658299008,5.573877889587263,13.40175114703129
Bogura,BD5010,Jhenaidah,BD4044,False,151.38513281742667,151.38513281742667,151.38513281742667,151.38513281742667,2005849,3734297,74614189,0.0011897813914429646,87.52493237474063,5.019827138146114,14.511577970493308
Bogura,BD5010,Joypurhat,BD5038,False,42.18763088448093,42.18763088448093,42.18763088448093,42.18763088448093,956431,3734297,0,0.20389820087628188,537.3823138799028,3.7421270710748913,13.770963927257238
Bogura,BD5010,Khagrachhari,BD2046,False,320.00876421944866,320.00876421944866,320.00876421944866,320.00876421944866,714119,3734297,147588775,0.00011591094792382385,6.973436374602271,5.7683483836045,13.478804894101042
Bogura,BD5010,Khulna,BD4047,False,261.8009890156435,261.8009890156435,261.8009890156435,261.8009890156435,2613385,3734297,123566665,0.0005900970581053966,38.12947524174001,5.567584631221313,14.776156873871212
Bogura,BD5010,Kishoreganj,BD3048,False,165.7557221186404,165.7557221186404,165.7557221186404,165.7557221186404,3267626,3734297,79816032,0.001682222674889253,118.93105830058039,5.110515151056147,14.999574285328466
Bogura,BD5010,Kurigram,BD5549,False,112.1845075663965,112.1845075663965,112.1845075663965,112.1845075663965,2329160,3734297,39918270,0.004333243683520969,185.0689458408845,4.720144904823981,14.66101824551926
Bogura,BD5010,Kushtia,BD4050,False,106.55849692569154,106.55849692569154,106.55849692569154,106.55849692569154,2149692,3734297,28554337,0.0072192717668984625,189.32155743956628,4.668694101265528,14.580835134027797
Bogura,BD5010,Lakshmipur,BD2051,False,262.1875847007891,262.1875847007891,262.1875847007891,262.1875847007891,1937948,3734297,126180050,0.000422480012398525,28.191479865281888,5.569060219715734,14.477140239287523
Bogura,BD5010,Lalmonirhat,BD5552,False,138.4792710179897,138.4792710179897,138.4792710179897,138.4792710179897,1428406,3734297,52799607,0.0016278180473884526,74.48728218045116,4.930720646685913,14.172069695197669
Bogura,BD5010,Madaripur,BD3054,False,195.66347133928596,195.66347133928596,195.66347133928596,195.66347133928596,1293027,3734297,97781217,0.00046265241712862355,33.77443441649536,5.2763962005630285,14.07249653920651
Bogura,BD5010,Magura,BD4055,False,153.69244946736546,153.69244946736546,153.69244946736546,153.69244946736546,1033115,3734297,76620038,0.0005899168076978135,43.736457399309614,5.034953524206872,13.848089068139739
Bogura,BD5010,Manikganj,BD3056,False,123.41795868159085,123.41795868159085,123.41795868159085,123.41795868159085,1558025,3734297,45272776,0.0023478679094373575,102.28635534251053,4.815576633148223,14.258929551497186
Bogura,BD5010,Meherpur,BD4057,False,133.26173687898532,133.26173687898532,133.26173687898532,133.26173687898532,705356,3734297,46830801,0.001016012858352455,39.71891955458888,4.89231514081041,13.466457918881725
Bogura,BD5010,Moulvibazar,BD6058,False,259.1821060939312,259.1821060939312,259.1821060939312,259.1821060939312,2123447,3734297,121443218,0.0004976136330118507,31.6105022702864,5.557530926963647,14.568551269629545
Bogura,BD5010,Munshiganj,BD3059,False,178.7502959553635,178.7502959553635,178.7502959553635,178.7502959553635,1625416,3734297,91111143,0.0006633775934536971,50.871083929908615,5.185989837267088,14.301274340983566
Bogura,BD5010,Mymensingh,BD4561,False,106.91395135343927,106.91395135343927,106.91395135343927,106.91395135343927,5899005,3734297,30704029,0.015857635401056475,516.0716511464935,4.672024317966769,15.590294250586142
Bogura,BD5010,Naogaon,BD5064,False,63.82990971292665,63.82990971292665,63.82990971292665,63.82990971292665,2784599,3734297,11236030,0.03912202850628296,683.4617316512923,4.156221884774198,14.839614435339252
Bogura,BD5010,Narail,BD4065,False,189.51195151545946,189.51195151545946,189.51195151545946,189.51195151545946,788671,3734297,93916402,0.0003063800943351876,21.959510962122593,5.244452091216899,13.57810452934276
Bogura,BD5010,Narayanganj,BD3067,False,172.54013361828032,172.54013361828032,172.54013361828032,172.54013361828032,3909138,3734297,87202005,0.0016925289777515104,131.3108891415012,5.150629868067284,15.178827447298536
Bogura,BD5010,Narsingdi,BD3068,False,168.20213498622738,168.20213498622738,168.20213498622738,168.20213498622738,2584452,3734297,84617553,0.001201225075330429,91.34935024497368,5.125166440598762,14.765024051188075
Bogura,BD5010,Natore,BD5069,False,57.52878104602162,57.52878104602162,57.52878104602162,57.52878104602162,1859922,3734297,9376108,0.035388014170066914,561.984564556532,4.05228536250579,14.436045109326196
Bogura,BD5010,Netrakona,BD4572,False,147.9942648933579,147.9942648933579,147.9942648933579,147.9942648933579,2324853,3734297,72289336,0.001457555582467379,106.14651159292983,4.997173522292732,14.659167369198306
Bogura,BD5010,Nilphamari,BD5573,False,140.875956134653,140.875956134653,140.875956134653,140.875956134653,2092568,3734297,54228013,0.002244886876660267,105.44010419325836,4.947879759450682,14.553902577830893
Bogura,BD5010,Noakhali,BD2075,False,296.14088356568516,296.14088356568516,296.14088356568516,296.14088356568516,3625442,3734297,139293030,0.0006454469124344907,41.33940542967789,5.690835299084163,15.103486769872411
Bogura,BD5010,Pabna,BD5076,False,85.76582368175858,85.76582368175858,85.76582368175858,85.76582368175858,2909624,3734297,22475099,0.014236786055683799,395.55633525954494,4.4516206017538575,14.8835344211774
Bogura,BD5010,Panchagarh,BD5577,False,181.31161468916505,181.31161468916505,181.31161468916505,181.31161468916505,1179843,3734297,92736559,0.0004676937728272569,35.88995956717869,5.200217179079851,13.98089193674234
Bogura,BD5010,Patuakhali,BD1078,False,310.7667592957676,310.7667592957676,310.7667592957676,310.7667592957676,1727254,3734297,145861521,0.00028493149757212135,17.884923596436533,5.739042660700892,14.362043422168306
Bogura,BD5010,Pirojpur,BD1079,False,262.2806347712817,262.2806347712817,262.2806347712817,262.2806347712817,1198195,3734297,128117998,0.0002550540281942336,17.41787024042997,5.5694150555971635,13.996326815697198
Bogura,BD5010,Rajbari,BD3082,False,123.35755489550817,123.35755489550817,123.35755489550817,123.35755489550817,1189818,3734297,44082958,0.0018960334049122193,78.18960690958883,4.815087088732625,13.989310912214547
Bogura,BD5010,Rajshahi,BD5081,False,83.63490124855082,83.63490124855082,83.63490124855082,83.63490124855082,2915009,3734297,19560090,0.017829553061253684,416.7396312094837,4.4264609120201746,14.885383465240523
Bogura,BD5010,Rangamati,BD2084,False,369.09030498574054,369.09030498574054,369.09030498574054,369.09030498574054,647586,3734297,157472359,9.268282261280837e-05,4.753704439769019,5.911041343057927,13.381006882269048
Bogura,BD5010,Rangpur,BD5585,False,92.87375610525777,92.87375610525777,92.87375610525777,92.87375610525777,3169614,3734297,25384723,0.012588929612120584,367.4687027381828,4.53124110973432,14.9691203718778
Bogura,BD5010,Satkhira,BD4087,False,272.6803209184729,272.6803209184729,272.6803209184729,272.6803209184729,2196582,3734297,133834476,0.00042661574566758294,29.54199549201243,5.608300123398956,14.602413073820426
Bogura,BD5010,Shariatpur,BD3086,False,204.16679961475435,204.16679961475435,204.16679961475435,204.16679961475435,1294562,3734297,106371360,0.0003941268599095704,31.056507325349322,5.318937304924868,14.073682971966935
Bogura,BD5010,Sherpur,BD4589,False,75.76803253706541,75.76803253706541,75.76803253706541,75.76803253706541,1501853,3734297,14020629,0.016403395994348834,261.6106417692189,4.327676469353881,14.22221023700936
Bogura,BD5010,Sirajganj,BD5088,False,53.05666989522894,53.05666989522894,53.05666989522894,53.05666989522894,3357706,3734297,3456169,0.16531691131103066,1192.786433136689,3.97136058562486,15.026768560672359
Bogura,BD5010,Sunamganj,BD6090,False,198.84806588681866,198.84806588681866,198.84806588681866,198.84806588681866,2695496,3734297,103675864,0.000851123432169029,68.17041681426538,5.292541045113154,14.80709278991802
Bogura,BD5010,Sylhet,BD6091,False,263.3613531201564,263.3613531201564,263.3613531201564,263.3613531201564,3857123,3734297,129316193,0.0007907300930917612,55.61083275375358,5.573527055386185,15.16543212675189
Bogura,BD5010,Tangail,BD3093,False,81.46969781145482,81.46969781145482,81.46969781145482,81.46969781145482,4037608,3734297,15522482,0.03361228794882581,608.319784563762,4.400231145115411,15.2111629953813
Bogura,BD5010,Thakurgaon,BD5594,False,166.07821133211755,166.07821133211755,166.07821133211755,166.07821133211755,1533895,3734297,83083658,0.0007467569755653218,55.6122304985614,5.112458830002124,14.243320810065981
Brahmanbaria,BD2012,Bagerhat,BD4001,False,223.30896266992397,223.30896266992397,223.30896266992397,223.30896266992397,1613076,3306563,125634406,0.0003168475617826303,32.347634054271964,5.408556295389148,14.293653473170336
Brahmanbaria,BD2012,Bandarban,BD2003,False,272.28050628059225,272.28050628059225,272.28050628059225,272.28050628059225,481106,3306563,147162203,7.003876289343275e-05,6.48944676623014,5.606832807989629,13.08384289902944
Brahmanbaria,BD2012,Barguna,BD1004,False,224.2728055130351,224.2728055130351,224.2728055130351,224.2728055130351,1010531,3306563,127247482,0.00019453472703363276,20.09076201256384,5.412863192593263,13.825986493237492
Brahmanbaria,BD2012,Barishal,BD1006,False,147.79897163741268,147.79897163741268,147.79897163741268,147.79897163741268,2570446,3306563,77764063,0.001253436015972545,117.66997467882052,4.995853050691605,14.759589982670962
Brahmanbaria,BD2012,Bhola,BD1009,False,183.36414219833023,183.36414219833023,183.36414219833023,183.36414219833023,1932518,3306563,96218837,0.0006328204012581994,57.477083823898525,5.211474023794392,14.474334373759973
Brahmanbaria,BD2012,Bogura,BD5010,False,197.9718365963309,197.9718365963309,197.9718365963309,197.9718365963309,3734297,3306563,108519015,0.0009555148533006236,95.28006211414623,5.28812478116508,15.133070139288687
Brahmanbaria,BD2012,Brahmanbaria,BD2012,True,0.0,26.26405068481522,1.0,22.4462602279894,3306563,3306563,0,0.5,4793.507222570369,3.2682011100182953,15.011419839295048
Brahmanbaria,BD2012,Chandpur,BD2013,False,81.98306443024269,81.98306443024269,81.98306443024269,81.98306443024269,2635748,3306563,23595768,0.010967522343911853,392.1530437987398,4.406512694595215,14.784677570641602
Brahmanbaria,BD2012,Chapainawabganj,BD5070,False,297.96384247503937,297.96384247503937,297.96384247503937,297.96384247503937,1835528,3306563,153781813,0.00024311096128839762,20.674446026109955,5.696972145167464,14.422842736501666
Brahmanbaria,BD2012,Chattogram,BD2015,False,184.58332895723956,184.58332895723956,184.58332895723956,184.58332895723956,9169465,3306563,98151355,0.0027012962397301326,269.12810207605975,5.218101008983278,16.031389500109725
Brahmanbaria,BD2012,Chuadanga,BD4018,False,230.67582037436048,230.67582037436048,230.67582037436048,230.67582037436048,1234054,3306563,128258013,0.00023354920895665956,23.19156286433216,5.441013349866058,14.025815242619684
Brahmanbaria,BD2012,Cox's Bazar,BD2022,False,292.39509759743356,292.39509759743356,292.39509759743356,292.39509759743356,2823268,3306563,147643309,0.00040217556048524985,33.02265080009327,5.678105961652423,14.853405637196515
Brahmanbaria,BD2012,Cumilla,BD2019,False,57.61143648476831,57.61143648476831,57.61143648476831,57.61143648476831,6212216,3306563,9761216,0.08152947607585942,1871.6693981782514,4.05372109807617,15.642028234056378
Brahmanbaria,BD2012,Dhaka,BD3026,False,86.6629043822046,86.6629043822046,86.6629043822046,86.6629043822046,14734701,3306563,27856932,0.03406248708509938,1961.8908788301396,4.462025930430572,16.50571588212586
Brahmanbaria,BD2012,Dinajpur,BD5527,False,297.50271223625185,297.50271223625185,297.50271223625185,297.50271223625185,3315236,3306563,150466577,0.00045380232742999084,37.45696549567218,5.695423341704638,15.014039370621646
Brahmanbaria,BD2012,Faridpur,BD3029,False,137.23312771048103,137.23312771048103,137.23312771048103,137.23312771048103,2162879,3306563,68118619,0.0013606621697155581,114.84558408962204,4.9216811417618205,14.586950762547518
Brahmanbaria,BD2012,Feni,BD2030,False,111.21257682921478,111.21257682921478,111.21257682921478,111.21257682921478,1648896,3306563,54233500,0.001600880930420426,133.3169769740134,4.711443476403195,14.315616531026453
Brahmanbaria,BD2012,Gaibandha,BD5532,False,218.67833614652824,218.67833614652824,218.67833614652824,218.67833614652824,2562233,3306563,123072173,0.0005199127705275829,53.58054153633831,5.387601865375794,14.756389701878161
Brahmanbaria,BD2012,Gazipur,BD3033,False,66.83144190022148,66.83144190022148,66.83144190022148,66.83144190022148,5263450,3306563,18332318,0.029896654533389765,1178.4437008680966,4.202173656933224,15.476297263245858
Brahmanbaria,BD2012,Gopalganj,BD3035,False,153.131994712829,153.131994712829,153.131994712829,153.131994712829,1295057,3306563,80334509,0.0006027727783815539,55.22770599515008,5.031300260012953,14.07406526759114
Brahmanbaria,BD2012,Habiganj,BD6036,False,58.040052724873426,58.040052724873426,58.040052724873426,58.040052724873426,2358886,3306563,15973432,0.01869571328186849,700.2471602419927,4.061133336438617,14.673700031660417
Brahmanbaria,BD2012,Jamalpur,BD4539,False,168.95738650760603,168.95738650760603,168.95738650760603,168.95738650760603,2499738,3306563,87678943,0.0009717532759503997,87.5669303962232,5.129646532285137,14.731696484346525
Brahmanbaria,BD2012,Jashore,BD4041,False,216.99400060362166,216.99400060362166,216.99400060362166,216.99400060362166,3076144,3306563,119996029,0.0006527355252645919,65.32978188719392,5.379869706170356,14.939187422556142
Brahmanbaria,BD2012,Jhalokati,BD1042,False,178.87458243150098,178.87458243150098,178.87458243150098,178.87458243150098,661160,3306563,95557677,0.00022218268402760766,20.663757908609664,5.186684903458802,13.40175114703129
Brahmanbaria,BD2012,Jhenaidah,BD4044,False,209.63336640458562,209.63336640458562,209.63336640458562,209.63336640458562,2005849,3306563,117990180,0.0004434592235668517,45.64334025009705,5.345360130638939,14.511577970493308
Brahmanbaria,BD2012,Joypurhat,BD5038,False,238.7884953753927,238.7884953753927,238.7884953753927,238.7884953753927,956431,3306563,132105452,0.0001712613462864466,16.773621777723474,5.4755782035379434,13.770963927257238
Brahmanbaria,BD2012,Khagrachhari,BD2046,False,124.61768662403621,124.61768662403621,124.61768662403621,124.61768662403621,714119,3306563,67404500,0.0004675291222882744,45.984473508791694,4.825250543503204,13.478804894101042
Brahmanbaria,BD2012,Khulna,BD4047,False,234.72895668127364,234.72895668127364,234.72895668127364,234.72895668127364,2613385,3306563,129492067,0.0004805398410843305,47.431849267325276,5.458431472670017,14.776156873871212
Brahmanbaria,BD2012,Kishoreganj,BD3048,False,49.18519886216585,49.18519886216585,49.18519886216585,49.18519886216585,3267626,3306563,2584452,0.2002571265640326,1350.7142439568358,3.895592742103154,14.999574285328466
Brahmanbaria,BD2012,Kurigram,BD5549,False,247.88157113049132,247.88157113049132,247.88157113049132,247.88157113049132,2329160,3306563,133767239,0.0004030414051722084,37.90625176970256,5.512951096344319,14.66101824551926
Brahmanbaria,BD2012,Kushtia,BD4050,False,209.54170340043433,209.54170340043433,209.54170340043433,209.54170340043433,2149692,3306563,115840488,0.0004918363295486445,48.95931131219059,5.344922781129318,14.580835134027797
Brahmanbaria,BD2012,Lakshmipur,BD2051,False,120.26755190616095,120.26755190616095,120.26755190616095,120.26755190616095,1937948,3306563,64173525,0.0013679523153524685,133.98160561833643,4.78971886013208,14.477140239287523
Brahmanbaria,BD2012,Lalmonirhat,BD5552,False,299.52692905659995,299.52692905659995,299.52692905659995,299.52692905659995,1428406,3306563,155617341,0.00018533780778988074,15.921351044430292,5.7022043268911675,14.172069695197669
Brahmanbaria,BD2012,Madaripur,BD3054,False,124.24752190745609,124.24752190745609,124.24752190745609,124.24752190745609,1293027,3306563,66111473,0.0008710131404166623,83.75912319671083,4.822275720371054,14.07249653920651
Brahmanbaria,BD2012,Magura,BD4055,False,177.28368959833932,177.28368959833932,177.28368959833932,177.28368959833932,1033115,3306563,93735891,0.0003589243000390486,32.870862824136076,5.177751215607348,13.848089068139739
Brahmanbaria,BD2012,Manikganj,BD3056,False,115.90901328673935,115.90901328673935,115.90901328673935,115.90901328673935,1558025,3306563,58577892,0.0013121681795403922,115.96849057987991,4.752805515110898,14.258929551497186
Brahmanbaria,BD2012,Meherpur,BD4057,False,242.27174392086715,242.27174392086715,242.27174392086715,242.27174392086715,705356,3306563,133061883,0.00012477190799019952,12.017187407685629,5.4900600049301245,13.466457918881725
Brahmanbaria,BD2012,Moulvibazar,BD6058,False,102.7440545755922,102.7440545755922,102.7440545755922,102.7440545755922,2123447,3306563,42591633,0.003185558584507447,201.15369995732817,4.632240988690947,14.568551269629545
Brahmanbaria,BD2012,Munshiganj,BD3059,False,82.79584054830305,82.79584054830305,82.79584054830305,82.79584054830305,1625416,3306563,26231516,0.005838656512051203,237.10870113717976,4.4163778252055215,14.301274340983566
Brahmanbaria,BD2012,Mymensingh,BD4561,False,106.2331896491074,106.2331896491074,106.2331896491074,106.2331896491074,5899005,3306563,48334495,0.006564325404786299,522.7070065411141,4.665636580219978,15.590294250586142
Brahmanbaria,BD2012,Naogaon,BD5064,False,258.4851979067736,258.4851979067736,258.4851979067736,258.4851979067736,2784599,3306563,139011408,0.00044586626748263197,41.67650637215878,5.554838430826482,14.839614435339252
Brahmanbaria,BD2012,Narail,BD4065,False,178.48437254157696,178.48437254157696,178.48437254157696,178.48437254157696,788671,3306563,94769006,0.0002689506541679218,24.756855291619246,5.184501048600391,13.57810452934276
Brahmanbaria,BD2012,Narayanganj,BD3067,False,57.41045342847746,57.41045342847746,57.41045342847746,57.41045342847746,3909138,3306563,5852078,0.10800030620559169,1186.0392137154715,4.0502264022232115,15.178827447298536
Brahmanbaria,BD2012,Narsingdi,BD3068,False,31.994518956100837,31.994518956100837,31.994518956100837,31.994518956100837,2584452,3306563,0,0.43871081638732884,2524.7437216280073,3.465564605507334,14.765024051188075
Brahmanbaria,BD2012,Natore,BD5069,False,208.05461368169603,208.05461368169603,208.05461368169603,208.05461368169603,1859922,3306563,112253312,0.00045323469188291685,42.96749447132088,5.337800611014342,14.436045109326196
Brahmanbaria,BD2012,Netrakona,BD4572,False,104.87747666912372,104.87747666912372,104.87747666912372,104.87747666912372,2324853,3306563,46009642,0.0030184745531460088,211.36400922652962,4.652792779947135,14.659167369198306
Brahmanbaria,BD2012,Nilphamari,BD5573,False,316.5174677994749,316.5174677994749,316.5174677994749,316.5174677994749,2092568,3306563,157045747,0.0002656287866558897,20.887391860417605,5.7573784305809586,14.553902577830893
Brahmanbaria,BD2012,Noakhali,BD2075,False,140.09092405532573,140.09092405532573,140.09092405532573,140.09092405532573,3625442,3306563,70281498,0.002109779887352379,184.73150216022046,4.942291669341067,15.103486769872411
Brahmanbaria,BD2012,Pabna,BD5076,False,172.85534539155046,172.85534539155046,172.85534539155046,172.85534539155046,2909624,3306563,90178681,0.0010676199809986017,97.38032998073126,5.15245509092013,14.8835344211774
Brahmanbaria,BD2012,Panchagarh,BD5577,False,361.9260593905326,361.9260593905326,361.9260593905326,361.9260593905326,1179843,3306563,160672210,0.00014404963249903694,9.007090193575776,5.891439935135451,13.98089193674234
Brahmanbaria,BD2012,Patuakhali,BD1078,False,208.0761855773756,208.0761855773756,208.0761855773756,208.0761855773756,1727254,3306563,114113234,0.0004082332608385817,39.894355322066744,5.337904289452647,14.362043422168306
Brahmanbaria,BD2012,Pirojpur,BD1079,False,193.16217222464977,193.16217222464977,193.16217222464977,193.16217222464977,1198195,3306563,107320820,0.00032025838867944954,32.11318207426282,5.263530106669225,13.996326815697198
Brahmanbaria,BD2012,Rajbari,BD3082,False,156.80834843688618,156.80834843688618,156.80834843688618,156.80834843688618,1189818,3306563,81629566,0.0005378124632778895,48.388501542024244,5.055024349081154,13.989310912214547
Brahmanbaria,BD2012,Rajshahi,BD5081,False,253.1474027587317,253.1474027587317,253.1474027587317,253.1474027587317,2915009,3306563,136096399,0.00048583070209450485,45.48759211053197,5.533971938670345,14.885383465240523
Brahmanbaria,BD2012,Rangamati,BD2084,False,174.6224242661534,174.6224242661534,174.6224242661534,174.6224242661534,647586,3306563,93088305,0.00022890673435985704,21.237208209526536,5.162626067381891,13.381006882269048
Brahmanbaria,BD2012,Rangpur,BD5585,False,265.21285998063075,265.21285998063075,265.21285998063075,265.21285998063075,3169614,3306563,143992589,0.0004728643490811287,45.06270094755983,5.580532748767364,14.9691203718778
Brahmanbaria,BD2012,Satkhira,BD4087,False,264.7819049660837,264.7819049660837,264.7819049660837,264.7819049660837,2196582,3306563,141796007,0.0003398199494837427,31.330751767385298,5.578906487007702,14.602413073820426
Brahmanbaria,BD2012,Shariatpur,BD3086,False,104.34721692242762,104.34721692242762,104.34721692242762,104.34721692242762,1294562,3306563,44715080,0.0018074778858842148,118.8943218454051,4.647723962563112,14.073682971966935
Brahmanbaria,BD2012,Sherpur,BD4589,False,161.8253433362355,161.8253433362355,161.8253433362355,161.8253433362355,1501853,3306563,86177090,0.0006099416755113243,57.35012280211297,5.086517626080709,14.22221023700936
Brahmanbaria,BD2012,Sirajganj,BD5088,False,158.22849177336153,158.22849177336153,158.22849177336153,158.22849177336153,3357706,3306563,82819384,0.0014405945027885071,134.1137449807009,5.064040138822741,15.026768560672359
Brahmanbaria,BD2012,Sunamganj,BD6090,False,112.76746442492116,112.76746442492116,112.76746442492116,112.76746442492116,2695496,3306563,55882396,0.002433286356746637,211.96837031208162,4.725327861509029,14.80709278991802
Brahmanbaria,BD2012,Sylhet,BD6091,False,141.12137485848203,141.12137485848203,141.12137485848203,141.12137485848203,3857123,3306563,73906940,0.0020374338051729513,193.67692917840662,4.949620334688929,15.16543212675189
Brahmanbaria,BD2012,Tangail,BD3093,False,118.8555793716962,118.8555793716962,118.8555793716962,118.8555793716962,4037608,3306563,60135917,0.0031184957911532304,285.814992082539,4.777909137354705,15.2111629953813
Brahmanbaria,BD2012,Thakurgaon,BD5594,False,357.04759477289446,357.04759477289446,357.04759477289446,357.04759477289446,1533895,3306563,159138315,0.0001904051885854485,12.032154728765114,5.877869091585073,14.243320810065981
Chandpur,BD2013,Bagerhat,BD4001,False,145.85777851764607,145.85777851764607,145.85777851764607,145.85777851764607,1613076,2635748,84111184,0.0005546880948726379,75.82207057206617,4.982632027203207,14.293653473170336
Chandpur,BD2013,Bandarban,BD2003,False,230.96775931987506,230.96775931987506,230.96775931987506,230.96775931987506,481106,2635748,133115972,6.856737954018054e-05,9.018577689544603,5.442278130737158,13.08384289902944
Chandpur,BD2013,Barguna,BD1004,False,142.50892331472517,142.50892331472517,142.50892331472517,142.50892331472517,1010531,2635748,69893580,0.0004993638274314151,49.758298724996024,4.959404617500628,13.825986493237492
Chandpur,BD2013,Barishal,BD1006,False,67.60528285988799,67.60528285988799,67.60528285988799,67.60528285988799,2570446,2635748,16272307,0.01668251580607378,562.4024658784439,4.21368612881037,14.759589982670962
Chandpur,BD2013,Bhola,BD1009,False,104.35767816962918,104.35767816962918,104.35767816962918,104.35767816962918,1932518,2635748,54125353,0.001528923422407439,177.4494802821693,4.647824211742277,14.474334373759973
Chandpur,BD2013,Bogura,BD5010,False,222.98676242832002,222.98676242832002,222.98676242832002,222.98676242832002,3734297,2635748,129381675,0.000549207108170323,75.10185977976845,5.4071124083901845,15.133070139288687
Chandpur,BD2013,Brahmanbaria,BD2012,False,81.98306443024269,81.98306443024269,81.98306443024269,81.98306443024269,3306563,2635748,41436244,0.004173843834885585,491.9585426840094,4.406512694595215,15.011419839295048
Chandpur,BD2013,Chandpur,BD2013,True,0.0,22.178885305111216,1.0,19.573345011379597,2635748,2635748,0,0.5,5358.268296426434,3.0991407239014728,14.784677570641602
Chandpur,BD2013,Chapainawabganj,BD5070,False,300.9358712526522,300.9358712526522,300.9358712526522,300.9358712526522,1835528,2635748,147967778,0.0002107334681380452,20.268102747296,5.706897189733237,14.422842736501666
Chandpur,BD2013,Chattogram,BD2015,False,142.80967135905573,142.80967135905573,142.80967135905573,142.80967135905573,9169465,2635748,70904111,0.003973476223934831,449.60254163999883,4.961512774216173,16.031389500109725
Chandpur,BD2013,Chuadanga,BD4018,False,199.6830317278166,199.6830317278166,199.6830317278166,199.6830317278166,1234054,2635748,117723629,0.00022225319122209862,30.94937195330929,5.296731267997577,14.025815242619684
Chandpur,BD2013,Cox's Bazar,BD2022,False,239.3251566667152,239.3251566667152,239.3251566667152,239.3251566667152,2823268,2635748,133597078,0.0003928115052096901,49.29188220300838,5.477823115451299,14.853405637196515
Chandpur,BD2013,Cumilla,BD2019,False,32.407636510510144,32.407636510510144,32.407636510510144,32.407636510510144,6212216,2635748,0,0.70210683497356,5914.960239816867,3.478394089795467,15.642028234056378
Chandpur,BD2013,Dhaka,BD3026,False,77.9234952381126,77.9234952381126,77.9234952381126,77.9234952381126,14734701,2635748,24117091,0.034991104641181395,2426.635118853,4.355727515080204,16.50571588212586
Chandpur,BD2013,Dinajpur,BD5527,False,330.1140315479784,330.1140315479784,330.1140315479784,330.1140315479784,3315236,2635748,152972920,0.00035334205062061353,30.421910252119236,5.799438144917214,15.014039370621646
Chandpur,BD2013,Faridpur,BD3029,False,97.84337252938033,97.84337252938033,97.84337252938033,97.84337252938033,2162879,2635748,51301314,0.0018840239475876861,225.92765587807986,4.583367960627244,14.586950762547518
Chandpur,BD2013,Feni,BD2030,False,72.32338722933686,72.32338722933686,72.32338722933686,72.32338722933686,1648896,2635748,18842753,0.008749161360681408,315.2359568172975,4.281147551675957,14.315616531026453
Chandpur,BD2013,Gaibandha,BD5532,False,259.1325695817329,259.1325695817329,259.1325695817329,259.1325695817329,2562233,2635748,139335355,0.0003291201882076563,38.157034719472485,5.557339782415079,14.756389701878161
Chandpur,BD2013,Gazipur,BD3033,False,97.54318330488293,97.54318330488293,97.54318330488293,97.54318330488293,5263450,2635748,46037864,0.005284373733593636,553.1929700747633,4.580295185641134,15.476297263245858
Chandpur,BD2013,Gopalganj,BD3035,False,91.01566559748807,91.01566559748807,91.01566559748807,91.01566559748807,1295057,2635748,44742807,0.001480189715833255,156.33513204707197,4.511031641123784,14.07406526759114
Chandpur,BD2013,Habiganj,BD6036,False,138.9604530649701,138.9604530649701,138.9604530649701,138.9604530649701,2358886,2635748,67534694,0.0012216392359789615,122.15873028753627,4.934189382325995,14.673700031660417
Chandpur,BD2013,Jamalpur,BD4539,False,210.99766081908342,210.99766081908342,210.99766081908342,210.99766081908342,2499738,2635748,120817605,0.00042372750715491744,56.148636058038825,5.351847047249133,14.731696484346525
Chandpur,BD2013,Jashore,BD4041,False,164.44729346576727,164.44729346576727,164.44729346576727,164.44729346576727,3076144,2635748,94884236,0.0008264863041894052,113.75047046210314,5.102590114401529,14.939187422556142
Chandpur,BD2013,Jhalokati,BD1042,False,98.41739188268723,98.41739188268723,98.41739188268723,98.41739188268723,661160,2635748,53464193,0.0005472644546527373,68.25946300898595,4.589217535215614,13.40175114703129
Chandpur,BD2013,Jhenaidah,BD4044,False,173.4916094510266,173.4916094510266,173.4916094510266,173.4916094510266,2005849,2635748,104227710,0.0004544304663499129,66.64096610209934,5.1561292377046914,14.511577970493308
Chandpur,BD2013,Joypurhat,BD5038,False,265.0226159165707,265.0226159165707,265.0226159165707,265.0226159165707,956431,2635748,141897588,0.00011988284878271347,13.617198595351784,5.5798151654261074,13.770963927257238
Chandpur,BD2013,Khagrachhari,BD2046,False,121.30751380730909,121.30751380730909,121.30751380730909,121.30751380730909,714119,2635748,58814091,0.0004927368764349881,48.52831189482145,4.798328758032453,13.478804894101042
Chandpur,BD2013,Khulna,BD4047,False,162.3043600383801,162.3043600383801,162.3043600383801,162.3043600383801,2613385,2635748,92270851,0.0007442472656276664,99.20716082426252,5.089473338228598,14.776156873871212
Chandpur,BD2013,Kishoreganj,BD3048,False,123.83933214837288,123.83933214837288,123.83933214837288,123.83933214837288,3267626,2635748,60316881,0.002066005665995535,213.06648462434265,4.81898501696813,14.999574285328466
Chandpur,BD2013,Kurigram,BD5549,False,300.4624748003047,300.4624748003047,300.4624748003047,300.4624748003047,2329160,2635748,145638618,0.0002749172513525912,25.799948734973803,5.705322870305091,14.66101824551926
Chandpur,BD2013,Kushtia,BD4050,False,192.2956244367744,192.2956244367744,192.2956244367744,192.2956244367744,2149692,2635748,110681859,0.00043303572259672574,58.134967730046945,5.259033898496935,14.580835134027797
Chandpur,BD2013,Lakshmipur,BD2051,False,43.33124103271472,43.33124103271472,43.33124103271472,43.33124103271472,1937948,2635748,7506778,0.04168846464297261,1032.1429828986595,3.76887387676134,14.477140239287523
Chandpur,BD2013,Lalmonirhat,BD5552,False,346.804491731008,346.804491731008,346.804491731008,346.804491731008,1428406,2635748,156288156,0.00014773762248188304,11.876329501595114,5.848761196757367,14.172069695197669
Chandpur,BD2013,Madaripur,BD3054,False,62.2125242028285,62.2125242028285,62.2125242028285,62.2125242028285,1293027,2635748,14979280,0.01023248895322983,334.08113170241484,4.130556333219413,14.07249653920651
Chandpur,BD2013,Magura,BD4055,False,137.81034078970714,137.81034078970714,137.81034078970714,137.81034078970714,1033115,2635748,66501579,0.0005612879981752425,54.398265685968845,4.925878397779338,13.848089068139739
Chandpur,BD2013,Manikganj,BD3056,False,105.03327956919495,105.03327956919495,105.03327956919495,105.03327956919495,1558025,2635748,56057871,0.0011612307235224007,141.22792223670817,4.654277248218076,14.258929551497186
Chandpur,BD2013,Meherpur,BD4057,False,218.21757748167045,218.21757748167045,218.21757748167045,218.21757748167045,705356,2635748,124819196,0.00011381566723848502,14.812518459175479,5.385492626899044,13.466457918881725
Chandpur,BD2013,Moulvibazar,BD6058,False,177.61424262196311,177.61424262196311,177.61424262196311,177.61424262196311,2123447,2635748,106233559,0.0004631751229663139,67.31097001373482,5.179614022286113,14.568551269629545
Chandpur,BD2013,Munshiganj,BD3059,False,45.70990192781261,45.70990192781261,45.70990192781261,45.70990192781261,1625416,2635748,9444726,0.025874811772907142,777.9361468568079,3.8223149468111086,14.301274340983566
Chandpur,BD2013,Mymensingh,BD4561,False,162.28361935058976,162.28361935058976,162.28361935058976,162.28361935058976,5899005,2635748,86371846,0.001840598982832301,223.9903942590987,5.089345541211237,15.590294250586142
Chandpur,BD2013,Naogaon,BD5064,False,273.33637626806893,273.33637626806893,273.33637626806893,273.33637626806893,2784599,2635748,142854019,0.0003402264114100043,37.2707213087766,5.610703184216279,14.839614435339252
Chandpur,BD2013,Narail,BD4065,False,122.74658787565784,122.74658787565784,122.74658787565784,122.74658787565784,788671,2635748,59528210,0.000531186742749095,52.3452182628181,4.810121968941294,13.57810452934276
Chandpur,BD2013,Narayanganj,BD3067,False,53.73346400673821,53.73346400673821,53.73346400673821,53.73346400673821,3909138,2635748,11070142,0.04267704177095953,1353.9147646580975,3.984035973288649,15.178827447298536
Chandpur,BD2013,Narsingdi,BD3068,False,81.03109752922448,81.03109752922448,81.03109752922448,81.03109752922448,2584452,2635748,38851792,0.0037255636843564763,393.6090071644846,4.394833001107852,14.765024051188075
Chandpur,BD2013,Natore,BD5069,False,210.92975211689358,210.92975211689358,210.92975211689358,210.92975211689358,1859922,2635748,118957683,0.0003265770142304914,41.80411626626637,5.351525149687163,14.436045109326196
Chandpur,BD2013,Netrakona,BD4572,False,177.75751153235052,177.75751153235052,177.75751153235052,177.75751153235052,2324853,2635748,108357006,0.00048720009160753766,73.57657610764088,5.180420326762901,14.659167369198306
Chandpur,BD2013,Nilphamari,BD5573,False,358.0555008936774,358.0555008936774,358.0555008936774,358.0555008936774,2092568,2635748,157716562,0.00021173966537782222,16.32220691784949,5.880688004813992,14.553902577830893
Chandpur,BD2013,Noakhali,BD2075,False,73.94605484854529,73.94605484854529,73.94605484854529,73.94605484854529,3625442,2635748,20491649,0.015444299532074154,663.0265881771785,4.3033358388296525,15.103486769872411
Chandpur,BD2013,Pabna,BD5076,False,165.6222471969818,165.6222471969818,165.6222471969818,165.6222471969818,2909624,2635748,97960380,0.0007365377422115492,106.0716988148384,5.109709575904893,14.8835344211774
Chandpur,BD2013,Panchagarh,BD5577,False,401.5606451601606,401.5606451601606,401.5606451601606,401.5606451601606,1179843,2635748,161343025,0.00011482573619800124,7.316812628131353,5.995358568456562,13.98089193674234
Chandpur,BD2013,Patuakhali,BD1078,False,126.29250317859763,126.29250317859763,126.29250317859763,126.29250317859763,1727254,2635748,63584507,0.0010118023974213348,108.29316946186523,4.838600670338975,14.362043422168306
Chandpur,BD2013,Pirojpur,BD1079,False,114.5166858643225,114.5166858643225,114.5166858643225,114.5166858643225,1198195,2635748,57615896,0.0008529856753372477,91.36712534284905,4.740720540449676,13.996326815697198
Chandpur,BD2013,Rajbari,BD3082,False,133.2687302706366,133.2687302706366,133.2687302706366,133.2687302706366,1189818,2635748,65311761,0.0006675722814426831,66.99216525853701,4.8923676180504625,13.989310912214547
Chandpur,BD2013,Rajshahi,BD5081,False,253.025388588865,253.025388588865,253.025388588865,253.025388588865,2915009,2635748,136420346,0.00038918294758808934,45.53147283741495,5.533489833846397,14.885383465240523
Chandpur,BD2013,Rangamati,BD2084,False,162.03704629442174,162.03704629442174,162.03704629442174,162.03704629442174,647586,2635748,85724260,0.00021702937953123073,24.66430119485453,5.087824989918673,13.381006882269048
Chandpur,BD2013,Rangpur,BD5585,False,306.4630862247737,306.4630862247737,306.4630862247737,306.4630862247737,3169614,2635748,149803306,0.0003521926042627152,33.74815497959315,5.725097311662442,14.9691203718778
Chandpur,BD2013,Satkhira,BD4087,False,194.61816410861218,194.61816410861218,194.61816410861218,194.61816410861218,2196582,2635748,115527047,0.00040709017397369036,57.9936813019763,5.271039506139054,14.602413073820426
Chandpur,BD2013,Shariatpur,BD3086,False,37.16023211915023,37.16023211915023,37.16023211915023,37.16023211915023,1294562,2635748,6212216,0.03802220191527813,937.4886500492847,3.6152391604048755,14.073682971966935
Chandpur,BD2013,Sherpur,BD4589,False,213.16784597164244,213.16784597164244,213.16784597164244,213.16784597164244,1501853,2635748,123317343,0.000246584512334789,33.05095652751834,5.362079864649679,14.22221023700936
Chandpur,BD2013,Sirajganj,BD5088,False,172.19155826968674,172.19155826968674,172.19155826968674,172.19155826968674,3357706,2635748,100870004,0.0008001157952098936,113.24497864862309,5.148607567967853,15.026768560672359
Chandpur,BD2013,Sunamganj,BD6090,False,194.12082377593586,194.12082377593586,194.12082377593586,194.12082377593586,2695496,2635748,112831551,0.000520718269487732,71.53102370578384,5.268480768170789,14.80709278991802
Chandpur,BD2013,Sylhet,BD6091,False,220.7402054895729,220.7402054895729,220.7402054895729,220.7402054895729,3857123,2635748,125524552,0.0006008728865902038,79.15905542928306,5.396986469256568,15.16543212675189
Chandpur,BD2013,Tangail,BD3093,False,143.76629455945474,143.76629455945474,143.76629455945474,143.76629455945474,4037608,2635748,80073576,0.0014832673692219869,195.348460737766,4.968189026710519,15.2111629953813
Chandpur,BD2013,Thakurgaon,BD5594,False,389.0448431081073,389.0448431081073,389.0448431081073,389.0448431081073,1533895,2635748,159809130,0.0001517769644805554,10.134359492165999,5.963694614887331,14.243320810065981
Chapainawabganj,BD5070,Bagerhat,BD4001,False,301.10159660524187,301.10159660524187,301.10159660524187,301.10159660524187,1613076,1835528,118083551,0.00020315913741641574,17.792161534399273,5.707447738048328,14.293653473170336
Chapainawabganj,BD5070,Bandarban,BD2003,False,529.0873121961578,529.0873121961578,529.0873121961578,529.0873121961578,481106,1835528,160018714,3.360969755615431e-05,1.7186446048376252,6.27115346964932,13.08384289902944
Chapainawabganj,BD5070,Barguna,BD1004,False,343.2477441073667,343.2477441073667,343.2477441073667,343.2477441073667,1010531,1835528,133562333,0.00010042868168507385,8.576977239148754,5.838452472470232,13.825986493237492
Chapainawabganj,BD5070,Barishal,BD1006,False,299.2157807067837,299.2157807067837,299.2157807067837,299.2157807067837,2570446,1835528,111679162,0.00035804764079877527,28.71041667444498,5.701164987713415,14.759589982670962
Chapainawabganj,BD5070,Bhola,BD1009,False,365.23427793643776,365.23427793643776,365.23427793643776,365.23427793643776,1932518,1835528,136300118,0.00018333245855872512,14.487067627211358,5.900539005040262,14.474334373759973
Chapainawabganj,BD5070,Bogura,BD5010,False,113.19084426433582,113.19084426433582,113.19084426433582,113.19084426433582,3734297,1835528,9221317,0.04191186066249426,291.46489694840784,4.729075281440929,15.133070139288687
Chapainawabganj,BD5070,Brahmanbaria,BD2012,False,297.96384247503937,297.96384247503937,297.96384247503937,297.96384247503937,3306563,1835528,108372599,0.00048514563307336053,37.24342983350415,5.696972145167464,15.011419839295048
Chapainawabganj,BD5070,Chandpur,BD2013,False,300.9358712526522,300.9358712526522,300.9358712526522,300.9358712526522,2635748,1835528,115447803,0.00034398564803845563,29.104220300632804,5.706897189733237,14.784677570641602
Chapainawabganj,BD5070,Chapainawabganj,BD5070,True,0.0,22.295133480067,1.0,21.07799022507237,1835528,1835528,0,0.5,3692.673078849359,3.1043684250571224,14.422842736501666
Chapainawabganj,BD5070,Chattogram,BD2015,False,442.94512255788425,442.94512255788425,442.94512255788425,442.94512255788425,9169465,1835528,150201663,0.0006867081545619103,46.73520471940777,6.09344588552726,16.031389500109725
Chapainawabganj,BD5070,Chuadanga,BD4018,False,136.64203672744702,136.64203672744702,136.64203672744702,136.64203672744702,1234054,1835528,21330166,0.004007416864820742,66.09452875395137,4.917364635721375,14.025815242619684
Chapainawabganj,BD5070,Cox's Bazar,BD2022,False,529.265236973704,529.265236973704,529.265236973704,529.265236973704,2823268,1835528,160499820,0.0001932852833312505,10.078719677964072,6.271489699347755,14.853405637196515
Chapainawabganj,BD5070,Cumilla,BD2019,False,315.09575622183166,315.09575622183166,315.09575622183166,315.09575622183166,6212216,1835528,123053283,0.000696430747291905,62.56932066700658,5.752876580636456,15.642028234056378
Chapainawabganj,BD5070,Dhaka,BD3026,False,226.3392698389087,226.3392698389087,226.3392698389087,226.3392698389087,14734701,1835528,65970350,0.00483245130385117,287.6216056427365,5.422035067584499,16.50571588212586
Chapainawabganj,BD5070,Dinajpur,BD5527,False,114.45890143452381,114.45890143452381,114.45890143452381,114.45890143452381,3315236,1835528,12955614,0.02272177078299914,253.0552216683207,4.740215819123643,15.014039370621646
Chapainawabganj,BD5070,Faridpur,BD3029,False,210.8580365755843,210.8580365755843,210.8580365755843,210.8580365755843,2162879,1835528,57119795,0.0011017920774159175,48.64653452701635,5.351185094598216,14.586950762547518
Chapainawabganj,BD5070,Feni,BD2030,False,372.7051252002308,372.7051252002308,372.7051252002308,372.7051252002308,1648896,1835528,143981525,0.00014075188230823428,11.870322945984016,5.9207875579340765,14.315616531026453
Chapainawabganj,BD5070,Gaibandha,BD5532,False,140.92621109663125,140.92621109663125,140.92621109663125,140.92621109663125,2562233,1835528,25921926,0.005588243115708134,129.01347370056834,4.94823642783975,14.756389701878161
Chapainawabganj,BD5070,Gazipur,BD3033,False,231.2489691942973,231.2489691942973,231.2489691942973,231.2489691942973,5263450,1835528,80705051,0.0013330595791706734,98.42623905327409,5.443494918844426,15.476297263245858
Chapainawabganj,BD5070,Gopalganj,BD3035,False,244.3141378897532,244.3141378897532,244.3141378897532,244.3141378897532,1295057,1835528,85968501,0.0003038520732634433,21.69660013307318,5.49845484760746,14.07406526759114
Chapainawabganj,BD5070,Habiganj,BD6036,False,322.57826024646613,322.57826024646613,322.57826024646613,322.57826024646613,2358886,1835528,129265499,0.0002474634341162621,22.66922965668844,5.776345774227751,14.673700031660417
Chapainawabganj,BD5070,Jamalpur,BD4539,False,162.1903617177874,162.1903617177874,162.1903617177874,162.1903617177874,2499738,1835528,37286085,0.002817880556551843,95.02642862197227,5.0887707177072805,14.731696484346525
Chapainawabganj,BD5070,Jashore,BD4041,False,203.1114897704943,203.1114897704943,203.1114897704943,203.1114897704943,3076144,1835528,54043651,0.0017139361376936233,74.56545607043499,5.313755038972882,14.939187422556142
Chapainawabganj,BD5070,Jhalokati,BD1042,False,308.24495651917067,308.24495651917067,308.24495651917067,308.24495651917067,661160,1835528,119696627,8.172010932561758e-05,6.958483665961242,5.730894780253409,13.40175114703129
Chapainawabganj,BD5070,Jhenaidah,BD4044,False,159.94755354191386,159.94755354191386,159.94755354191386,159.94755354191386,2005849,1835528,33187668,0.002838971050964985,78.40486885902408,5.074845971135785,14.511577970493308
Chapainawabganj,BD5070,Joypurhat,BD5038,False,92.61474049931978,92.61474049931978,92.61474049931978,92.61474049931978,956431,1835528,7559530,0.01805146141590401,111.50476216345533,4.528448313641482,13.770963927257238
Chapainawabganj,BD5070,Khagrachhari,BD2046,False,412.5765318230992,412.5765318230992,412.5765318230992,412.5765318230992,714119,1835528,149487544,5.69739874521819e-05,4.195285746557991,6.0224217202582215,13.478804894101042
Chapainawabganj,BD5070,Khulna,BD4047,False,277.2246829223135,277.2246829223135,277.2246829223135,277.2246829223135,2613385,1835528,105759214,0.0004045383863700142,34.00475132499156,5.62482830708288,14.776156873871212
Chapainawabganj,BD5070,Kishoreganj,BD3048,False,273.51217438635405,273.51217438635405,273.51217438635405,273.51217438635405,3267626,1835528,100295006,0.0005571918109499003,43.679636826677324,5.6113461341669755,14.999574285328466
Chapainawabganj,BD5070,Kurigram,BD5549,False,187.14528191222436,187.14528191222436,187.14528191222436,187.14528191222436,2329160,1835528,50156466,0.0015137525075255114,66.50304910685752,5.231885223838824,14.66101824551926
Chapainawabganj,BD5070,Kushtia,BD4050,False,116.90311030345896,116.90311030345896,116.90311030345896,116.90311030345896,2149692,1835528,16270850,0.010758469232423533,157.2983286419018,4.761345474654948,14.580835134027797
Chapainawabganj,BD5070,Lakshmipur,BD2051,False,332.6318174291107,332.6318174291107,332.6318174291107,332.6318174291107,1937948,1835528,131624385,0.00019685229963951745,17.515177476548796,5.807036224928811,14.477140239287523
Chapainawabganj,BD5070,Lalmonirhat,BD5552,False,178.8114730332944,178.8114730332944,178.8114730332944,178.8114730332944,1428406,1835528,42155484,0.0013122215381590203,44.67462379719763,5.186332027533687,14.172069695197669
Chapainawabganj,BD5070,Madaripur,BD3054,False,255.02516915361076,255.02516915361076,255.02516915361076,255.02516915361076,1293027,1835528,87263558,0.00029468960720353945,19.881150136524013,5.541362242850828,14.07249653920651
Chapainawabganj,BD5070,Magura,BD4055,False,184.71331814505825,184.71331814505825,184.71331814505825,184.71331814505825,1033115,1835528,47621498,0.000759407881468003,30.279747361462288,5.2188049915090176,13.848089068139739
Chapainawabganj,BD5070,Manikganj,BD3056,False,196.42252729925536,196.42252729925536,196.42252729925536,196.42252729925536,1558025,1835528,52485626,0.0009421421452159476,40.38237270540492,5.280268090459067,14.258929551497186
Chapainawabganj,BD5070,Meherpur,BD4057,False,111.88727500652259,111.88727500652259,111.88727500652259,111.88727500652259,705356,1835528,8515961,0.011311894142704117,56.343908656812204,4.717491891304834,13.466457918881725
Chapainawabganj,BD5070,Moulvibazar,BD6058,False,370.07247588466197,370.07247588466197,370.07247588466197,370.07247588466197,2123447,1835528,141858078,0.00018601873179585393,15.504860186248742,5.913698867225494,14.568551269629545
Chapainawabganj,BD5070,Munshiganj,BD3059,False,255.44834511965868,255.44834511965868,255.44834511965868,255.44834511965868,1625416,1835528,88556585,0.00035869426997727394,24.90911762339058,5.543020217461279,14.301274340983566
Chapainawabganj,BD5070,Mymensingh,BD4561,False,218.65349575859162,218.65349575859162,218.65349575859162,218.65349575859162,5899005,1835528,59282674,0.002643521727671612,123.38600819750243,5.387488265650592,15.590294250586142
Chapainawabganj,BD5070,Naogaon,BD5064,False,53.28328787886752,53.28328787886752,53.28328787886752,53.28328787886752,2784599,1835528,2915009,0.14278739698264314,980.8003948942155,3.975622733766389,14.839614435339252
Chapainawabganj,BD5070,Narail,BD4065,False,221.30847928215155,221.30847928215155,221.30847928215155,221.30847928215155,788671,1835528,65181679,0.0003185687837431553,16.102739376674283,5.399557562103143,13.57810452934276
Chapainawabganj,BD5070,Narayanganj,BD3067,False,259.2967860408487,259.2967860408487,259.2967860408487,259.2967860408487,3909138,1835528,90182001,0.0008128905862113168,58.141567285748,5.557973297715966,15.178827447298536
Chapainawabganj,BD5070,Narsingdi,BD3068,False,266.2507028569559,266.2507028569559,266.2507028569559,266.2507028569559,2584452,1835528,96415992,0.00047882268494116027,36.45750506269027,5.584438356858483,14.765024051188075
Chapainawabganj,BD5070,Natore,BD5069,False,91.18787130922873,91.18787130922873,91.18787130922873,91.18787130922873,1859922,1835528,5699608,0.048224216963866244,223.6766121390452,4.512921898205941,14.436045109326196
Chapainawabganj,BD5070,Netrakona,BD4572,False,261.05864179143987,261.05864179143987,261.05864179143987,261.05864179143987,2324853,1835528,94091139,0.0004527702453782952,34.11295563026599,5.56474506327891,14.659167369198306
Chapainawabganj,BD5070,Nilphamari,BD5573,False,160.16823705077994,160.16823705077994,160.16823705077994,160.16823705077994,2092568,1835528,35193517,0.0026514371036535254,81.56931006387944,5.076224744381664,14.553902577830893
Chapainawabganj,BD5070,Noakhali,BD2075,False,367.90861618945115,367.90861618945115,367.90861618945115,367.90861618945115,3625442,1835528,138232636,0.0003306321611987254,26.784345838514895,5.9078345817588875,15.103486769872411
Chapainawabganj,BD5070,Pabna,BD5076,False,135.35560297590175,135.35560297590175,135.35560297590175,135.35560297590175,2909624,1835528,18420542,0.01138144436048566,158.81239475285832,4.907905411405223,14.8835344211774
Chapainawabganj,BD5070,Panchagarh,BD5577,False,177.28809907872918,177.28809907872918,177.28809907872918,177.28809907872918,1179843,1835528,40975641,0.0011499109096274618,37.537474772147206,5.177776087751894,13.98089193674234
Chapainawabganj,BD5070,Patuakhali,BD1078,False,355.2949753249438,355.2949753249438,355.2949753249438,355.2949753249438,1727254,1835528,134572864,0.00016825592575534157,13.682897570034802,5.872948360863778,14.362043422168306
Chapainawabganj,BD5070,Pirojpur,BD1079,False,299.8094265571746,299.8094265571746,299.8094265571746,299.8094265571746,1198195,1835528,114249608,0.00016153833799225145,13.330208289808395,5.70314702799331,13.996326815697198
Chapainawabganj,BD5070,Rajbari,BD3082,False,171.40344147997212,171.40344147997212,171.40344147997212,171.40344147997212,1189818,1835528,39785823,0.0012256551342227876,40.498735159605324,5.144020084608385,13.989310912214547
Chapainawabganj,BD5070,Rajshahi,BD5081,False,48.023188267662476,48.023188267662476,48.023188267662476,48.023188267662476,2915009,1835528,0,0.613616734276567,1263.973360467541,3.871683983167645,14.885383465240523
Chapainawabganj,BD5070,Rangamati,BD2084,False,459.2344618638718,459.2344618638718,459.2344618638718,459.2344618638718,647586,1835528,159371128,4.555661106356643e-05,3.0706372171921483,6.129560889802387,13.381006882269048
Chapainawabganj,BD5070,Rangpur,BD5585,False,142.7147567957355,142.7147567957355,142.7147567957355,142.7147567957355,3169614,1835528,30018054,0.005214988306826176,155.62114735491357,4.960847930458812,14.9691203718778
Chapainawabganj,BD5070,Satkhira,BD4087,False,274.28780757444326,274.28780757444326,274.28780757444326,274.28780757444326,2196582,1835528,103562632,0.0003555366340658521,29.19674347955119,5.614177947719217,14.602413073820426
Chapainawabganj,BD5070,Shariatpur,BD3086,False,272.2331688995483,272.2331688995483,272.2331688995483,272.2331688995483,1294562,1835528,99000444,0.00023073462791461065,17.46790324479566,5.606658937678116,14.073682971966935
Chapainawabganj,BD5070,Sherpur,BD4589,False,187.08523437423435,187.08523437423435,187.08523437423435,187.08523437423435,1501853,1835528,48654613,0.0010501356033472665,42.909000826571216,5.231564311802567,14.22221023700936
Chapainawabganj,BD5070,Sirajganj,BD5088,False,139.80239832248822,139.80239832248822,139.80239832248822,139.80239832248822,3357706,1835528,22564220,0.009099943813066957,171.7961484678864,4.940229985035163,15.026768560672359
Chapainawabganj,BD5070,Sunamganj,BD6090,False,312.0022107129114,312.0022107129114,312.0022107129114,312.0022107129114,2695496,1835528,120357787,0.0003242117329655588,27.690025085206944,5.743010273402685,14.80709278991802
Chapainawabganj,BD5070,Sylhet,BD6091,False,376.43939661877465,376.43939661877465,376.43939661877465,376.43939661877465,3857123,1835528,145630421,0.0003172689730361492,27.21907429819728,5.93075706912769,15.16543212675189
Chapainawabganj,BD5070,Tangail,BD3093,False,179.943385441569,179.943385441569,179.943385441569,179.943385441569,4037608,1835528,43583890,0.003299252874561721,124.6959586022182,5.19264227609213,15.2111629953813
Chapainawabganj,BD5070,Thakurgaon,BD5594,False,141.9944023164478,141.9944023164478,141.9944023164478,141.9944023164478,1533895,1835528,28484159,0.0029152355763359594,76.07696589832977,4.955787636517554,14.243320810065981
Chattogram,BD2015,Bagerhat,BD4001,False,215.49942271707764,215.49942271707764,215.49942271707764,215.49942271707764,1613076,9169465,45134648,0.004871029631161766,34.734624431898936,5.3729582307331505,14.293653473170336
Chattogram,BD2015,Bandarban,BD2003,False,89.31944897815583,89.31944897815583,89.31944897815583,89.31944897815583,481106,9169465,6636043,0.017137422658615405,60.304358613894195,4.492219257877199,13.08384289902944
Chattogram,BD2015,Barguna,BD1004,False,179.50334094742743,179.50334094742743,179.50334094742743,179.50334094742743,1010531,9169465,28912269,0.006224236538837438,31.362059077515404,5.19019382027561,13.825986493237492
Chattogram,BD2015,Barishal,BD1006,False,158.57906875143803,158.57906875143803,158.57906875143803,158.57906875143803,2570446,9169465,24386101,0.01944320661296672,102.21550022328795,5.066253325405759,14.759589982670962
Chattogram,BD2015,Bhola,BD1009,False,113.82960344250665,113.82960344250665,113.82960344250665,113.82960344250665,1932518,9169465,11878365,0.03663562596831532,149.14651226889916,4.734702623561459,14.474334373759973
Chattogram,BD2015,Bogura,BD5010,False,364.2312369651238,364.2312369651238,364.2312369651238,364.2312369651238,3734297,9169465,126152332,0.001819680203547012,28.148449542013232,5.897788932328168,15.133070139288687
Chattogram,BD2015,Brahmanbaria,BD2012,False,184.58332895723956,184.58332895723956,184.58332895723956,184.58332895723956,3306563,9169465,29922800,0.018292628432123835,97.04917621528871,5.218101008983278,15.011419839295048
Chattogram,BD2015,Chandpur,BD2013,False,142.80967135905573,142.80967135905573,142.80967135905573,142.80967135905573,2635748,9169465,20023099,0.026011298630525283,129.23752911675257,4.961512774216173,14.784677570641602
Chattogram,BD2015,Chapainawabganj,BD5070,False,442.94512255788425,442.94512255788425,442.94512255788425,442.94512255788425,1835528,9169465,141434061,0.0007331175667857552,9.35537426100706,6.09344588552726,14.422842736501666
Chattogram,BD2015,Chattogram,BD2015,True,0.0,47.10293366644002,1.0,33.96387249725103,9169465,9169465,0,0.5,4132.835161100368,3.852335284994363,16.031389500109725
Chattogram,BD2015,Chuadanga,BD4018,False,331.9267453430412,331.9267453430412,331.9267453430412,331.9267453430412,1234054,9169465,118351409,0.0006891805625780645,11.200816154605182,5.804914298013351,14.025815242619684
Chattogram,BD2015,Cox's Bazar,BD2022,False,109.28270675551538,109.28270675551538,109.28270675551538,109.28270675551538,2823268,9169465,7117149,0.08317777406330532,236.40095095585968,4.693938164508371,14.853405637196515
Chattogram,BD2015,Cumilla,BD2019,False,137.56630792379246,137.56630792379246,137.56630792379246,137.56630792379246,6212216,9169465,13810883,0.08491055955790187,328.2633404327586,4.924106040312317,15.642028234056378
Chattogram,BD2015,Dhaka,BD3026,False,220.3418508342636,220.3418508342636,220.3418508342636,220.3418508342636,14734701,9169465,49106610,0.03175470384064712,303.4920654210644,5.39518020777799,16.50571588212586
Chattogram,BD2015,Dinajpur,BD5527,False,470.413548682754,470.413548682754,470.413548682754,470.413548682754,3315236,9169465,146439203,0.0012292364695691484,14.981483022244214,6.153612198641475,15.014039370621646
Chattogram,BD2015,Faridpur,BD3029,False,234.52474384603016,234.52474384603016,234.52474384603016,234.52474384603016,2162879,9169465,74495834,0.0027618555498275235,39.323746104201135,5.457561099786838,14.586950762547518
Chattogram,BD2015,Feni,BD2030,False,75.4810351492006,75.4810351492006,75.4810351492006,75.4810351492006,1648896,9169465,647586,0.1343217324087543,289.41268976778866,4.323881434624655,14.315616531026453
Chattogram,BD2015,Gaibandha,BD5532,False,396.05017224128113,396.05017224128113,396.05017224128113,396.05017224128113,2562233,9169465,132801638,0.0011449713882220596,16.334964964878242,5.981540900808013,14.756389701878161
Chattogram,BD2015,Gazipur,BD3033,False,232.40609534820985,232.40609534820985,232.40609534820985,232.40609534820985,5263450,9169465,65964758,0.007989750552996016,97.44857064898466,5.448486252466041,15.476297263245858
Chattogram,BD2015,Gopalganj,BD3035,False,211.59772679482302,211.59772679482302,211.59772679482302,211.59772679482302,1295057,9169465,43839591,0.00412524822587728,28.92456845754251,5.35468695699082,14.07406526759114
Chattogram,BD2015,Habiganj,BD6036,False,217.9646482809807,217.9646482809807,217.9646482809807,217.9646482809807,2358886,9169465,46747724,0.006637664931072753,49.65178095700686,5.384332885790398,14.673700031660417
Chattogram,BD2015,Jamalpur,BD4539,False,346.5428093447068,346.5428093447068,346.5428093447068,346.5428093447068,2499738,9169465,121087316,0.0013255078122592532,20.815205776395146,5.848006358890918,14.731696484346525
Chattogram,BD2015,Jashore,BD4041,False,282.01387027926967,282.01387027926967,282.01387027926967,282.01387027926967,3076144,9169465,92590928,0.002643986397959715,38.67815275457478,5.641956255116034,14.939187422556142
Chattogram,BD2015,Jhalokati,BD1042,False,170.14242697455242,170.14242697455242,170.14242697455242,170.14242697455242,661160,9169465,26956547,0.004561777968317504,22.83922295540402,5.1366358920196005,13.40175114703129
Chattogram,BD2015,Jhenaidah,BD4044,False,304.3202169778325,304.3202169778325,304.3202169778325,304.3202169778325,2005849,9169465,107928538,0.0013187635572796449,21.658911487205465,5.718080492349123,14.511577970493308
Chattogram,BD2015,Joypurhat,BD5038,False,406.41240445839367,406.41240445839367,406.41240445839367,406.41240445839367,956431,9169465,135363871,0.0004170586816392856,5.790548909404569,6.007368418579942,13.770963927257238
Chattogram,BD2015,Khagrachhari,BD2046,False,81.083135192746,81.083135192746,81.083135192746,81.083135192746,714119,9169465,5921924,0.027452184727388126,108.61993092165213,4.395474988728989,13.478804894101042
Chattogram,BD2015,Khulna,BD4047,False,245.26201785024512,245.26201785024512,245.26201785024512,245.26201785024512,2613385,9169465,77447384,0.003100508873758326,43.445299953800024,5.5023270996923745,14.776156873871212
Chattogram,BD2015,Kishoreganj,BD3048,False,233.40635238810128,233.40635238810128,233.40635238810128,233.40635238810128,3267626,9169465,71228208,0.0044543823609554676,59.98007434855416,5.452780936226308,14.999574285328466
Chattogram,BD2015,Kurigram,BD5549,False,431.03862914890334,431.03862914890334,431.03862914890334,431.03862914890334,2329160,9169465,139104901,0.0009564055873982595,12.536229595173266,6.066197712883106,14.66101824551926
Chattogram,BD2015,Kushtia,BD4050,False,331.21769463481326,331.21769463481326,331.21769463481326,331.21769463481326,2149692,9169465,116201717,0.0012329379952064352,19.595176523307103,5.802775846913746,14.580835134027797
Chattogram,BD2015,Lakshmipur,BD2051,False,112.1072320895542,112.1072320895542,112.1072320895542,112.1072320895542,1937948,9169465,9940417,0.044179498739871335,154.1966219640919,4.719455842622954,14.477140239287523
Chattogram,BD2015,Lalmonirhat,BD5552,False,481.02150883839727,481.02150883839727,481.02150883839727,481.02150883839727,1428406,9169465,149754439,0.0005139622446951831,6.173375204703011,6.175911986025734,14.172069695197669
Chattogram,BD2015,Madaripur,BD3054,False,191.5386087877015,191.5386087877015,191.5386087877015,191.5386087877015,1293027,9169465,36052974,0.005636379581503394,35.24479073147992,5.255089400768053,14.07249653920651
Chattogram,BD2015,Magura,BD4055,False,269.792394262218,269.792394262218,269.792394262218,269.792394262218,1033115,9169465,81618794,0.0011363685067659497,14.193492173968252,5.59765275309542,13.848089068139739
Chattogram,BD2015,Manikganj,BD3056,False,247.77261980739613,247.77261980739613,247.77261980739613,247.77261980739613,1558025,9169465,80060769,0.0017635050163576987,25.37860792614475,5.512511469980447,14.258929551497186
Chattogram,BD2015,Meherpur,BD4057,False,353.3090366501073,353.3090366501073,353.3090366501073,353.3090366501073,705356,9169465,123587054,0.0003650390149835972,5.650656059426995,5.867343131875828,13.466457918881725
Chattogram,BD2015,Moulvibazar,BD6058,False,226.6724235427195,226.6724235427195,226.6724235427195,226.6724235427195,2123447,9169465,63841311,0.00354944669956178,41.32796772085459,5.423505907162106,14.568551269629545
Chattogram,BD2015,Munshiganj,BD3059,False,188.49499586653494,188.49499586653494,188.49499586653494,188.49499586653494,1625416,9169465,33229363,0.007984776582505909,45.74723817622182,5.239071459408549,14.301274340983566
Chattogram,BD2015,Mymensingh,BD4561,False,288.8626926620533,288.8626926620533,288.8626926620533,288.8626926620533,5899005,9169465,102029533,0.004154056497496486,70.69616470352132,5.665951463315004,15.590294250586142
Chattogram,BD2015,Naogaon,BD5064,False,416.10221884012,416.10221884012,416.10221884012,416.10221884012,2784599,9169465,136320302,0.001183608664978456,16.082834747050892,6.030930948443123,14.839614435339252
Chattogram,BD2015,Narail,BD4065,False,243.38127538240605,243.38127538240605,243.38127538240605,243.38127538240605,788671,9169465,76658713,0.0009727642356028086,13.31439835803353,5.494629248187495,13.57810452934276
Chattogram,BD2015,Narayanganj,BD3067,False,191.75901274981447,191.75901274981447,191.75901274981447,191.75901274981447,3909138,9169465,37346001,0.015282173531616487,106.30885286805724,5.256239441749372,15.178827447298536
Chattogram,BD2015,Narsingdi,BD3068,False,204.47229334493835,204.47229334493835,204.47229334493835,204.47229334493835,2584452,9169465,41255139,0.008865840241315707,61.815805754685464,5.320432481438126,14.765024051188075
Chattogram,BD2015,Natore,BD5069,False,353.52795363051854,353.52795363051854,353.52795363051854,353.52795363051854,1859922,9169465,124292410,0.000944308176931892,14.881517271973658,5.867962558958511,14.436045109326196
Chattogram,BD2015,Netrakona,BD4572,False,288.1304725859631,288.1304725859631,288.1304725859631,288.1304725859631,2324853,9169465,99704680,0.0017608155444948906,28.003809499538853,5.663413407361294,14.659167369198306
Chattogram,BD2015,Nilphamari,BD5573,False,495.27269801309825,495.27269801309825,495.27269801309825,495.27269801309825,2092568,9169465,151182845,0.0007366180115829179,8.530820492569605,6.205108515953164,14.553902577830893
Chattogram,BD2015,Noakhali,BD2075,False,78.01228091659969,78.01228091659969,78.01228091659969,78.01228091659969,3625442,9169465,2296482,0.19211700830529632,595.7101635318944,4.356866261944726,15.103486769872411
Chattogram,BD2015,Pabna,BD5076,False,307.6406076132762,307.6406076132762,307.6406076132762,307.6406076132762,2909624,9169465,109934387,0.0018358925532369241,30.743233911590988,5.728932243265813,14.8835344211774
Chattogram,BD2015,Panchagarh,BD5577,False,539.8086030496033,539.8086030496033,539.8086030496033,539.8086030496033,1179843,9169465,154809308,0.0003994655669535955,4.048970538879837,6.291214637933012,13.98089193674234
Chattogram,BD2015,Patuakhali,BD1078,False,150.29432520747966,150.29432520747966,150.29432520747966,150.29432520747966,1727254,9169465,22658847,0.014829347045444185,76.4664699123286,5.012595539608876,14.362043422168306
Chattogram,BD2015,Pirojpur,BD1079,False,189.42902788221028,189.42902788221028,189.42902788221028,189.42902788221028,1198195,9169465,34854779,0.005518558003876121,33.39138568360978,5.244014431322186,13.996326815697198
Chattogram,BD2015,Rajbari,BD3082,False,272.84474545512035,272.84474545512035,272.84474545512035,272.84474545512035,1189818,9169465,82651909,0.0012774547766801095,15.982670496771197,5.608902935448344,13.989310912214547
Chattogram,BD2015,Rajshahi,BD5081,False,394.9343198013638,394.9343198013638,394.9343198013638,394.9343198013638,2915009,9169465,129886629,0.0013539228395528782,18.68917578151799,5.97871947209135,14.885383465240523
Chattogram,BD2015,Rangamati,BD2084,False,62.741990090399085,62.741990090399085,62.741990090399085,62.741990090399085,647586,9169465,0,0.0659654309629236,164.50567012628497,4.139030921902431,13.381006882269048
Chattogram,BD2015,Rangpur,BD5585,False,443.4729877207353,443.4729877207353,443.4729877207353,443.4729877207353,3169614,9169465,143269589,0.0012252376775191778,16.116548257449384,6.094636892838885,14.9691203718778
Chattogram,BD2015,Satkhira,BD4087,False,277.38848009603004,277.38848009603004,277.38848009603004,277.38848009603004,2196582,9169465,87698850,0.002098890973803173,28.54766413303945,5.625418978885862,14.602413073820426
Chattogram,BD2015,Shariatpur,BD3086,False,171.30766510052288,171.30766510052288,171.30766510052288,171.30766510052288,1294562,9169465,27617707,0.00847332245348297,44.1132711380083,5.143461150975341,14.073682971966935
Chattogram,BD2015,Sherpur,BD4589,False,343.7690470677216,343.7690470677216,343.7690470677216,343.7690470677216,1501853,9169465,119585463,0.0008211211183082447,12.708488077999588,5.839970057097276,14.22221023700936
Chattogram,BD2015,Sirajganj,BD5088,False,314.5164959146946,314.5164959146946,314.5164959146946,314.5164959146946,3357706,9169465,112844011,0.0020127097188586953,33.943436560216234,5.75103652600407,15.026768560672359
Chattogram,BD2015,Sunamganj,BD6090,False,281.8844249466026,281.8844249466026,281.8844249466026,281.8844249466026,2695496,9169465,89895432,0.002451794807499199,33.92317799030109,5.6414971463156105,14.80709278991802
Chattogram,BD2015,Sylhet,BD6091,False,275.7540813077509,275.7540813077509,275.7540813077509,275.7540813077509,3857123,9169465,83841727,0.003925459761553179,50.72471205959601,5.619509458777485,15.16543212675189
Chattogram,BD2015,Tangail,BD3093,False,283.44414485988125,283.44414485988125,283.44414485988125,283.44414485988125,4037608,9169465,95667072,0.0032436256431372656,50.25614498176004,5.647015083862239,15.2111629953813
Chattogram,BD2015,Thakurgaon,BD5594,False,529.7990116890468,529.7990116890468,529.7990116890468,529.7990116890468,1533895,9169465,153275413,0.0005280146522394008,5.464788320867045,6.272497711394641,14.243320810065981
Chuadanga,BD4018,Bagerhat,BD4001,False,165.21350873189786,165.21350873189786,165.21350873189786,165.21350873189786,1613076,1234054,63156572,0.0004683796865087831,59.09676668614506,5.107238629728585,14.293653473170336
Chuadanga,BD4018,Bandarban,BD2003,False,412.49682964151526,412.49682964151526,412.49682964151526,412.49682964151526,481106,1234054,163443456,2.182927995672503e-05,2.8274800095494728,6.022228520027662,13.08384289902944
Chuadanga,BD4018,Barguna,BD1004,False,208.83094390603145,208.83094390603145,208.83094390603145,208.83094390603145,1010531,1234054,97011497,0.0001278832851685449,23.171808886926037,5.341525043811805,13.825986493237492
Chuadanga,BD4018,Barishal,BD1006,False,176.50070664239067,176.50070664239067,176.50070664239067,176.50070664239067,2570446,1234054,72187724,0.000568523729834998,82.51170999991263,5.1733248800049445,14.759589982670962
Chuadanga,BD4018,Bhola,BD1009,False,239.32750516570158,239.32750516570158,239.32750516570158,239.32750516570158,1932518,1234054,120958485,0.00015723657016992757,33.73947500380091,5.477832928408266,14.474334373759973
Chuadanga,BD4018,Bogura,BD5010,False,145.54901951409192,145.54901951409192,145.54901951409192,145.54901951409192,3734297,1234054,56502297,0.0012984519889837265,176.2748230526672,4.9805129337491,15.133070139288687
Chuadanga,BD4018,Brahmanbaria,BD2012,False,230.67582037436048,230.67582037436048,230.67582037436048,230.67582037436048,3306563,1234054,117651922,0.0002808895933332317,62.14020106038693,5.441013349866058,15.011419839295048
Chuadanga,BD4018,Chandpur,BD2013,False,199.6830317278166,199.6830317278166,199.6830317278166,199.6830317278166,2635748,1234054,84390439,0.0004304026412205482,66.10305969365284,5.296731267997577,14.784677570641602
Chuadanga,BD4018,Chapainawabganj,BD5070,False,136.64203672744702,136.64203672744702,136.64203672744702,136.64203672744702,1835528,1234054,27006867,0.002666795799137854,98.30879213930902,4.917364635721375,14.422842736501666
Chuadanga,BD4018,Chattogram,BD2015,False,331.9267453430412,331.9267453430412,331.9267453430412,331.9267453430412,9169465,1234054,146946014,0.00048531410441292924,83.22609197092413,5.804914298013351,16.031389500109725
Chuadanga,BD4018,Chuadanga,BD4018,True,0.0,18.427510416215284,1.0,17.450549807039742,1234054,1234054,0,0.5,3634.1331340053243,2.913844679334995,14.025815242619684
Chuadanga,BD4018,Cox's Bazar,BD2022,False,406.0301866706123,406.0301866706123,406.0301866706123,406.0301866706123,2823268,1234054,160620188,0.0001307157418266667,17.125192427200552,6.006427508243253,14.853405637196515
Chuadanga,BD4018,Cumilla,BD2019,False,223.68329027834437,223.68329027834437,223.68329027834437,223.68329027834437,6212216,1234054,99959976,0.00070533637655345,124.15935936508869,5.410231168693805,15.642028234056378
Chuadanga,BD4018,Dhaka,BD3026,False,144.20541511024487,144.20541511024487,144.20541511024487,144.20541511024487,14734701,1234054,41767596,0.007323876948965124,708.5625414546435,4.971238776921384,16.50571588212586
Chuadanga,BD4018,Dinajpur,BD5527,False,224.8730662874752,224.8730662874752,224.8730662874752,224.8730662874752,3315236,1234054,107899446,0.00033337724413218446,65.56009377635998,5.415536093178584,15.014039370621646
Chuadanga,BD4018,Faridpur,BD3029,False,102.03054240537853,102.03054240537853,102.03054240537853,102.03054240537853,2162879,1234054,18633200,0.006098337063533419,207.76473440040388,4.6252722038093035,14.586950762547518
Chuadanga,BD4018,Feni,BD2030,False,270.4966322489009,270.4966322489009,270.4966322489009,270.4966322489009,1648896,1234054,134796921,0.00010864735732467449,22.535621493644754,5.600259648112548,14.315616531026453
Chuadanga,BD4018,Gaibandha,BD5532,False,199.41072868320094,199.41072868320094,199.41072868320094,199.41072868320094,2562233,1234054,81828206,0.0004445811327001705,64.43496239034492,5.2953666609108065,14.756389701878161
Chuadanga,BD4018,Gazipur,BD3033,False,171.31081285460635,171.31081285460635,171.31081285460635,171.31081285460635,5263450,1234054,66924274,0.0012979586000719707,179.34982207372903,5.143479525664893,15.476297263245858
Chuadanga,BD4018,Gopalganj,BD3035,False,121.02939442969942,121.02939442969942,121.02939442969942,121.02939442969942,1295057,1234054,25711810,0.0021001585285525715,88.41117512195235,4.796033445265298,14.07406526759114
Chuadanga,BD4018,Habiganj,BD6036,False,275.60592924047484,275.60592924047484,275.60592924047484,275.60592924047484,2358886,1234054,136445817,0.0001509810423159359,31.0548788845892,5.618972052843041,14.673700031660417
Chuadanga,BD4018,Jamalpur,BD4539,False,182.39179380263838,182.39179380263838,182.39179380263838,182.39179380263838,2499738,1234054,79328468,0.0004609903767933194,75.14219946855339,5.206157086511031,14.731696484346525
Chuadanga,BD4018,Jashore,BD4041,False,66.61008188969836,66.61008188969836,66.61008188969836,66.61008188969836,3076144,1234054,5894012,0.052190291897229256,693.3088222834606,4.19885594581479,14.939187422556142
Chuadanga,BD4018,Jhalokati,BD1042,False,178.69871909197929,178.69871909197929,178.69871909197929,178.69871909197929,661160,1234054,78667308,0.00012675161436182084,20.704449701590647,5.185701254215682,13.40175114703129
Chuadanga,BD4018,Jhenaidah,BD4044,False,27.77505473161078,27.77505473161078,27.77505473161078,27.77505473161078,2005849,1234054,705356,0.3235096579937045,2600.0900509113994,3.324138306058794,14.511577970493308
Chuadanga,BD4018,Joypurhat,BD5038,False,166.77111998918292,166.77111998918292,166.77111998918292,166.77111998918292,956431,1234054,64769648,0.0002670565324766535,34.38839870299127,5.1166223333822565,13.770963927257238
Chuadanga,BD4018,Khagrachhari,BD2046,False,320.62865842239,320.62865842239,320.62865842239,320.62865842239,714119,1234054,144108448,4.1513645371023475e-05,6.9464979591594025,5.770283626144194,13.478804894101042
Chuadanga,BD4018,Khulna,BD4047,False,140.58464650500346,140.58464650500346,140.58464650500346,140.58464650500346,2613385,1234054,31038977,0.0028644513316948422,132.2292722238384,4.945809773591664,14.776156873871212
Chuadanga,BD4018,Kishoreganj,BD3048,False,229.25750610190707,229.25750610190707,229.25750610190707,229.25750610190707,3267626,1234054,111214682,0.0003098968470126516,62.17062244045102,5.434845852593618,14.999574285328466
Chuadanga,BD4018,Kurigram,BD5549,False,257.4481013595121,257.4481013595121,257.4481013595121,257.4481013595121,2329160,1234054,128841298,0.00016689206655216474,35.14147097068715,5.55081815167184,14.66101824551926
Chuadanga,BD4018,Kushtia,BD4050,False,39.211638039271925,39.211638039271925,39.211638039271925,39.211638039271925,2149692,1234054,2711205,0.11032264526524448,1398.1258651630774,3.668973591490608,14.580835134027797
Chuadanga,BD4018,Lakshmipur,BD2051,False,220.05927003017547,220.05927003017547,220.05927003017547,220.05927003017547,1937948,1234054,98022028,0.00023810266915047463,40.018682224701934,5.3938969192962825,14.477140239287523
Chuadanga,BD4018,Lalmonirhat,BD5552,False,275.7512805375356,275.7512805375356,275.7512805375356,275.7512805375356,1428406,1234054,138804703,8.897785631213542e-05,18.7852331656728,5.619499301957954,14.172069695197669
Chuadanga,BD4018,Madaripur,BD3054,False,141.23026618318661,141.23026618318661,141.23026618318661,141.23026618318661,1293027,1234054,33652362,0.0012642225309526434,64.82641995040129,4.9503916518288005,14.07249653920651
Chuadanga,BD4018,Magura,BD4055,False,62.47662907172407,62.47662907172407,62.47662907172407,62.47662907172407,1033115,1234054,4860897,0.029345458574770805,264.6753456638053,4.134792551958871,13.848089068139739
Chuadanga,BD4018,Manikganj,BD3056,False,115.16078840077846,115.16078840077846,115.16078840077846,115.16078840077846,1558025,1234054,20796079,0.0036999634925216317,117.48033146534293,4.746329311854428,14.258929551497186
Chuadanga,BD4018,Meherpur,BD4057,False,25.14747955734389,25.14747955734389,25.14747955734389,25.14747955734389,705356,1234054,0,0.36369617564104545,1115.3712282871882,3.224757675115951,13.466457918881725
Chuadanga,BD4018,Moulvibazar,BD6058,False,326.2203426904975,326.2203426904975,326.2203426904975,326.2203426904975,2123447,1234054,144822567,0.00012107780830785657,19.953511998765748,5.787573050874259,14.568551269629545
Chuadanga,BD4018,Munshiganj,BD3059,False,160.20752969755065,160.20752969755065,160.20752969755065,160.20752969755065,1625416,1234054,60236594,0.0005171644156545564,63.328424349003924,5.076470035387076,14.301274340983566
Chuadanga,BD4018,Mymensingh,BD4561,False,201.0685791896965,201.0685791896965,201.0685791896965,201.0685791896965,5899005,1234054,89610639,0.0008283057621996699,145.91177684140308,5.3036460398654945,15.590294250586142
Chuadanga,BD4018,Naogaon,BD5064,False,143.92175110482972,143.92175110482972,143.92175110482972,143.92175110482972,2784599,1234054,38982997,0.001987016552706068,134.4342083052084,4.969269756778025,14.839614435339252
Chuadanga,BD4018,Narail,BD4065,False,91.72418077722284,91.72418077722284,91.72418077722284,91.72418077722284,788671,1234054,14929520,0.0035519383536082314,93.74069921204979,4.51878603890926,13.57810452934276
Chuadanga,BD4018,Narayanganj,BD3067,False,176.65471515051902,176.65471515051902,176.65471515051902,176.65471515051902,3909138,1234054,74758170,0.0007944962084803417,125.26522836189349,5.174197065498285,15.178827447298536
Chuadanga,BD4018,Narsingdi,BD3068,False,200.70310074901528,200.70310074901528,200.70310074901528,200.70310074901528,2584452,1234054,87026187,0.0003977754393335364,64.15940183406966,5.301826705354174,14.765024051188075
Chuadanga,BD4018,Natore,BD5069,False,89.212607836084,89.212607836084,89.212607836084,89.212607836084,1859922,1234054,13069598,0.009927606718158576,233.69114800376,4.491022373051775,14.436045109326196
Chuadanga,BD4018,Netrakona,BD4572,False,246.34602656092267,246.34602656092267,246.34602656092267,246.34602656092267,2324853,1234054,122891003,0.00018278968157525738,38.309313922026,5.506737159616634,14.659167369198306
Chuadanga,BD4018,Nilphamari,BD5573,False,268.8114323354349,268.8114323354349,268.8114323354349,268.8114323354349,2092568,1234054,131170458,0.00014501005027285125,28.959036598046694,5.5940101387543795,14.553902577830893
Chuadanga,BD4018,Noakhali,BD2075,False,254.01161421690261,254.01161421690261,254.01161421690261,254.01161421690261,3625442,1234054,125215856,0.00027200794620332435,56.18932472809967,5.537379991236564,15.103486769872411
Chuadanga,BD4018,Pabna,BD5076,False,73.71763464534791,73.71763464534791,73.71763464534791,73.71763464534791,2909624,1234054,8970156,0.026832551081380156,535.4193801345489,4.300242046629622,14.8835344211774
Chuadanga,BD4018,Panchagarh,BD5577,False,298.91387736347303,298.91387736347303,298.91387736347303,298.91387736347303,1179843,1234054,142928605,6.94885049909217e-05,13.204807186482599,5.700155496326804,13.98089193674234
Chuadanga,BD4018,Patuakhali,BD1078,False,223.78762301945486,223.78762301945486,223.78762301945486,223.78762301945486,1727254,1234054,106172192,0.0001818455802132398,34.489276201630865,5.410697490592729,14.362043422168306
Chuadanga,BD4018,Pirojpur,BD1079,False,167.3340992673861,167.3340992673861,167.3340992673861,167.3340992673861,1198195,1234054,65726079,0.00032398613971152285,42.79160759281276,5.1199924083082795,13.996326815697198
Chuadanga,BD4018,Rajbari,BD3082,False,73.87125919799504,73.87125919799504,73.87125919799504,73.87125919799504,1189818,1234054,11879780,0.007827770451527112,218.0366650944745,4.302323837530397,13.989310912214547
Chuadanga,BD4018,Rajshahi,BD5081,False,97.40835983968938,97.40835983968938,97.40835983968938,97.40835983968938,2915009,1234054,15718191,0.010680928294929299,307.2185523939391,4.578912036941585,14.885383465240523
Chuadanga,BD4018,Rangamati,BD2084,False,361.1791380197461,361.1791380197461,361.1791380197461,361.1791380197461,647586,1234054,159972602,3.0628417604873586e-05,4.964232767506071,5.889374062454391,13.381006882269048
Chuadanga,BD4018,Rangpur,BD5585,False,230.37563200687993,230.37563200687993,230.37563200687993,230.37563200687993,3169614,1234054,114482308,0.0002843250613907868,59.72185615440442,5.439711159369317,14.9691203718778
Chuadanga,BD4018,Satkhira,BD4087,False,139.49916089619953,139.49916089619953,139.49916089619953,139.49916089619953,2196582,1234054,28842395,0.0027926420284327225,112.876680694018,4.938058586162323,14.602413073820426
Chuadanga,BD4018,Shariatpur,BD3086,False,164.1852480604368,164.1852480604368,164.1852480604368,164.1852480604368,1294562,1234054,61862010,0.0003932168349893196,48.02358616118576,5.10099535169391,14.073682971966935
Chuadanga,BD4018,Sherpur,BD4589,False,205.66861905804922,205.66861905804922,205.66861905804922,205.66861905804922,1501853,1234054,95509644,0.00019499613961974072,35.50515086152976,5.326266228181114,14.22221023700936
Chuadanga,BD4018,Sirajganj,BD5088,False,115.83272100472354,115.83272100472354,115.83272100472354,115.83272100472354,3357706,1234054,22354104,0.006519145725898446,250.25349411794934,4.752147090032608,15.026768560672359
Chuadanga,BD4018,Sunamganj,BD6090,False,293.24363963131003,293.24363963131003,293.24363963131003,293.24363963131003,2695496,1234054,140233109,0.00016310393074510574,31.345953813677593,5.6810037980615755,14.80709278991802
Chuadanga,BD4018,Sylhet,BD6091,False,350.02296807658774,350.02296807658774,350.02296807658774,350.02296807658774,3857123,1234054,156115479,0.00018765028347997537,31.482586263470818,5.857998775406324,15.16543212675189
Chuadanga,BD4018,Tangail,BD3093,False,143.4669417182745,143.4669417182745,143.4669417182745,143.4669417182745,4037608,1234054,34945389,0.0034244136381791517,196.16452505452298,4.966104637358908,15.2111629953813
Chuadanga,BD4018,Thakurgaon,BD5594,False,269.70388472687085,269.70388472687085,269.70388472687085,269.70388472687085,1533895,1234054,133263026,0.00010346158545602606,21.08731220287376,5.597324633923562,14.243320810065981
Cox's Bazar,BD2022,Bagerhat,BD4001,False,259.2068252701672,259.2068252701672,259.2068252701672,259.2068252701672,1613076,2823268,36172630,0.0028758484266719693,24.008330656003842,5.557626296192267,14.293653473170336
Cox's Bazar,BD2022,Bandarban,BD2003,False,47.46841787840673,47.46841787840673,47.46841787840673,47.46841787840673,481106,2823268,0,0.145596715141809,213.51641026002642,3.860064603134977,13.08384289902944
Cox's Bazar,BD2022,Barguna,BD1004,False,213.5263598617468,213.5263598617468,213.5263598617468,213.5263598617468,1010531,2823268,21884334,0.0044898487562800736,22.163923785854376,5.363760290442054,13.825986493237492
Cox's Bazar,BD2022,Barishal,BD1006,False,230.76747360416053,230.76747360416053,230.76747360416053,230.76747360416053,2570446,2823268,23556025,0.009502826191092845,48.2679988369395,5.441410595777749,14.759589982670962
Cox's Bazar,BD2022,Bhola,BD1009,False,166.77863095517108,166.77863095517108,166.77863095517108,166.77863095517108,1932518,2823268,13923599,0.017441326365622963,69.4772689693331,5.116667369938082,14.474334373759973
Cox's Bazar,BD2022,Bogura,BD5010,False,461.859579179905,461.859579179905,461.859579179905,461.859579179905,3734297,2823268,132498529,0.0005602774958961908,17.506081447764682,6.135260903713223,15.133070139288687
Cox's Bazar,BD2022,Brahmanbaria,BD2012,False,292.39509759743356,292.39509759743356,292.39509759743356,292.39509759743356,3306563,2823268,49816291,0.0031699081406380185,38.67556154694092,5.678105961652423,15.011419839295048
Cox's Bazar,BD2022,Chandpur,BD2013,False,239.3251566667152,239.3251566667152,239.3251566667152,239.3251566667152,2635748,2823268,26126471,0.008138113850884759,46.01794088723243,5.477823115451299,14.784677570641602
Cox's Bazar,BD2022,Chapainawabganj,BD5070,False,529.265236973704,529.265236973704,529.265236973704,529.265236973704,1835528,2823268,145451098,0.0002328293498929589,6.552609307034982,6.271489699347755,14.422842736501666
Cox's Bazar,BD2022,Chattogram,BD2015,False,109.28270675551538,109.28270675551538,109.28270675551538,109.28270675551538,9169465,2823268,481106,0.6280681525865623,767.7876297101344,4.693938164508371,16.031389500109725
Cox's Bazar,BD2022,Chuadanga,BD4018,False,406.0301866706123,406.0301866706123,406.0301866706123,406.0301866706123,1234054,2823268,119190208,0.00023168624220381914,7.485443186958005,6.006427508243253,14.025815242619684
Cox's Bazar,BD2022,Cox's Bazar,BD2022,True,0.0,38.74579969810648,1.0,23.65321831992768,2823268,2823268,0,0.5,1880.627782836108,3.6570223550366308,14.853405637196515
Cox's Bazar,BD2022,Cumilla,BD2019,False,241.58696873488046,241.58696873488046,241.58696873488046,241.58696873488046,6212216,2823268,28762219,0.014690807496150335,106.43869435601785,5.487229527250361,15.642028234056378
Cox's Bazar,BD2022,Dhaka,BD3026,False,316.5558404242648,316.5558404242648,316.5558404242648,316.5558404242648,14734701,2823268,56495977,0.009469992025844134,147.04175116766388,5.757499657062437,16.50571588212586
Cox's Bazar,BD2022,Dinajpur,BD5527,False,569.2393603018694,569.2393603018694,569.2393603018694,569.2393603018694,3315236,2823268,152785400,0.000378480531739589,10.231153626235471,6.344301014039038,15.014039370621646
Cox's Bazar,BD2022,Faridpur,BD3029,False,318.54645443903877,318.54645443903877,318.54645443903877,318.54645443903877,2162879,2823268,73427260,0.001021294869770432,21.3150655640539,5.7637683181883235,14.586950762547518
Cox's Bazar,BD2022,Feni,BD2030,False,181.37916377501998,181.37916377501998,181.37916377501998,181.37916377501998,1648896,2823268,15856117,0.012259764882447793,50.120855339062615,5.200589667660465,14.315616531026453
Cox's Bazar,BD2022,Gaibandha,BD5532,False,498.05837533443304,498.05837533443304,498.05837533443304,498.05837533443304,2562233,2823268,139147835,0.00035253540760370617,10.328996379165535,6.210717289702033,14.756389701878161
Cox's Bazar,BD2022,Gazipur,BD3033,False,334.7561803422514,334.7561803422514,334.7561803422514,334.7561803422514,5263450,2823268,80072472,0.002033399925796274,46.96921416482029,5.813402446961722,15.476297263245858
Cox's Bazar,BD2022,Gopalganj,BD3035,False,286.52993369054394,286.52993369054394,286.52993369054394,286.52993369054394,1295057,2823268,41998711,0.0017688400978776112,15.77425601458107,5.657843011292344,14.07406526759114
Cox's Bazar,BD2022,Habiganj,BD6036,False,327.21417459956234,327.21417459956234,327.21417459956234,327.21417459956234,2358886,2823268,75590139,0.0010514928467286596,22.031432469312126,5.7906149246935765,14.673700031660417
Cox's Bazar,BD2022,Jamalpur,BD4539,False,449.2917898347521,449.2917898347521,449.2917898347521,449.2917898347521,2499738,2823268,129998791,0.0003926527407553601,12.383332299398692,6.10767254267246,14.731696484346525
Cox's Bazar,BD2022,Jashore,BD4041,False,346.76806463604254,346.76806463604254,346.76806463604254,346.76806463604254,3076144,2823268,90161573,0.000972298417985025,25.58164527466038,5.848656154841667,14.939187422556142
Cox's Bazar,BD2022,Jhalokati,BD1042,False,228.49558852739528,228.49558852739528,228.49558852739528,228.49558852739528,661160,2823268,22894865,0.0027514149142875777,12.663417679718393,5.43151690392205,13.40175114703129
Cox's Bazar,BD2022,Jhenaidah,BD4044,False,378.4480186179438,378.4480186179438,378.4480186179438,378.4480186179438,2005849,2823268,95460650,0.0005745280788299673,14.005085505487717,5.93607872822276,14.511577970493308
Cox's Bazar,BD2022,Joypurhat,BD5038,False,503.67753573890667,503.67753573890667,503.67753573890667,503.67753573890667,956431,2823268,141710068,0.0001284119008027603,3.770061901155575,6.221936253263727,13.770963927257238
Cox's Bazar,BD2022,Khagrachhari,BD2046,False,187.2207192852901,187.2207192852901,187.2207192852901,187.2207192852901,714119,2823268,17505013,0.004713318267306793,20.37336516032428,5.232288237861708,13.478804894101042
Cox's Bazar,BD2022,Khulna,BD4047,False,291.2230688615813,291.2230688615813,291.2230688615813,291.2230688615813,2613385,2823268,43293768,0.0032831743750547154,30.814267323661152,5.674089533176487,14.776156873871212
Cox's Bazar,BD2022,Kishoreganj,BD3048,False,341.50536875289805,341.50536875289805,341.50536875289805,341.50536875289805,3267626,2823268,86893947,0.0011058507381826945,28.018009094535593,5.833363399979211,14.999574285328466
Cox's Bazar,BD2022,Kurigram,BD5549,False,536.3776992795941,536.3776992795941,536.3776992795941,536.3776992795941,2329160,2823268,147286626,0.0002873729363327691,8.095765069462566,6.284838575747582,14.66101824551926
Cox's Bazar,BD2022,Kushtia,BD4050,False,413.41092231413126,413.41092231413126,413.41092231413126,413.41092231413126,2149692,2823268,123781968,0.00037231695879168177,12.578021920012997,6.024442067590789,14.580835134027797
Cox's Bazar,BD2022,Lakshmipur,BD2051,False,199.9543837255617,199.9543837255617,199.9543837255617,199.9543837255617,1937948,2823268,19946386,0.009725393831036471,48.470808055319615,5.298089259161333,14.477140239287523
Cox's Bazar,BD2022,Lalmonirhat,BD5552,False,584.8385715789832,584.8385715789832,584.8385715789832,584.8385715789832,1428406,2823268,156100636,0.00015824839929658713,4.176184242300063,6.371335863132916,14.172069695197669
Cox's Bazar,BD2022,Madaripur,BD3054,False,274.43685820760334,274.43685820760334,274.43685820760334,274.43685820760334,1293027,2823268,39080268,0.0020167860758385898,17.168119040367056,5.6147212097452215,14.07249653920651
Cox's Bazar,BD2022,Magura,BD4055,False,347.1383021844004,347.1383021844004,347.1383021844004,347.1383021844004,1033115,2823268,93237717,0.0003127237727847268,8.573212669754522,5.849723265913691,13.848089068139739
Cox's Bazar,BD2022,Manikganj,BD3056,False,340.48161434825863,340.48161434825863,340.48161434825863,340.48161434825863,1558025,2823268,85335922,0.0005561387453149802,13.439623150632658,5.830361128091372,14.258929551497186
Cox's Bazar,BD2022,Meherpur,BD4057,False,429.7021543781905,429.7021543781905,429.7021543781905,429.7021543781905,705356,2823268,125931660,0.00011947032769502035,3.8200874307423476,6.063092304448135,13.466457918881725
Cox's Bazar,BD2022,Moulvibazar,BD6058,False,333.55645732039375,333.55645732039375,333.55645732039375,333.55645732039375,2123447,2823268,77949025,0.0008953625114101376,19.08546389978821,5.80981213834572,14.568551269629545
Cox's Bazar,BD2022,Munshiganj,BD3059,False,283.12966510368216,283.12966510368216,283.12966510368216,283.12966510368216,1625416,2823268,40373295,0.0023701531837227764,20.276536789784263,5.64590497328895,14.301274340983566
Cox's Bazar,BD2022,Mymensingh,BD4561,False,394.70482761682246,394.70482761682246,394.70482761682246,394.70482761682246,5899005,2823268,108056726,0.0012862130982685244,37.86464485159247,5.978138213698188,15.590294250586142
Cox's Bazar,BD2022,Naogaon,BD5064,False,508.75206820536636,508.75206820536636,508.75206820536636,508.75206820536636,2784599,2823268,142666499,0.0003644317818276634,10.758464405494207,6.231960802017075,14.839614435339252
Cox's Bazar,BD2022,Narail,BD4065,False,314.30803439633553,314.30803439633553,314.30803439633553,314.30803439633553,788671,2823268,55707306,0.0006413123147578168,7.98334516103012,5.750373506303192,13.57810452934276
Cox's Bazar,BD2022,Narayanganj,BD3067,False,292.00939160485495,292.00939160485495,292.00939160485495,292.00939160485495,3909138,2823268,45907153,0.0043024982482924206,45.844512956030066,5.676785964781388,15.178827447298536
Cox's Bazar,BD2022,Narsingdi,BD3068,False,309.7408223810362,309.7408223810362,309.7408223810362,309.7408223810362,2584452,2823268,53122854,0.002228269957962419,26.938386296509513,5.7357358909533875,14.765024051188075
Cox's Bazar,BD2022,Natore,BD5069,False,443.45458498964246,443.45458498964246,443.45458498964246,443.45458498964246,1859922,2823268,126637016,0.00030887213244486044,9.457937339486465,6.0945953951300265,14.436045109326196
Cox's Bazar,BD2022,Netrakona,BD4572,False,396.69272671021156,396.69272671021156,396.69272671021156,396.69272671021156,2324853,2823268,116865355,0.00044945574205844385,14.773623332146572,5.983161992868242,14.659167369198306
Cox's Bazar,BD2022,Nilphamari,BD5573,False,597.1766187458345,597.1766187458345,597.1766187458345,597.1766187458345,2092568,2823268,157529042,0.00022680386045703663,5.867782246553606,6.392212913434824,14.553902577830893
Cox's Bazar,BD2022,Noakhali,BD2075,False,165.72476369497394,165.72476369497394,165.72476369497394,165.72476369497394,3625442,2823268,10298157,0.046579893762485294,132.00371226259026,5.110328362240024,15.103486769872411
Cox's Bazar,BD2022,Pabna,BD5076,False,396.26959470164843,396.26959470164843,396.26959470164843,396.26959470164843,2909624,2823268,113955731,0.000587721200805988,18.529144531156387,5.982094774320025,14.8835344211774
Cox's Bazar,BD2022,Panchagarh,BD5577,False,640.8654536066297,640.8654536066297,640.8654536066297,640.8654536066297,1179843,2823268,161155505,0.0001229950005024223,2.8727014777929045,6.462819534118732,13.98089193674234
Cox's Bazar,BD2022,Patuakhali,BD1078,False,188.97616957561738,188.97616957561738,188.97616957561738,188.97616957561738,1727254,2823268,18219132,0.010177863207773748,48.36621736801689,5.2416209202085255,14.362043422168306
Cox's Bazar,BD2022,Pirojpur,BD1079,False,243.31339992960704,243.31339992960704,243.31339992960704,243.31339992960704,1198195,2823268,34974435,0.0022950665048784894,20.23929815445003,5.494350324021351,13.996326815697198
Cox's Bazar,BD2022,Rajbari,BD3082,False,358.08437906190477,358.08437906190477,358.08437906190477,358.08437906190477,1189818,2823268,94270832,0.00035201189496744656,9.279183922538563,5.880768654332476,13.989310912214547
Cox's Bazar,BD2022,Rajshahi,BD5081,False,481.60422988408874,481.60422988408874,481.60422988408874,481.60422988408874,2915009,2823268,136232826,0.0004168713253585433,12.56780155801584,6.177122676937953,14.885383465240523
Cox's Bazar,BD2022,Rangamati,BD2084,False,151.3267907675989,151.3267907675989,151.3267907675989,151.3267907675989,647586,2823268,9650571,0.011170392161465306,28.279114566772385,5.01944167562545,13.381006882269048
Cox's Bazar,BD2022,Rangpur,BD5585,False,545.4827442249699,545.4827442249699,545.4827442249699,545.4827442249699,3169614,2823268,149615786,0.00037724930814766333,10.652323402648895,6.301671171821317,14.9691203718778
Cox's Bazar,BD2022,Satkhira,BD4087,False,318.0248362017254,318.0248362017254,318.0248362017254,318.0248362017254,2196582,2823268,71230678,0.001098268343707125,21.718275864619347,5.762129480993719,14.602413073820426
Cox's Bazar,BD2022,Shariatpur,BD3086,False,259.67932738319826,259.67932738319826,259.67932738319826,259.67932738319826,1294562,2823268,37785706,0.002147841707102025,19.197651326228904,5.559447513587319,14.073682971966935
Cox's Bazar,BD2022,Sherpur,BD4589,False,448.74801621198407,448.74801621198407,448.74801621198407,448.74801621198407,1501853,2823268,128496938,0.0002430959751297833,7.457999381451064,6.1064615190951885,14.22221023700936
Cox's Bazar,BD2022,Sirajganj,BD5088,False,410.1247549272026,410.1247549272026,410.1247549272026,410.1247549272026,3357706,2823268,120424262,0.0006075260167878573,19.96230555984391,6.016461393724739,15.026768560672359
Cox's Bazar,BD2022,Sunamganj,BD6090,False,391.09267962156844,391.09267962156844,391.09267962156844,391.09267962156844,2695496,2823268,105361230,0.0006344137241690802,17.622978755134355,5.968944564177879,14.80709278991802
Cox's Bazar,BD2022,Sylhet,BD6091,False,382.0820038849625,382.0820038849625,382.0820038849625,382.0820038849625,3857123,2823268,97466499,0.0010425878655951806,26.421065191573273,5.9456352554242216,15.16543212675189
Cox's Bazar,BD2022,Tangail,BD3093,False,383.0773337838332,383.0773337838332,383.0773337838332,383.0773337838332,4037608,2823268,101323622,0.0010117306757040864,27.513842069443342,5.948236884683059,15.2111629953813
Cox's Bazar,BD2022,Thakurgaon,BD5594,False,627.8987056991534,627.8987056991534,627.8987056991534,627.8987056991534,1533895,2823268,159621610,0.00016257511983508617,3.890598868155418,6.442378856801095,14.243320810065981
Cumilla,BD2019,Bagerhat,BD4001,False,177.92259932147223,177.92259932147223,177.92259932147223,177.92259932147223,1613076,6212216,94225103,0.0009776683948628999,50.95567984549862,5.1813486204511845,14.293653473170336
Cumilla,BD2019,Bandarban,BD2003,False,226.8714387823399,226.8714387823399,226.8714387823399,226.8714387823399,481106,6212216,122903269,0.0001786139654016248,9.347191117178934,5.424383508068767,13.08384289902944
Cumilla,BD2019,Barguna,BD1004,False,171.83706927545433,171.83706927545433,171.83706927545433,171.83706927545433,1010531,6212216,93214572,0.0006286337122499785,34.22283053353418,5.1465467562137865,13.825986493237492
Cumilla,BD2019,Barishal,BD1006,False,99.23787562677784,99.23787562677784,99.23787562677784,99.23787562677784,2570446,6212216,44573462,0.0058929058773765745,261.00784864936054,4.597519752173458,14.759589982670962
Cumilla,BD2019,Bhola,BD1009,False,126.25835644607658,126.25835644607658,126.25835644607658,126.25835644607658,1932518,6212216,57786381,0.002845176558180502,121.22809606478215,4.838330255636923,14.474334373759973
Cumilla,BD2019,Bogura,BD5010,False,228.06869063009114,228.06869063009114,228.06869063009114,228.06869063009114,3734297,6212216,125580957,0.0012987787027176096,71.79224219126816,5.429646858273716,15.133070139288687
Cumilla,BD2019,Brahmanbaria,BD2012,False,57.61143648476831,57.61143648476831,57.61143648476831,57.61143648476831,3306563,6212216,6544886,0.1002366821584792,996.2294904505048,4.05372109807617,15.011419839295048
Cumilla,BD2019,Chandpur,BD2013,False,32.407636510510144,32.407636510510144,32.407636510510144,32.407636510510144,2635748,6212216,0,0.29789316502644,2509.626938628153,3.478394089795467,14.784677570641602
Cumilla,BD2019,Chapainawabganj,BD5070,False,315.09575622183166,315.09575622183166,315.09575622183166,315.09575622183166,1835528,6212216,147560924,0.0004765333432719137,18.48740288896414,5.752876580636456,14.422842736501666
Cumilla,BD2019,Chattogram,BD2015,False,137.56630792379246,137.56630792379246,137.56630792379246,137.56630792379246,9169465,6212216,60380059,0.011290593004207245,484.5290651325171,4.924106040312317,16.031389500109725
Cumilla,BD2019,Chuadanga,BD4018,False,223.68329027834437,223.68329027834437,223.68329027834437,223.68329027834437,1234054,6212216,119809293,0.0004780345204566437,24.664202606915982,5.410231168693805,14.025815242619684
Cumilla,BD2019,Cox's Bazar,BD2022,False,241.58696873488046,241.58696873488046,241.58696873488046,241.58696873488046,2823268,6212216,130020610,0.0009258206466049563,48.37323102370004,5.487229527250361,14.853405637196515
Cumilla,BD2019,Cumilla,BD2019,True,0.0,33.909116607039685,1.0,28.391761579828646,6212216,6212216,0,0.5,5402.734129370706,3.523683904693513,15.642028234056378
Cumilla,BD2019,Dhaka,BD3026,False,88.78464513184714,88.78464513184714,88.78464513184714,88.78464513184714,14734701,6212216,22568165,0.0730889175717623,1869.2423034098038,4.486213719864669,16.50571588212586
Cumilla,BD2019,Dinajpur,BD5527,False,333.3463218546301,333.3463218546301,333.3463218546301,333.3463218546301,3315236,6212216,149396452,0.000832794766547555,29.834798895176363,5.80918195511878,15.014039370621646
Cumilla,BD2019,Faridpur,BD3029,False,121.99319896690149,121.99319896690149,121.99319896690149,121.99319896690149,2162879,6212216,55623502,0.003395227739923039,145.33191108703159,4.803965297006442,14.586950762547518
Cumilla,BD2019,Feni,BD2030,False,62.14351549983114,62.14351549983114,62.14351549983114,62.14351549983114,1648896,6212216,9851449,0.036000937868580996,426.97419518122666,4.129446476227408,14.315616531026453
Cumilla,BD2019,Gaibandha,BD5532,False,258.4847624036129,258.4847624036129,258.4847624036129,258.4847624036129,2562233,6212216,132843878,0.0008082685534563519,38.348530535585944,5.554836745996824,14.756389701878161
Cumilla,BD2019,Gazipur,BD3033,False,94.88609355807047,94.88609355807047,94.88609355807047,94.88609355807047,5263450,6212216,38595893,0.014573683038413048,584.6088254873209,4.552677157028536,15.476297263245858
Cumilla,BD2019,Gopalganj,BD3035,False,121.59753586150231,121.59753586150231,121.59753586150231,121.59753586150231,1295057,6212216,54328445,0.002149061605045882,87.58693627418705,4.800716705029887,14.07406526759114
Cumilla,BD2019,Habiganj,BD6036,False,111.1099551581744,111.1099551581744,111.1099551581744,111.1099551581744,2358886,6212216,50411534,0.0043876370499557876,191.07374167987004,4.7105202980153695,14.673700031660417
Cumilla,BD2019,Jamalpur,BD4539,False,209.0165006094473,209.0165006094473,209.0165006094473,209.0165006094473,2499738,6212216,115159863,0.001032879697468448,57.218088795736165,5.342413199132838,14.731696484346525
Cumilla,BD2019,Jashore,BD4041,False,193.81441428962125,193.81441428962125,193.81441428962125,193.81441428962125,3076144,6212216,105962632,0.0014781314164325498,81.89068719211616,5.266901073830252,14.939187422556142
Cumilla,BD2019,Jhalokati,BD1042,False,129.6123884774677,129.6123884774677,129.6123884774677,129.6123884774677,661160,6212216,59718899,0.0009354893472629583,39.35623484269399,4.864548369453649,13.40175114703129
Cumilla,BD2019,Jhenaidah,BD4044,False,198.62560226864923,198.62560226864923,198.62560226864923,198.62560226864923,2005849,6212216,111652161,0.0008819640742114418,50.84260358755812,5.291421657041832,14.511577970493308
Cumilla,BD2019,Joypurhat,BD5038,False,270.2126030401217,270.2126030401217,270.2126030401217,270.2126030401217,956431,6212216,138321120,0.0002825528659543906,13.099129683540017,5.599209067814058,13.770963927257238
Cumilla,BD2019,Khagrachhari,BD2046,False,98.54628625843874,98.54628625843874,98.54628625843874,98.54628625843874,714119,6212216,43859343,0.001744555408989521,73.53431705669364,4.5905263490575114,13.478804894101042
Cumilla,BD2019,Khulna,BD4047,False,194.70764593150324,194.70764593150324,194.70764593150324,194.70764593150324,2613385,6212216,109038776,0.0011951507950687874,68.93461936896084,5.271499181928118,14.776156873871212
Cumilla,BD2019,Kishoreganj,BD3048,False,104.86076417927356,104.86076417927356,104.86076417927356,104.86076417927356,3267626,6212216,47143908,0.006718866156888964,297.17091832845125,4.652633414732495,14.999574285328466
Cumilla,BD2019,Kurigram,BD5549,False,294.8063970242205,294.8063970242205,294.8063970242205,294.8063970242205,2329160,6212216,142062150,0.0006479547162811425,26.799427524992648,5.686318859619168,14.66101824551926
Cumilla,BD2019,Kushtia,BD4050,False,211.89709278951509,211.89709278951509,211.89709278951509,211.89709278951509,2149692,6212216,117659601,0.0008554716158303351,47.87692440416847,5.356100745451562,14.580835134027797
Cumilla,BD2019,Lakshmipur,BD2051,False,63.28921078593981,63.28921078593981,63.28921078593981,63.28921078593981,1937948,6212216,11500345,0.034588641444046817,483.818821785498,4.147714868902858,14.477140239287523
Cumilla,BD2019,Lalmonirhat,BD5552,False,343.86378757303635,343.86378757303635,343.86378757303635,343.86378757303635,1428406,6212216,152711688,0.00034820400970954487,12.080329516571748,5.840245612600567,14.172069695197669
Cumilla,BD2019,Madaripur,BD3054,False,91.9916175260864,91.9916175260864,91.9916175260864,91.9916175260864,1293027,6212216,37302866,0.004119625322821094,152.7956826010403,4.521697459051035,14.07249653920651
Cumilla,BD2019,Magura,BD4055,False,163.25570406044733,163.25570406044733,163.25570406044733,163.25570406044733,1033115,6212216,89485961,0.000693305366333474,38.76251423859532,5.095317708192056,13.848089068139739
Cumilla,BD2019,Manikganj,BD3056,False,119.37012714701235,119.37012714701235,119.37012714701235,119.37012714701235,1558025,6212216,52770420,0.002710501386283242,109.3410170325572,4.782228978256856,14.258929551497186
Cumilla,BD2019,Meherpur,BD4057,False,240.36431246330238,240.36431246330238,240.36431246330238,240.36431246330238,705356,6212216,129315254,0.00023732627133295567,12.208670998941978,5.482155740989343,13.466457918881725
Cumilla,BD2019,Moulvibazar,BD6058,False,146.58167237119434,146.58167237119434,146.58167237119434,146.58167237119434,2123447,6212216,71395305,0.0021318523650150027,98.82847208328761,4.9875827637053325,14.568551269629545
Cumilla,BD2019,Munshiganj,BD3059,False,63.66396910913829,63.66396910913829,63.66396910913829,63.66396910913829,1625416,6212216,13438293,0.024151762167398175,401.0302272128603,4.153618768467351,14.301274340983566
Cumilla,BD2019,Mymensingh,BD4561,False,153.21858298357392,153.21858298357392,153.21858298357392,153.21858298357392,5899005,6212216,80072285,0.004607223690806626,251.278818423459,5.031865548798774,15.590294250586142
Cumilla,BD2019,Naogaon,BD5064,False,282.9538037542719,282.9538037542719,282.9538037542719,282.9538037542719,2784599,6212216,139277551,0.0008018824093137172,34.78016113649191,5.645283646701114,14.839614435339252
Cumilla,BD2019,Narail,BD4065,False,152.3550634224124,152.3550634224124,152.3550634224124,152.3550634224124,788671,6212216,77556360,0.0006916883355912937,33.976769757147096,5.0262137403399665,13.57810452934276
Cumilla,BD2019,Narayanganj,BD3067,False,56.328154542578666,56.328154542578666,56.328154542578666,56.328154542578666,3909138,6212216,2635748,0.2151454545597325,1232.0546053481837,4.0311944908322035,15.178827447298536
Cumilla,BD2019,Narsingdi,BD3068,False,68.24457103691023,68.24457103691023,68.24457103691023,68.24457103691023,2584452,6212216,16358271,0.0282781386824837,554.9223976295262,4.223097885654441,14.765024051188075
Cumilla,BD2019,Natore,BD5069,False,224.0103609553722,224.0103609553722,224.0103609553722,224.0103609553722,1859922,6212216,121043347,0.0007032118356881847,37.06453191339677,5.411692305050399,14.436045109326196
Cumilla,BD2019,Netrakona,BD4572,False,160.5940634126315,160.5940634126315,160.5940634126315,160.5940634126315,2324853,6212216,87161108,0.0016162761380069644,90.14393743555021,5.078879835777329,14.659167369198306
Cumilla,BD2019,Nilphamari,BD5573,False,357.71404128281563,357.71404128281563,357.71404128281563,357.71404128281563,2092568,6212216,154140094,0.0004990509476227444,16.35338285080122,5.87973389984963,14.553902577830893
Cumilla,BD2019,Noakhali,BD2075,False,83.15689609255412,83.15689609255412,83.15689609255412,83.15689609255412,3625442,6212216,18942723,0.03110911827315582,524.2813639598766,4.420729137768873,15.103486769872411
Cumilla,BD2019,Pabna,BD5076,False,181.25237602799282,181.25237602799282,181.25237602799282,181.25237602799282,2909624,6212216,99195885,0.001583105650244439,88.56649409841346,5.199890402768821,14.8835344211774
Cumilla,BD2019,Panchagarh,BD5577,False,402.25306401333285,402.25306401333285,402.25306401333285,402.25306401333285,1179843,6212216,157766557,0.0002706337159777803,7.291644697684613,5.997081403030139,13.98089193674234
Cumilla,BD2019,Patuakhali,BD1078,False,153.07390974152784,153.07390974152784,153.07390974152784,153.07390974152784,1727254,6212216,78345031,0.0014706831893541532,73.71465840188579,5.03092087495765,14.362043422168306
Cumilla,BD2019,Pirojpur,BD1079,False,146.40461860921818,146.40461860921818,146.40461860921818,146.40461860921818,1198195,6212216,70197110,0.0012552316201277388,55.90079030428123,4.98637414890676,13.996326815697198
Cumilla,BD2019,Rajbari,BD3082,False,153.49661400903594,153.49661400903594,153.49661400903594,153.49661400903594,1189818,6212216,85971290,0.0008587189393666081,50.49901826486988,5.033678508210902,13.989310912214547
Cumilla,BD2019,Rajshahi,BD5081,False,267.77343185055327,267.77343185055327,267.77343185055327,267.77343185055327,2915009,6212216,135406111,0.0008847059771287054,40.654154252857396,5.590141219413037,14.885383465240523
Cumilla,BD2019,Rangamati,BD2084,False,144.1399293185822,144.1399293185822,144.1399293185822,144.1399293185822,647586,6212216,69549524,0.0006949406079293382,31.16942866631532,4.970784559129741,13.381006882269048
Cumilla,BD2019,Rangpur,BD5585,False,305.9126219666541,305.9126219666541,305.9126219666541,305.9126219666541,3169614,6212216,144391310,0.0008502317168875409,33.86971823509587,5.723299512046884,14.9691203718778
Cumilla,BD2019,Satkhira,BD4087,False,226.96354325099816,226.96354325099816,226.96354325099816,226.96354325099816,2196582,6212216,123384375,0.0007989276954006052,42.64176915464956,5.424789402164943,14.602413073820426
Cumilla,BD2019,Shariatpur,BD3086,False,67.25435701584621,67.25435701584621,67.25435701584621,67.25435701584621,1294562,6212216,15063709,0.016747115749597023,286.2081554992741,4.208481804722995,14.073682971966935
Cumilla,BD2019,Sherpur,BD4589,False,207.20564488065904,207.20564488065904,207.20564488065904,207.20564488065904,1501853,6212216,113658010,0.0006412743350097982,34.98035890102775,5.333711753646751,14.22221023700936
Cumilla,BD2019,Sirajganj,BD5088,False,180.34826428160963,180.34826428160963,180.34826428160963,180.34826428160963,3357706,6212216,95838179,0.0019391014683639175,103.2330438764972,5.194889783136945,15.026768560672359
Cumilla,BD2019,Sunamganj,BD6090,False,169.95495145384245,169.95495145384245,169.95495145384245,169.95495145384245,2695496,6212216,90519076,0.0017410644234737555,93.31920881708727,5.135533410485839,14.80709278991802
Cumilla,BD2019,Sylhet,BD6091,False,191.1046838733199,191.1046838733199,191.1046838733199,191.1046838733199,3857123,6212216,102105509,0.001972036806712718,105.61383803988119,5.252821361010329,15.16543212675189
Cumilla,BD2019,Tangail,BD3093,False,146.73388075420397,146.73388075420397,146.73388075420397,146.73388075420397,4037608,6212216,73518752,0.0037554547233461617,187.52680085857676,4.988620611136538,15.2111629953813
Cumilla,BD2019,Thakurgaon,BD5594,False,392.8762547006236,392.8762547006236,392.8762547006236,392.8762547006236,1533895,6212216,156232662,0.00035772436787490227,9.937658530065859,5.973494688750872,14.243320810065981
Dhaka,BD3026,Bagerhat,BD4001,False,166.0339976338009,166.0339976338009,166.0339976338009,166.0339976338009,1613076,14734701,90716437,0.0021052348620738,58.51413379272194,5.1121925724097546,14.293653473170336
Dhaka,BD3026,Bandarban,BD2003,False,308.83084947670295,308.83084947670295,308.83084947670295,308.83084947670295,481106,14734701,144405803,0.0002790677716243468,5.044282735699139,5.732793714315959,13.08384289902944
Dhaka,BD3026,Barguna,BD1004,False,183.4948812423735,183.4948812423735,183.4948812423735,183.4948812423735,1010531,14734701,104213175,0.0010435267516844596,30.012469619948764,5.21218677196862,13.825986493237492
Dhaka,BD3026,Barishal,BD1006,False,108.8702390569797,108.8702390569797,108.8702390569797,108.8702390569797,2570446,14734701,55623706,0.007381326754446372,216.86533205469317,4.690156705692824,14.759589982670962
Dhaka,BD3026,Bhola,BD1009,False,168.75703078172225,168.75703078172225,168.75703078172225,168.75703078172225,1932518,14734701,94942898,0.0023261803204252893,67.85780332938803,5.128459992776411,14.474334373759973
Dhaka,BD3026,Bogura,BD5010,False,145.31650178441427,145.31650178441427,145.31650178441427,145.31650178441427,3734297,14734701,81002446,0.005777916741710742,176.83938127374384,4.97891413456404,15.133070139288687
Dhaka,BD3026,Brahmanbaria,BD2012,False,86.6629043822046,86.6629043822046,86.6629043822046,86.6629043822046,3306563,14734701,28849180,0.023840089640647297,440.26110811323707,4.462025930430572,15.011419839295048
Dhaka,BD3026,Chandpur,BD2013,False,77.9234952381126,77.9234952381126,77.9234952381126,77.9234952381126,2635748,14734701,24918375,0.023160222247310597,434.0772616455914,4.355727515080204,14.784677570641602
Dhaka,BD3026,Chapainawabganj,BD5070,False,226.3392698389087,226.3392698389087,226.3392698389087,226.3392698389087,1835528,14734701,129587705,0.0012821716955847948,35.82953672166139,5.422035067584499,14.422842736501666
Dhaka,BD3026,Chattogram,BD2015,False,220.3418508342636,220.3418508342636,220.3418508342636,220.3418508342636,9169465,14734701,120418240,0.006926694978316671,188.86435983031896,5.39518020777799,16.031389500109725
Dhaka,BD3026,Chuadanga,BD4018,False,144.20541511024487,144.20541511024487,144.20541511024487,144.20541511024487,1234054,14734701,78266539,0.0020747853013029943,59.34320883282725,4.971238776921384,14.025815242619684
Dhaka,BD3026,Cox's Bazar,BD2022,False,316.5558404242648,316.5558404242648,316.5558404242648,316.5558404242648,2823268,14734701,146420804,0.0015742027087782273,28.174190350766406,5.757499657062437,14.853405637196515
Dhaka,BD3026,Cumilla,BD2019,False,88.78464513184714,88.78464513184714,88.78464513184714,88.78464513184714,6212216,14734701,32155743,0.03676099468636418,788.0809352778341,4.486213719864669,15.642028234056378
Dhaka,BD3026,Dhaka,BD3026,True,0.0,24.03042905900507,1.0,19.654997924127883,14734701,14734701,0,0.5,25516.333937905973,3.1793209047285966,16.50571588212586
Dhaka,BD3026,Dinajpur,BD5527,False,252.69878585973746,252.69878585973746,252.69878585973746,252.69878585973746,3315236,14734701,137569593,0.0020610073001346768,51.91682668436963,5.532198209711998,15.014039370621646
Dhaka,BD3026,Faridpur,BD3029,False,54.163459992638735,54.163459992638735,54.163459992638735,54.163459992638735,2162879,14734701,12356029,0.04021364050431483,737.257883032743,3.992006511213385,14.586950762547518
Dhaka,BD3026,Feni,BD2030,False,147.38723772736424,147.38723772736424,147.38723772736424,147.38723772736424,1648896,14734701,84736743,0.0024154477544115803,75.90554543957303,4.993063393424416,14.315616531026453
Dhaka,BD3026,Gaibandha,BD5532,False,184.2126423891417,184.2126423891417,184.2126423891417,184.2126423891417,2562233,14734701,105223706,0.002568739128664961,75.50570307937295,5.216090755500427,14.756389701878161
Dhaka,BD3026,Gazipur,BD3033,False,39.86258082976259,39.86258082976259,39.86258082976259,39.86258082976259,5263450,14734701,7092579,0.1311570082586042,3312.3763561380933,3.685438060048453,15.476297263245858
Dhaka,BD3026,Gopalganj,BD3035,False,83.81782222976436,83.81782222976436,83.81782222976436,83.81782222976436,1295057,14734701,27554123,0.010353297722579516,184.3385377708582,4.428645660648596,14.07406526759114
Dhaka,BD3026,Habiganj,BD6036,False,136.0705269057222,136.0705269057222,136.0705269057222,136.0705269057222,2358886,14734701,72209720,0.0044765044346322695,127.40275511905811,4.913173331508948,14.673700031660417
Dhaka,BD3026,Jamalpur,BD4539,False,138.10875437808178,138.10875437808178,138.10875437808178,138.10875437808178,2499738,14734701,74568606,0.004492739021589854,131.05454156299268,4.9280414499924845,14.731696484346525
Dhaka,BD3026,Jashore,BD4041,False,134.3953332426451,134.3953332426451,134.3953332426451,134.3953332426451,3076144,14734701,64287641,0.006986552777786853,170.30926895048862,4.90078570458921,14.939187422556142
Dhaka,BD3026,Jhalokati,BD1042,False,135.18328673679238,135.18328673679238,135.18328673679238,135.18328673679238,661160,14734701,69688638,0.0013562349369153589,36.17933403184957,4.906631537156722,13.40175114703129
Dhaka,BD3026,Jhenaidah,BD4044,False,123.03598368309581,123.03598368309581,123.03598368309581,123.03598368309581,2005849,14734701,60132100,0.0051354491668113384,132.50551202892325,4.812476862857003,14.511577970493308
Dhaka,BD3026,Joypurhat,BD5038,False,187.23897199838632,187.23897199838632,187.23897199838632,187.23897199838632,956431,14734701,110623505,0.0008899969634624496,27.281054174818475,5.232385726128325,13.770963927257238
Dhaka,BD3026,Khagrachhari,BD2046,False,186.82506574670722,186.82506574670722,186.82506574670722,186.82506574670722,714119,14734701,109909386,0.0006734222578229685,20.459748959651538,5.230172701732295,13.478804894101042
Dhaka,BD3026,Khulna,BD4047,False,167.800212898066,167.800212898066,167.800212898066,167.800212898066,2613385,14734701,92329513,0.0032793098533584245,92.81504488755189,5.122774062793123,14.776156873871212
Dhaka,BD3026,Kishoreganj,BD3048,False,96.03337194038376,96.03337194038376,96.03337194038376,96.03337194038376,3267626,14734701,45668404,0.012519142145149004,354.31373384759274,4.5646957554394785,14.999574285328466
Dhaka,BD3026,Kurigram,BD5549,False,229.9167435362776,229.9167435362776,229.9167435362776,229.9167435362776,2329160,14734701,131423233,0.0015813556232073514,44.06138291586816,5.4377172587660665,14.66101824551926
Dhaka,BD3026,Kushtia,BD4050,False,125.87906741414264,125.87906741414264,125.87906741414264,125.87906741414264,2149692,14734701,62137949,0.0052142976472444105,135.66543345920434,4.835321663637961,14.580835134027797
Dhaka,BD3026,Lakshmipur,BD2051,False,117.15160659799942,117.15160659799942,117.15160659799942,117.15160659799942,1937948,14734701,58194152,0.005229916890688074,141.20355213673915,4.763468878884518,14.477140239287523
Dhaka,BD3026,Lalmonirhat,BD5552,False,273.00520386525,273.00520386525,273.00520386525,273.00520386525,1428406,14734701,140884829,0.0008611854047431221,19.165043749981553,5.609490856780759,14.172069695197669
Dhaka,BD3026,Madaripur,BD3054,False,63.86206270841097,63.86206270841097,63.86206270841097,63.86206270841097,1293027,14734701,18397922,0.016703633526440477,317.0455849757173,4.1567254872412,14.07249653920651
Dhaka,BD3026,Magura,BD4055,False,91.60209393137602,91.60209393137602,91.60209393137602,91.60209393137602,1033115,14734701,38367959,0.0052952852513906065,123.12262454571847,4.5174541309316485,13.848089068139739
Dhaka,BD3026,Manikganj,BD3056,False,31.285289215775048,31.285289215775048,31.285289215775048,31.285289215775048,1558025,14734701,0,0.0956270301237497,1591.8204280322648,3.4431479939585006,14.258929551497186
Dhaka,BD3026,Meherpur,BD4057,False,157.05979486802661,157.05979486802661,157.05979486802661,157.05979486802661,705356,14734701,90011081,0.0009409398852493178,28.594223878482552,5.056626591871933,13.466457918881725
Dhaka,BD3026,Moulvibazar,BD6058,False,185.6823886123577,185.6823886123577,185.6823886123577,185.6823886123577,2123447,14734701,107785939,0.002048810615468023,61.588552522435236,5.224037626017205,14.568551269629545
Dhaka,BD3026,Munshiganj,BD3059,False,33.635125445939394,33.635125445939394,33.635125445939394,33.635125445939394,1625416,14734701,1558025,0.08203876803768913,1436.7408068470936,3.515570921095689,14.301274340983566
Dhaka,BD3026,Mymensingh,BD4561,False,103.01421508576,103.01421508576,103.01421508576,103.01421508576,5899005,14734701,49724701,0.019165397078990874,555.8843517074528,4.634866989248416,15.590294250586142
Dhaka,BD3026,Naogaon,BD5064,False,195.89390129269648,195.89390129269648,195.89390129269648,195.89390129269648,2784599,14734701,113776518,0.0024317115294262342,72.56393605682351,5.277573192728764,14.839614435339252
Dhaka,BD3026,Narail,BD4065,False,100.06943079922456,100.06943079922456,100.06943079922456,100.06943079922456,788671,14734701,48936030,0.0028314643053165365,78.75769783566525,4.6058642530600515,13.57810452934276
Dhaka,BD3026,Narayanganj,BD3067,False,34.050346424859725,34.050346424859725,34.050346424859725,34.050346424859725,3909138,14734701,3183441,0.14727523892609568,3371.6146532694156,3.5278402065484573,15.178827447298536
Dhaka,BD3026,Narsingdi,BD3068,False,58.26282882511509,58.26282882511509,58.26282882511509,58.26282882511509,2584452,14734701,14518908,0.04088685774175832,761.3517258491818,4.064964305538159,14.765024051188075
Dhaka,BD3026,Natore,BD5069,False,135.3297245920348,135.3297245920348,135.3297245920348,135.3297245920348,1859922,14734701,70349798,0.0037046219305301364,101.55664273434277,4.907714205001993,14.436045109326196
Dhaka,BD3026,Netrakona,BD4572,False,134.6978742756298,134.6978742756298,134.6978742756298,134.6978742756298,2324853,14734701,67363785,0.004942414352858866,128.13684122843725,4.903034302116069,14.659167369198306
Dhaka,BD3026,Nilphamari,BD5573,False,282.2478558746626,282.2478558746626,282.2478558746626,282.2478558746626,2092568,14734701,142313235,0.0012336953987529568,26.26747192903801,5.642785606454106,14.553902577830893
Dhaka,BD3026,Noakhali,BD2075,False,150.83164913047634,150.83164913047634,150.83164913047634,150.83164913047634,3625442,14734701,86385639,0.00504344425004439,159.35878236495432,5.016164308423739,15.103486769872411
Dhaka,BD3026,Pabna,BD5076,False,92.81365168693674,92.81365168693674,92.81365168693674,92.81365168693674,2909624,14734701,39401074,0.013882676933579197,337.76383756345695,4.530593737668171,14.8835344211774
Dhaka,BD3026,Panchagarh,BD5577,False,325.02841764475403,325.02841764475403,325.02841764475403,325.02841764475403,1179843,14734701,149244072,0.0006419137527496655,11.16815809414423,5.783912617414114,13.98089193674234
Dhaka,BD3026,Patuakhali,BD1078,False,178.12715737623336,178.12715737623336,178.12715737623336,178.12715737623336,1727254,14734701,99570912,0.0019188850283525037,54.43721923848486,5.182497662535442,14.362043422168306
Dhaka,BD3026,Pirojpur,BD1079,False,141.81327719385934,141.81327719385934,141.81327719385934,141.81327719385934,1198195,14734701,77068344,0.0020678689153341744,59.57906951641446,4.9545112429577225,13.996326815697198
Dhaka,BD3026,Rajbari,BD3082,False,70.45523844812212,70.45523844812212,70.45523844812212,70.45523844812212,1189818,14734701,23728557,0.011494733633257944,239.6922304146847,4.254977592544465,13.989310912214547
Dhaka,BD3026,Rajshahi,BD5081,False,178.99186168111422,178.99186168111422,178.99186168111422,178.99186168111422,2915009,14734701,101298166,0.00311202812194928,90.98573960171477,5.187340339338534,14.885383465240523
Dhaka,BD3026,Rangamati,BD2084,False,232.90554009143307,232.90554009143307,232.90554009143307,232.90554009143307,647586,14734701,136922007,0.0004131093326881233,11.938171484113797,5.4506329640330256,13.381006882269048
Dhaka,BD3026,Rangpur,BD5585,False,231.0664731696952,231.0664731696952,231.0664731696952,231.0664731696952,3169614,14734701,133752393,0.002073945652135903,59.36527790181982,5.4427054317654395,14.9691203718778
Dhaka,BD3026,Satkhira,BD4087,False,193.3493374496632,193.3493374496632,193.3493374496632,193.3493374496632,2196582,14734701,111579936,0.0019938570874947132,58.75732881925139,5.264498591358339,14.602413073820426
Dhaka,BD3026,Shariatpur,BD3086,False,62.11573925062599,62.11573925062599,62.11573925062599,62.11573925062599,1294562,14734701,17103360,0.018082636530472672,335.5208693265224,4.12899940691698,14.073682971966935
Dhaka,BD3026,Sherpur,BD4589,False,145.1323203915703,145.1323203915703,145.1323203915703,145.1323203915703,1501853,14734701,79500593,0.0024528708542383647,71.30157918044155,4.977645880720546,14.22221023700936
Dhaka,BD3026,Sirajganj,BD5088,False,94.28040773467445,94.28040773467445,94.28040773467445,94.28040773467445,3357706,14734701,42310698,0.01435833587044789,377.74590293091353,4.546273402779351,15.026768560672359
Dhaka,BD3026,Sunamganj,BD6090,False,169.42622641456177,169.42622641456177,169.42622641456177,169.42622641456177,2695496,14734701,96875416,0.0031132134547426317,93.9025564001033,5.132417589683077,14.80709278991802
Dhaka,BD3026,Sylhet,BD6091,False,216.32237883963853,216.32237883963853,216.32237883963853,216.32237883963853,3857123,14734701,116561117,0.0032027896906679427,82.42530979462741,5.376769789648972,15.16543212675189
Dhaka,BD3026,Tangail,BD3093,False,68.28780558206927,68.28780558206927,68.28780558206927,68.28780558206927,4037608,14734701,19690949,0.044930087319482497,865.8403845216733,4.223731208646025,15.2111629953813
Dhaka,BD3026,Thakurgaon,BD5594,False,311.3867721403665,311.3867721403665,311.3867721403665,311.3867721403665,1533895,14734701,144886909,0.0008786180619487038,15.819593242697565,5.741035779821887,14.243320810065981
Dinajpur,BD5527,Bagerhat,BD4001,False,375.19673594376974,375.19673594376974,375.19673594376974,375.19673594376974,1613076,3315236,136450119,0.0002706366380357982,11.458736337837323,5.92745051758402,14.293653473170336
Dinajpur,BD5527,Bandarban,BD2003,False,559.6438906012582,559.6438906012582,559.6438906012582,559.6438906012582,481106,3315236,158539006,6.070410219145378e-05,1.536092040921073,6.327300671812291,13.08384289902944
Dinajpur,BD5527,Barguna,BD1004,False,410.9337330532762,410.9337330532762,410.9337330532762,410.9337330532762,1010531,3315236,143337533,0.00015470389684299124,5.984199369053059,6.0184319680497085,13.825986493237492
Dinajpur,BD5527,Barishal,BD1006,False,350.80976792636403,350.80976792636403,350.80976792636403,350.80976792636403,2570446,3315236,125272403,0.0005052759706337227,20.88647401233244,5.8602441048263465,14.759589982670962
Dinajpur,BD5527,Bhola,BD1009,False,416.24614603143965,416.24614603143965,416.24614603143965,416.24614603143965,1932518,3315236,146075318,0.0002834064371618444,11.153806266246825,6.0312767824684625,14.474334373759973
Dinajpur,BD5527,Bogura,BD5010,False,107.54368978127779,107.54368978127779,107.54368978127779,107.54368978127779,3734297,3315236,18036749,0.023112597160297843,322.87839818907537,4.677897181572899,15.133070139288687
Dinajpur,BD5527,Brahmanbaria,BD2012,False,297.50271223625185,297.50271223625185,297.50271223625185,297.50271223625185,3306563,3315236,100895774,0.0009783588862245117,37.35897420282184,5.695423341704638,15.011419839295048
Dinajpur,BD5527,Chandpur,BD2013,False,330.1140315479784,330.1140315479784,330.1140315479784,330.1140315479784,2635748,3315236,110443869,0.0006599307917970309,24.186660950593797,5.799438144917214,14.784677570641602
Dinajpur,BD5527,Chapainawabganj,BD5070,False,114.45890143452381,114.45890143452381,114.45890143452381,114.45890143452381,1835528,3315236,21771046,0.009010209907655425,140.10765596126774,4.740215819123643,14.422842736501666
Dinajpur,BD5527,Chattogram,BD2015,False,470.413548682754,470.413548682754,470.413548682754,470.413548682754,9169465,3315236,148721955,0.0012402968494608685,41.43662297964988,6.153612198641475,16.031389500109725
Dinajpur,BD5527,Chuadanga,BD4018,False,224.8730662874752,224.8730662874752,224.8730662874752,224.8730662874752,1234054,3315236,53766940,0.0012290191598058444,24.403902456745804,5.415536093178584,14.025815242619684
Dinajpur,BD5527,Cox's Bazar,BD2022,False,569.2393603018694,569.2393603018694,569.2393603018694,569.2393603018694,2823268,3315236,159020112,0.00034910190940697257,8.712890616545721,6.344301014039038,14.853405637196515
Dinajpur,BD5527,Cumilla,BD2019,False,333.3463218546301,333.3463218546301,333.3463218546301,333.3463218546301,6212216,3315236,116936740,0.0013542573535834212,55.90558712966345,5.80918195511878,15.642028234056378
Dinajpur,BD5527,Dhaka,BD3026,False,252.69878585973746,252.69878585973746,252.69878585973746,252.69878585973746,14734701,3315236,66051251,0.00837344064098744,230.7464440127363,5.532198209711998,16.50571588212586
Dinajpur,BD5527,Dinajpur,BD5527,True,0.0,38.34735953284132,1.0,30.31167766281536,3315236,3315236,0,0.5,2254.4651130267093,3.6466856736264766,15.014039370621646
Dinajpur,BD5527,Faridpur,BD3029,False,261.76765331422376,261.76765331422376,261.76765331422376,261.76765331422376,2162879,3315236,84053578,0.000916670882534616,31.564598146724606,5.567457290892769,14.586950762547518
Dinajpur,BD5527,Feni,BD2030,False,395.3645272696012,395.3645272696012,395.3645272696012,395.3645272696012,1648896,3315236,138063195,0.00027033702757195427,10.548673787408935,5.979808193180406,14.315616531026453
Dinajpur,BD5527,Gaibandha,BD5532,False,81.02833210483865,81.02833210483865,81.02833210483865,81.02833210483865,2562233,3315236,10360757,0.038250368082894275,390.251716054178,4.394798872586082,14.756389701878161
Dinajpur,BD5527,Gazipur,BD3033,False,238.703772139268,238.703772139268,238.703772139268,238.703772139268,5263450,3315236,57748837,0.004308294713507906,92.37446532084516,5.475223336065619,15.476297263245858
Dinajpur,BD5527,Gopalganj,BD3035,False,302.4679438110542,302.4679438110542,302.4679438110542,302.4679438110542,1295057,3315236,107854250,0.00034340144072612624,14.155661720117893,5.711975300983038,14.07406526759114
Dinajpur,BD5527,Habiganj,BD6036,False,301.0783313992869,301.0783313992869,301.0783313992869,301.0783313992869,2358886,3315236,104202337,0.0006619684562942091,26.02243616826415,5.707370468099981,14.673700031660417
Dinajpur,BD5527,Jamalpur,BD4539,False,129.13090515723127,129.13090515723127,129.13090515723127,129.13090515723127,2499738,3315236,23606574,0.010462589061135,149.91120728059076,4.860826658492718,14.731696484346525
Dinajpur,BD5527,Jashore,BD4041,False,285.16466842843784,285.16466842843784,285.16466842843784,285.16466842843784,3076144,3315236,95405543,0.0010147939910127057,37.828161096649154,5.653066797375197,14.939187422556142
Dinajpur,BD5527,Jhalokati,BD1042,False,368.316825462236,368.316825462236,368.316825462236,368.316825462236,661160,3315236,133851011,0.00011594130356389873,4.87375230361257,5.908943506529813,13.40175114703129
Dinajpur,BD5527,Jhenaidah,BD4044,False,239.96437327005637,239.96437327005637,239.96437327005637,239.96437327005637,2005849,3315236,63012287,0.0014671889756027517,34.834108471640455,5.480490467614887,14.511577970493308
Dinajpur,BD5527,Joypurhat,BD5038,False,66.72093329906372,66.72093329906372,66.72093329906372,66.72093329906372,956431,3315236,8224483,0.021988551979843514,214.84706184756996,4.200518746247975,13.770963927257238
Dinajpur,BD5527,Khagrachhari,BD2046,False,421.7495650366635,421.7495650366635,421.7495650366635,421.7495650366635,714119,3315236,148007836,0.0001029034775089357,4.014775834798859,6.044411690095762,13.478804894101042
Dinajpur,BD5527,Khulna,BD4047,False,357.617064472736,357.617064472736,357.617064472736,357.617064472736,2613385,3315236,127842849,0.0004938093141323278,20.434636947817413,5.879462761603596,14.776156873871212
Dinajpur,BD5527,Kishoreganj,BD3048,False,258.0979371939219,258.0979371939219,258.0979371939219,258.0979371939219,3267626,3315236,80785952,0.0014743079987568969,49.05274052365266,5.553339114418015,14.999574285328466
Dinajpur,BD5527,Kurigram,BD5549,False,92.72163459919199,92.72163459919199,92.72163459919199,92.72163459919199,2329160,3315236,15707589,0.019010804884261566,270.91756568473124,4.529601828289301,14.66101824551926
Dinajpur,BD5527,Kushtia,BD4050,False,191.277736714946,191.277736714946,191.277736714946,191.277736714946,2149692,3315236,42688034,0.0032172068149651897,58.75534646222314,5.253726490765899,14.580835134027797
Dinajpur,BD5527,Lakshmipur,BD2051,False,369.69520837153647,369.69520837153647,369.69520837153647,369.69520837153647,1937948,3315236,134512171,0.0003335196695144338,14.17928971575897,5.9126789050025925,14.477140239287523
Dinajpur,BD5527,Lalmonirhat,BD5552,False,65.86463328093893,65.86463328093893,65.86463328093893,65.86463328093893,1428406,3315236,6796077,0.04058479228441854,329.26616812524117,4.187601624928326,14.172069695197669
Dinajpur,BD5527,Madaripur,BD3054,False,302.3050151468361,302.3050151468361,302.3050151468361,302.3050151468361,1293027,3315236,106561223,0.00035093912645968846,14.14871144490204,5.711436491614179,14.07249653920651
Dinajpur,BD5527,Magura,BD4055,False,251.79775340638662,251.79775340638662,251.79775340638662,251.79775340638662,1033115,3315236,65018136,0.0007225710612678755,16.294647330797183,5.528626199435363,13.848089068139739
Dinajpur,BD5527,Manikganj,BD3056,False,230.7035687025889,230.7035687025889,230.7035687025889,230.7035687025889,1558025,3315236,56190812,0.0014214840631642696,29.27290321973021,5.441133634078655,14.258929551497186
Dinajpur,BD5527,Meherpur,BD4057,False,204.28827344019447,204.28827344019447,204.28827344019447,204.28827344019447,705356,3315236,50736731,0.0007900764261228812,16.90135364370612,5.319532101449797,13.466457918881725
Dinajpur,BD5527,Moulvibazar,BD6058,False,340.05644339365523,340.05644339365523,340.05644339365523,340.05644339365523,2123447,3315236,123148956,0.00043290148896367285,18.362821355793137,5.829111613813414,14.568551269629545
Dinajpur,BD5527,Munshiganj,BD3059,False,286.2118228819204,286.2118228819204,286.2118228819204,286.2118228819204,1625416,3315236,98481687,0.0005118349924305961,19.84218027526417,5.656732176129081,14.301274340983566
Dinajpur,BD5527,Mymensingh,BD4561,False,194.96185205527505,194.96185205527505,194.96185205527505,194.96185205527505,5899005,3315236,44837726,0.007513783968163067,155.19562729498105,5.272803908939839,15.590294250586142
Dinajpur,BD5527,Naogaon,BD5064,False,81.27635228405401,81.27635228405401,81.27635228405401,81.27635228405401,2784599,3315236,12922990,0.02988570590611861,421.5355967738752,4.397855104428102,14.839614435339252
Dinajpur,BD5527,Narail,BD4065,False,289.33890972545805,289.33890972545805,289.33890972545805,289.33890972545805,788671,3315236,100107103,0.00024259528786515962,9.420678666229119,5.667598699051185,13.57810452934276
Dinajpur,BD5527,Narayanganj,BD3067,False,278.7394840861842,278.7394840861842,278.7394840861842,278.7394840861842,3909138,3315236,91496405,0.0013846028294333828,50.3134407769279,5.630277596811356,15.178827447298536
Dinajpur,BD5527,Narsingdi,BD3068,False,270.0727843591264,270.0727843591264,270.0727843591264,270.0727843591264,2584452,3315236,88911953,0.0009798560647109576,35.43291046618086,5.598691494370921,14.765024051188075
Dinajpur,BD5527,Natore,BD5069,False,142.18976342060685,142.18976342060685,142.18976342060685,142.18976342060685,1859922,3315236,29021321,0.0055761444096459264,91.99369611056235,4.9571625275810804,14.436045109326196
Dinajpur,BD5527,Netrakona,BD4572,False,223.4970383290472,223.4970383290472,223.4970383290472,223.4970383290472,2324853,3315236,51442087,0.00246585320619601,46.542740637033475,5.409398162641651,14.659167369198306
Dinajpur,BD5527,Nilphamari,BD5573,False,46.16022741969523,46.16022741969523,46.16022741969523,46.16022741969523,2092568,3315236,3169614,0.12472040705515341,982.072839174517,3.832118548957535,14.553902577830893
Dinajpur,BD5527,Noakhali,BD2075,False,403.5172137874522,403.5172137874522,403.5172137874522,403.5172137874522,3625442,3315236,139712091,0.0005730151726527566,22.265724406500674,6.000219147983318,15.103486769872411
Dinajpur,BD5527,Pabna,BD5076,False,185.42937021230907,185.42937021230907,185.42937021230907,185.42937021230907,2909624,3315236,35740802,0.005885306116632679,84.62132549345003,5.222674055969986,14.8835344211774
Dinajpur,BD5527,Panchagarh,BD5577,False,75.86485104461802,75.86485104461802,75.86485104461802,75.86485104461802,1179843,3315236,9180914,0.022887774734480542,204.99487393806285,4.328953481548374,13.98089193674234
Dinajpur,BD5527,Patuakhali,BD1078,False,416.0210661722787,416.0210661722787,416.0210661722787,416.0210661722787,1727254,3315236,144348064,0.0002595822241128869,9.97988557209471,6.030735898816318,14.362043422168306
Dinajpur,BD5527,Pirojpur,BD1079,False,365.392767395715,365.392767395715,365.392767395715,365.392767395715,1198195,3315236,132652816,0.00021298931711740153,8.974445192987057,5.9009728500854886,13.996326815697198
Dinajpur,BD5527,Rajbari,BD3082,False,225.53245229797614,225.53245229797614,225.53245229797614,225.53245229797614,1189818,3315236,55000994,0.001136696273301829,23.391735817187936,5.41846406121791,13.989310912214547
Dinajpur,BD5527,Rajshahi,BD5081,False,130.16360537024966,130.16360537024966,130.16360537024966,130.16360537024966,2915009,3315236,26106312,0.01015769231461531,172.05241024667455,4.868792162052739,14.885383465240523
Dinajpur,BD5527,Rangamati,BD2084,False,471.49602864514264,471.49602864514264,471.49602864514264,471.49602864514264,647586,3315236,157891420,8.228200116584095e-05,2.9130059595246913,6.155910679228162,13.381006882269048
Dinajpur,BD5527,Rangpur,BD5585,False,45.1573659807354,45.1573659807354,45.1573659807354,45.1573659807354,3169614,3315236,0,0.4887721381373509,1554.35127251743,3.8101534112016564,14.9691203718778
Dinajpur,BD5527,Satkhira,BD4087,False,362.86443704290974,362.86443704290974,362.86443704290974,362.86443704290974,2196582,3315236,130456234,0.0004003699696861147,16.682402947183263,5.894029312841984,14.602413073820426
Dinajpur,BD5527,Shariatpur,BD3086,False,311.6447722353751,311.6447722353751,311.6447722353751,311.6447722353751,1294562,3315236,109149307,0.0003354559621393642,13.32917170612975,5.741863988640799,14.073682971966935
Dinajpur,BD5527,Sherpur,BD4589,False,142.9926305184742,142.9926305184742,142.9926305184742,142.9926305184742,1501853,3315236,30881243,0.004078613572997174,73.45140630165285,4.962793094096098,14.22221023700936
Dinajpur,BD5527,Sirajganj,BD5088,False,160.20465026164905,160.20465026164905,160.20465026164905,160.20465026164905,3357706,3315236,32383096,0.007984008812116685,130.82550816285766,5.076452062063453,15.026768560672359
Dinajpur,BD5527,Sunamganj,BD6090,False,268.5354531308925,268.5354531308925,268.5354531308925,268.5354531308925,2695496,3315236,86216457,0.001082224527698289,37.37966711443426,5.592982946688052,14.80709278991802
Dinajpur,BD5527,Sylhet,BD6091,False,331.3564045156272,331.3564045156272,331.3564045156272,331.3564045156272,3857123,3315236,113079617,0.0009135912688739597,35.12956322003411,5.803194546899206,15.16543212675189
Dinajpur,BD5527,Tangail,BD3093,False,186.99496282306356,186.99496282306356,186.99496282306356,186.99496282306356,4037608,3315236,38650426,0.006933552691088652,115.46871597890188,5.231081679716724,15.2111629953813
Dinajpur,BD5527,Thakurgaon,BD5594,False,59.66645415919219,59.66645415919219,59.66645415919219,59.66645415919219,1533895,3315236,5262182,0.058633517960718216,430.8590036540604,4.088769955588519,14.243320810065981
Faridpur,BD3029,Bagerhat,BD4001,False,123.75201581206136,123.75201581206136,123.75201581206136,123.75201581206136,1613076,2162879,73874563,0.0005909016438890782,105.32955897461123,4.8182796907065235,14.293653473170336
Faridpur,BD3029,Bandarban,BD2003,False,318.8935266537427,318.8935266537427,318.8935266537427,318.8935266537427,481106,2162879,161334788,3.881269547097113e-05,4.730960982326946,5.764857274825171,13.08384289902944
Faridpur,BD3029,Barguna,BD1004,False,151.53266358165718,151.53266358165718,151.53266358165718,151.53266358165718,1010531,2162879,92017337,0.00024379648949661507,44.00855678589803,5.020801202909882,13.825986493237492
Faridpur,BD3029,Barishal,BD1006,False,90.2871445133064,90.2871445133064,90.2871445133064,90.2871445133064,2570446,2162879,36713147,0.0034504145473433067,315.3237253040286,4.502995086094469,14.759589982670962
Faridpur,BD3029,Bhola,BD1009,False,156.6949837746366,156.6949837746366,156.6949837746366,156.6949837746366,1932518,2162879,94755122,0.00043628709781974476,78.70700019899154,5.054301137200814,14.474334373759973
Faridpur,BD3029,Bogura,BD5010,False,156.72766274341245,156.72766274341245,156.72766274341245,156.72766274341245,3734297,2162879,96687640,0.0007964876423646008,152.02588546216776,5.054509666924223,15.133070139288687
Faridpur,BD3029,Brahmanbaria,BD2012,False,137.23312771048103,137.23312771048103,137.23312771048103,137.23312771048103,3306563,2162879,77347561,0.001086088859112507,175.57346437971466,4.9216811417618205,15.011419839295048
Faridpur,BD3029,Chandpur,BD2013,False,97.84337252938033,97.84337252938033,97.84337252938033,97.84337252938033,2635748,2162879,46696735,0.002265781166177908,275.3220901979895,4.583367960627244,14.784677570641602
Faridpur,BD3029,Chapainawabganj,BD5070,False,210.8580365755843,210.8580365755843,210.8580365755843,210.8580365755843,1835528,2162879,123599877,0.0002473980988330797,41.28389809476409,5.351185094598216,14.422842736501666
Faridpur,BD3029,Chattogram,BD2015,False,234.52474384603016,234.52474384603016,234.52474384603016,234.52474384603016,9169465,2162879,128845020,0.0010799430412009193,166.71192127315427,5.457561099786838,16.031389500109725
Faridpur,BD3029,Chuadanga,BD4018,False,102.03054240537853,102.03054240537853,102.03054240537853,102.03054240537853,1234054,2162879,53370091,0.000846680114953858,118.5424157087641,4.6252722038093035,14.025815242619684
Faridpur,BD3029,Cox's Bazar,BD2022,False,318.54645443903877,318.54645443903877,318.54645443903877,318.54645443903877,2823268,2162879,158511520,0.00023244814546094232,27.82316649470235,5.7637683181883235,14.853405637196515
Faridpur,BD3029,Cumilla,BD2019,False,121.99319896690149,121.99319896690149,121.99319896690149,121.99319896690149,6212216,2162879,65724399,0.0026710076620984954,417.42197476855387,4.803965297006442,15.642028234056378
Faridpur,BD3029,Dhaka,BD3026,False,54.163459992638735,54.163459992638735,54.163459992638735,54.163459992638735,14734701,2162879,7157713,0.14214101187517397,5022.59926069856,3.992006511213385,16.50571588212586
Faridpur,BD3029,Dinajpur,BD5527,False,261.76765331422376,261.76765331422376,261.76765331422376,261.76765331422376,3315236,2162879,146284292,0.0003182808741631386,48.38185219864574,5.567457290892769,15.014039370621646
Faridpur,BD3029,Faridpur,BD3029,True,0.0,24.901706085468675,1.0,23.10073358454833,2162879,2162879,0,0.5,3487.980259002566,3.214936318612148,14.586950762547518
Faridpur,BD3029,Feni,BD2030,False,169.38430624106206,169.38430624106206,169.38430624106206,169.38430624106206,1648896,2162879,109462126,0.00028205521881396204,57.47075798052485,5.1321701347212425,14.315616531026453
Faridpur,BD3029,Gaibandha,BD5532,False,205.14176215185344,205.14176215185344,205.14176215185344,205.14176215185344,2562233,2162879,121037644,0.0003576730736354838,60.88502053296595,5.323701262838732,14.756389701878161
Faridpur,BD3029,Gazipur,BD3033,False,92.45649826245375,92.45649826245375,92.45649826245375,92.45649826245375,5263450,2162879,39283593,0.005880388439390092,615.7375229124474,4.526738244843244,15.476297263245858
Faridpur,BD3029,Gopalganj,BD3035,False,41.98049027688294,41.98049027688294,41.98049027688294,41.98049027688294,1295057,2162879,2222933,0.1124232980250821,734.8418318561882,3.7372049931447506,14.07406526759114
Faridpur,BD3029,Habiganj,BD6036,False,189.57778527393765,189.57778527393765,189.57778527393765,189.57778527393765,2358886,2162879,114937728,0.0003647198187151554,65.63448201361767,5.244799416679717,14.673700031660417
Faridpur,BD3029,Jamalpur,BD4539,False,166.14558378067252,166.14558378067252,166.14558378067252,166.14558378067252,2499738,2162879,106962388,0.0004438537623254631,90.55592855224106,5.112864414734281,14.731696484346525
Faridpur,BD3029,Jashore,BD4041,False,80.46697712270921,80.46697712270921,80.46697712270921,80.46697712270921,3076144,2162879,33637003,0.004780523160947399,475.0849671230251,4.387846878182277,14.939187422556142
Faridpur,BD3029,Jhalokati,BD1042,False,106.77082555898156,106.77082555898156,106.77082555898156,106.77082555898156,661160,2162879,59160046,0.0003762146806447119,57.99644447201597,4.670684720285275,13.40175114703129
Faridpur,BD3029,Jhenaidah,BD4044,False,76.63895220758394,76.63895220758394,76.63895220758394,76.63895220758394,2005849,2162879,24812392,0.0055494440699948135,341.50661408922326,4.339105461956203,14.511577970493308
Faridpur,BD3029,Joypurhat,BD5038,False,195.12108751617288,195.12108751617288,195.12108751617288,195.12108751617288,956431,2162879,120081213,0.0001373553049838719,25.121480383324357,5.2736203274682545,13.770963927257238
Faridpur,BD3029,Khagrachhari,BD2046,False,218.60062233869638,218.60062233869638,218.60062233869638,218.60062233869638,714119,2162879,125435405,9.433858108723869e-05,14.944032387861869,5.387246422667463,13.478804894101042
Faridpur,BD3029,Khulna,BD4047,False,119.02532052723564,119.02532052723564,119.02532052723564,119.02532052723564,2613385,2162879,62405658,0.0013030535010387686,184.46954421262853,4.779336248017395,14.776156873871212
Faridpur,BD3029,Kishoreganj,BD3048,False,150.11169291568876,150.11169291568876,150.11169291568876,150.11169291568876,3267626,2162879,88749711,0.0008254311502402157,145.011784632132,5.011379636442671,14.999574285328466
Faridpur,BD3029,Kurigram,BD5549,False,257.6233730948465,257.6233730948465,257.6233730948465,257.6233730948465,2329160,2162879,143307546,0.00023430611591463124,35.09367087156603,5.551498724177957,14.66101824551926
Faridpur,BD3029,Kushtia,BD4050,False,96.72826241272581,96.72826241272581,96.72826241272581,96.72826241272581,2149692,2162879,44547043,0.002037273286105269,229.7573786015874,4.571905628761387,14.580835134027797
Faridpur,BD3029,Lakshmipur,BD2051,False,122.75044047585546,122.75044047585546,122.75044047585546,122.75044047585546,1937948,2162879,71936615,0.0007439291957762467,128.61629688394373,4.810153355066199,14.477140239287523
Faridpur,BD3029,Lalmonirhat,BD5552,False,293.7271640900105,293.7271640900105,293.7271640900105,293.7271640900105,1428406,2162879,153456651,0.00012641178311154053,16.55630587449921,5.682651323168466,14.172069695197669
Faridpur,BD3029,Madaripur,BD3054,False,44.16713797599587,44.16713797599587,44.16713797599587,44.16713797599587,1293027,2162879,5076015,0.045281496859665024,662.8405632373986,3.7879810278558543,14.07249653920651
Faridpur,BD3029,Magura,BD4055,False,41.51897695191297,41.51897695191297,41.51897695191297,41.51897695191297,1033115,2162879,1189818,0.15196255043239712,599.3153203057474,3.726150598667577,13.848089068139739
Faridpur,BD3029,Manikganj,BD3056,False,42.121792363985804,42.121792363985804,42.121792363985804,42.121792363985804,1558025,2162879,3517990,0.08194447066131517,878.1338855745781,3.7405652401112395,14.258929551497186
Faridpur,BD3029,Meherpur,BD4057,False,120.49434634265769,120.49434634265769,120.49434634265769,120.49434634265769,705356,2162879,65019043,0.00033450280886746723,48.58195918754482,4.791602833511818,13.466457918881725
Faridpur,BD3029,Moulvibazar,BD6058,False,238.54894341924143,238.54894341924143,238.54894341924143,238.54894341924143,2123447,2162879,138014485,0.00023024403390141705,37.315256485552084,5.474574502772854,14.568551269629545
Faridpur,BD3029,Munshiganj,BD3059,False,59.20962683108747,59.20962683108747,59.20962683108747,59.20962683108747,1625416,2162879,21892414,0.005690875618815856,463.6389168659059,4.081084144059502,14.301274340983566
Faridpur,BD3029,Mymensingh,BD4561,False,148.29428499828896,148.29428499828896,148.29428499828896,148.29428499828896,5899005,2162879,82850706,0.0016508158388393607,268.243949902849,4.999198711639957,15.590294250586142
Faridpur,BD3029,Naogaon,BD5064,False,192.66124041820092,192.66124041820092,192.66124041820092,192.66124041820092,2784599,2162879,117296614,0.00041242628910851683,75.01946430726935,5.260933415688284,14.839614435339252
Faridpur,BD3029,Narail,BD4065,False,46.93211358683443,46.93211358683443,46.93211358683443,46.93211358683443,788671,2162879,6369042,0.021450517428917765,358.05986666462627,3.848702165801235,13.57810452934276
Faridpur,BD3029,Narayanganj,BD3067,False,80.06113991068729,80.06113991068729,80.06113991068729,80.06113991068729,3909138,2162879,29727865,0.007405714742289354,609.8702709417892,4.3827905916680026,15.178827447298536
Faridpur,BD3029,Narsingdi,BD3068,False,111.49466719131523,111.49466719131523,111.49466719131523,111.49466719131523,2584452,2162879,59821206,0.0013966884886046302,207.90277186030096,4.713976761875803,14.765024051188075
Faridpur,BD3029,Natore,BD5069,False,126.0504361841206,126.0504361841206,126.0504361841206,126.0504361841206,1859922,2162879,75487639,0.0006515660413542064,117.05932777272017,4.8366821140335,14.436045109326196
Faridpur,BD3029,Netrakona,BD4572,False,185.36522384354274,185.36522384354274,185.36522384354274,185.36522384354274,2324853,2162879,112612875,0.0003741264568179469,67.6610881229158,5.2223280618781915,14.659167369198306
Faridpur,BD3029,Nilphamari,BD5573,False,297.58840872701074,297.58840872701074,297.58840872701074,297.58840872701074,2092568,2162879,154885057,0.00018109182333319123,23.629120521265868,5.695711353030408,14.553902577830893
Faridpur,BD3029,Noakhali,BD2075,False,157.8656336568323,157.8656336568323,157.8656336568323,157.8656336568323,3625442,2162879,100421937,0.0007196869669840476,145.47412958013905,5.06174425132136,15.103486769872411
Faridpur,BD3029,Pabna,BD5076,False,78.78651465274011,78.78651465274011,78.78651465274011,78.78651465274011,2909624,2162879,26818241,0.006809093187532854,468.741162810897,4.36674184837029,14.8835344211774
Faridpur,BD3029,Panchagarh,BD5577,False,337.0493783868199,337.0493783868199,337.0493783868199,337.0493783868199,1179843,2162879,161815894,9.4225310417459e-05,10.385733138029675,5.820229443021883,13.98089193674234
Faridpur,BD3029,Patuakhali,BD1078,False,154.3022394089817,154.3022394089817,154.3022394089817,154.3022394089817,1727254,2162879,93027868,0.00040493866637082026,72.54571224922033,5.038913272607814,14.362043422168306
Faridpur,BD3029,Pirojpur,BD1079,False,106.27585422363657,106.27585422363657,106.27585422363657,106.27585422363657,1198195,2162879,57961851,0.0007028841110366419,106.08605363994532,4.666038112073163,13.996326815697198
Faridpur,BD3029,Rajbari,BD3082,False,39.54075339285209,39.54075339285209,39.54075339285209,39.54075339285209,1189818,2162879,0,0.35488384426030745,761.010510508186,3.677331871502578,13.989310912214547
Faridpur,BD3029,Rajshahi,BD5081,False,163.08080327973514,163.08080327973514,163.08080327973514,163.08080327973514,2915009,2162879,104047379,0.0005439767535245803,109.60597155325672,5.0942458036179445,14.885383465240523
Faridpur,BD3029,Rangamati,BD2084,False,259.75019378050223,259.75019378050223,259.75019378050223,259.75019378050223,647586,2162879,145636706,6.383877357786089e-05,9.598109291329832,5.559720376006016,13.381006882269048
Faridpur,BD3029,Rangpur,BD5585,False,248.94353172758954,248.94353172758954,248.94353172758954,248.94353172758954,3169614,2162879,140137932,0.0003311742165198556,51.145176701033876,5.517226090535703,14.9691203718778
Faridpur,BD3029,Satkhira,BD4087,False,141.56979732032832,141.56979732032832,141.56979732032832,141.56979732032832,2196582,2162879,80654124,0.0006747949187287476,109.59890113504197,4.95279286274845,14.602413073820426
Faridpur,BD3029,Shariatpur,BD3086,False,63.580998528468626,63.580998528468626,63.580998528468626,63.580998528468626,1294562,2162879,23517830,0.0040418691774467205,320.23453560583795,4.152314660431189,14.073682971966935
Faridpur,BD3029,Sherpur,BD4589,False,179.87386641929336,179.87386641929336,179.87386641929336,179.87386641929336,1501853,2162879,111111022,0.00024985016386672724,46.41851968431468,5.19225586314066,14.22221023700936
Faridpur,BD3029,Sirajganj,BD5088,False,104.3574000808135,104.3574000808135,104.3574000808135,104.3574000808135,3357706,2162879,54604145,0.0021277746211303557,308.3160726637509,4.647821546972505,15.026768560672359
Faridpur,BD3029,Sunamganj,BD6090,False,222.94294697311005,222.94294697311005,222.94294697311005,222.94294697311005,2695496,2162879,126149524,0.0003468205282855157,54.2314500184965,5.406915895556762,14.80709278991802
Faridpur,BD3029,Sylhet,BD6091,False,270.418471221087,270.418471221087,270.418471221087,270.418471221087,3857123,2162879,149599528,0.00035323799171527593,52.74615198916694,5.599970652564609,15.16543212675189
Faridpur,BD3029,Tangail,BD3093,False,98.89999999279435,98.89999999279435,98.89999999279435,98.89999999279435,4037608,2162879,49332483,0.0030537772811170196,412.79228240558615,4.594109238555808,15.2111629953813
Faridpur,BD3029,Thakurgaon,BD5594,False,317.38924976003443,317.38924976003443,317.38924976003443,317.38924976003443,1533895,2162879,156977625,0.00012974793139351,15.226889856688949,5.760128937827585,14.243320810065981
Feni,BD2030,Bagerhat,BD4001,False,185.35444569276606,185.35444569276606,185.35444569276606,185.35444569276606,1613076,1648896,84124231,0.00035485749421535314,46.95142909101378,5.222269914703032,14.293653473170336
Feni,BD2030,Bandarban,BD2003,False,164.75058105158845,164.75058105158845,164.75058105158845,164.75058105158845,481106,1648896,74975506,0.00013427078767258785,17.725025278020155,5.1044327002449155,13.08384289902944
Feni,BD2030,Barguna,BD1004,False,163.41836824066425,163.41836824066425,163.41836824066425,163.41836824066425,1010531,1648896,73964975,0.0002875903670789951,37.83971890170605,5.096313588841628,13.825986493237492
Feni,BD2030,Barishal,BD1006,False,111.64873130017929,111.64873130017929,111.64873130017929,111.64873130017929,2570446,1648896,31476167,0.0035845237068711684,206.205811007946,4.715357615034676,14.759589982670962
Feni,BD2030,Bhola,BD1009,False,101.49903103424222,101.49903103424222,101.49903103424222,101.49903103424222,1932518,1648896,24942524,0.004201126887798949,187.5857116593482,4.6200492519756065,14.474334373759973
Feni,BD2030,Bogura,BD5010,False,289.6715019035888,289.6715019035888,289.6715019035888,289.6715019035888,3734297,1648896,132967545,0.000330614986303554,44.50382237442574,5.668747528875418,15.133070139288687
Feni,BD2030,Brahmanbaria,BD2012,False,111.21257682921478,111.21257682921478,111.21257682921478,111.21257682921478,3306563,1648896,28169604,0.005519853615041627,267.34310916766407,4.711443476403195,15.011419839295048
Feni,BD2030,Chandpur,BD2013,False,72.32338722933686,72.32338722933686,72.32338722933686,72.32338722933686,2635748,1648896,12489725,0.018324996689365762,503.9023338702248,4.281147551675957,14.784677570641602
Feni,BD2030,Chapainawabganj,BD5070,False,372.7051252002308,372.7051252002308,372.7051252002308,372.7051252002308,1835528,1648896,152124244,0.00012648528698739475,13.21387773176486,5.9207875579340765,14.422842736501666
Feni,BD2030,Chattogram,BD2015,False,75.4810351492006,75.4810351492006,75.4810351492006,75.4810351492006,9169465,1648896,15125473,0.034742167709454715,1609.415954300087,4.323881434624655,16.031389500109725
Feni,BD2030,Chuadanga,BD4018,False,270.4966322489009,270.4966322489009,270.4966322489009,270.4966322489009,1234054,1648896,127373831,0.00012107678218326517,16.865935660416596,5.600259648112548,14.025815242619684
Feni,BD2030,Cox's Bazar,BD2022,False,181.37916377501998,181.37916377501998,181.37916377501998,181.37916377501998,2823268,1648896,81300963,0.0006543023419142829,85.81778778734659,5.200589667660465,14.853405637196515
Feni,BD2030,Cumilla,BD2019,False,62.14351549983114,62.14351549983114,62.14351549983114,62.14351549983114,6212216,1648896,6277509,0.09140216872837983,1608.6253632078306,4.129446476227408,15.642028234056378
Feni,BD2030,Dhaka,BD3026,False,147.38723772736424,147.38723772736424,147.38723772736424,147.38723772736424,14734701,1648896,45847060,0.008220033212396784,678.2996115546537,4.993063393424416,16.50571588212586
Feni,BD2030,Dinajpur,BD5527,False,395.3645272696012,395.3645272696012,395.3645272696012,395.3645272696012,3315236,1648896,153959772,0.00022104704011920986,21.208944100946603,5.979808193180406,15.014039370621646
Feni,BD2030,Faridpur,BD3029,False,169.38430624106206,169.38430624106206,169.38430624106206,169.38430624106206,2162879,1648896,75456612,0.0005834989308608491,75.38516410383652,5.1321701347212425,14.586950762547518
Feni,BD2030,Feni,BD2030,True,0.0,17.54730726899854,1.0,15.361542489996951,1648896,1648896,0,0.5,5355.158166525611,2.8649005061740915,14.315616531026453
Feni,BD2030,Gaibandha,BD5532,False,320.59483272923393,320.59483272923393,320.59483272923393,320.59483272923393,2562233,1648896,137407198,0.00021453709670107493,24.92904169060209,5.770178122544734,14.756389701878161
Feni,BD2030,Gazipur,BD3033,False,157.02823866520873,157.02823866520873,157.02823866520873,157.02823866520873,5263450,1648896,65433899,0.0017882845409528622,213.4592518648719,5.056425653284308,15.476297263245858
Feni,BD2030,Gopalganj,BD3035,False,155.24368916083034,155.24368916083034,155.24368916083034,155.24368916083034,1295057,1648896,64138842,0.000483867045460376,53.73546042379667,5.044996070459711,14.07406526759114
Feni,BD2030,Habiganj,BD6036,False,152.19813391663587,152.19813391663587,152.19813391663587,152.19813391663587,2358886,1648896,60581761,0.0009676841318636447,101.83294356449319,5.025183184620726,14.673700031660417
Feni,BD2030,Jamalpur,BD4539,False,271.0646104037064,271.0646104037064,271.0646104037064,271.0646104037064,2499738,1648896,128607885,0.00023835900236306412,34.021139107475534,5.602357207237239,14.731696484346525
Feni,BD2030,Jashore,BD4041,False,229.18901517396216,229.18901517396216,229.18901517396216,229.18901517396216,3076144,1648896,110176381,0.00039476127581104104,58.56242672686442,5.434547056876884,14.939187422556142
Feni,BD2030,Jhalokati,BD1042,False,134.5725073748375,134.5725073748375,134.5725073748375,134.5725073748375,661160,1648896,43458646,0.000528058548098181,36.508490971177835,4.9021031420747585,13.40175114703129
Feni,BD2030,Jhenaidah,BD4044,False,243.6977996893378,243.6977996893378,243.6977996893378,243.6977996893378,2005849,1648896,121716437,0.0002138457606010106,33.774973756883384,5.495928931822809,14.511577970493308
Feni,BD2030,Joypurhat,BD5038,False,331.85334808217345,331.85334808217345,331.85334808217345,331.85334808217345,956431,1648896,142884440,7.499743899129246e-05,8.68482830094668,5.804693148684247,13.770963927257238
Feni,BD2030,Khagrachhari,BD2046,False,58.174398419596564,58.174398419596564,58.174398419596564,58.174398419596564,714119,1648896,3625442,0.037280433999767174,211.01182141733838,4.063445368259883,13.478804894101042
Feni,BD2030,Khulna,BD4047,False,209.87318165331985,209.87318165331985,209.87318165331985,209.87318165331985,2613385,1648896,92786519,0.00047018805911888586,59.332070106208015,5.346503451409344,14.776156873871212
Feni,BD2030,Kishoreganj,BD3048,False,160.39497000877964,160.39497000877964,160.39497000877964,160.39497000877964,3267626,1648896,70697349,0.0009849362930289907,127.01378368753933,5.077639335893201,14.999574285328466
Feni,BD2030,Kurigram,BD5549,False,355.9173495774267,355.9173495774267,355.9173495774267,355.9173495774267,2329160,1648896,146625470,0.00017198531729371784,18.386582119147043,5.87469853978942,14.66101824551926
Feni,BD2030,Kushtia,BD4050,False,264.57302751962965,264.57302751962965,264.57302751962965,264.57302751962965,2149692,1648896,123722286,0.00022171266573828573,30.710374057096345,5.578117309673266,14.580835134027797
Feni,BD2030,Lakshmipur,BD2051,False,58.23793332655246,58.23793332655246,58.23793332655246,58.23793332655246,1937948,1648896,4339561,0.06732001278934549,571.3868087559098,4.064536917794391,14.477140239287523
Feni,BD2030,Lalmonirhat,BD5552,False,405.6077453706524,405.6077453706524,405.6077453706524,405.6077453706524,1428406,1648896,157275008,9.242309005257218e-05,8.682387937512978,6.005386548176136,14.172069695197669
Feni,BD2030,Madaripur,BD3054,False,129.8633650907072,129.8633650907072,129.8633650907072,129.8633650907072,1293027,1648896,42165619,0.001078781989493918,76.67155808111896,4.866482859964275,14.07249653920651
Feni,BD2030,Magura,BD4055,False,208.1305178609105,208.1305178609105,208.1305178609105,208.1305178609105,1033115,1648896,87715796,0.0002108715905973003,23.849382425354573,5.33816537262788,13.848089068139739
Feni,BD2030,Manikganj,BD3056,False,176.33739529381282,176.33739529381282,176.33739529381282,176.33739529381282,1558025,1648896,79742938,0.0003805144904297035,50.105520631321205,5.172399178617573,14.258929551497186
Feni,BD2030,Meherpur,BD4057,False,289.86993424767746,289.86993424767746,289.86993424767746,289.86993424767746,705356,1648896,136701842,6.045470734533117e-05,8.394638928693718,5.669432319778933,13.466457918881725
Feni,BD2030,Moulvibazar,BD6058,False,172.45160170035118,172.45160170035118,172.45160170035118,172.45160170035118,2123447,1648896,77619491,0.0005426925187104255,71.40143842328237,5.150116627251293,14.568551269629545
Feni,BD2030,Munshiganj,BD3059,False,117.30104398129886,117.30104398129886,117.30104398129886,117.30104398129886,1625416,1648896,37955751,0.0016413365845188337,118.13015552897836,4.764743655716148,14.301274340983566
Feni,BD2030,Mymensingh,BD4561,False,213.84243212215944,213.84243212215944,213.84243212215944,213.84243212215944,5899005,1648896,95399904,0.000973564585924611,129.0003812693084,5.365239445326401,15.590294250586142
Feni,BD2030,Naogaon,BD5064,False,343.1455152489182,343.1455152489182,343.1455152489182,343.1455152489182,2784599,1648896,143840871,0.00021284203530394806,23.648631191424546,5.838154599908663,14.839614435339252
Feni,BD2030,Narail,BD4065,False,188.01241792916716,188.01241792916716,188.01241792916716,188.01241792916716,788671,1648896,85737307,0.0001687723972638415,22.31119348243183,5.236508013463277,13.57810452934276
Feni,BD2030,Narayanganj,BD3067,False,117.18494902456318,117.18494902456318,117.18494902456318,117.18494902456318,3909138,1648896,34046613,0.0045594718705867,284.6671355044948,4.763753447604069,15.178827447298536
Feni,BD2030,Narsingdi,BD3068,False,129.1644234263869,129.1644234263869,129.1644234263869,129.1644234263869,2584452,1648896,39581167,0.002359009707147677,154.91114047700444,4.861086192952962,14.765024051188075
Feni,BD2030,Natore,BD5069,False,282.21980752902743,282.21980752902743,282.21980752902743,282.21980752902743,1859922,1648896,131107623,0.00017160661912056619,23.351767006439445,5.642686226640251,14.436045109326196
Feni,BD2030,Netrakona,BD4572,False,215.93518265645037,215.93518265645037,215.93518265645037,215.93518265645037,2324853,1648896,103994405,0.0003360865427192735,49.85958747947147,5.374978282356853,14.659167369198306
Feni,BD2030,Nilphamari,BD5573,False,419.8051905115162,419.8051905115162,419.8051905115162,419.8051905115162,2092568,1648896,158703414,0.0001324620894269215,11.87364258450516,6.039790771558586,14.553902577830893
Feni,BD2030,Noakhali,BD2075,False,45.003485526129964,45.003485526129964,45.003485526129964,45.003485526129964,3625442,1648896,0,0.687373846727305,1790.0644147093526,3.8067399429069697,15.103486769872411
Feni,BD2030,Pabna,BD5076,False,237.56615699402204,237.56615699402204,237.56615699402204,237.56615699402204,2909624,1648896,113252525,0.00035442041261770957,51.554636090439026,5.470446140449545,14.8835344211774
Feni,BD2030,Panchagarh,BD5577,False,464.38826508892424,464.38826508892424,464.38826508892424,464.38826508892424,1179843,1648896,162329877,7.183376298262939e-05,5.470937415388384,6.140720980531439,13.98089193674234
Feni,BD2030,Patuakhali,BD1078,False,137.50476027303313,137.50476027303313,137.50476027303313,137.50476027303313,1727254,1648896,44119806,0.0013101597162698782,91.3525638645796,4.923658536674876,14.362043422168306
Feni,BD2030,Pirojpur,BD1079,False,154.4540185534928,154.4540185534928,154.4540185534928,154.4540185534928,1198195,1648896,62940647,0.00046495786833759687,50.22605624253455,5.039896437501304,13.996326815697198
Feni,BD2030,Rajbari,BD3082,False,205.5544500763187,205.5544500763187,205.5544500763187,205.5544500763187,1189818,1648896,86525978,0.00024897915498361316,28.15961858933694,5.3257109627145915,13.989310912214547
Feni,BD2030,Rajshahi,BD5081,False,324.90258242680204,324.90258242680204,324.90258242680204,324.90258242680204,2915009,1648896,139969431,0.00023482572834937062,27.614270417247784,5.783525391017742,14.885383465240523
Feni,BD2030,Rangamati,BD2084,False,90.78789873209044,90.78789873209044,90.78789873209044,90.78789873209044,647586,1648896,24294938,0.0015478006663941248,78.5672445498333,4.508526002849839,13.381006882269048
Feni,BD2030,Rangpur,BD5585,False,368.0078136390882,368.0078136390882,368.0078136390882,368.0078136390882,3169614,1648896,148954630,0.00022567529478192624,23.404118954290492,5.908104170658434,14.9691203718778
Feni,BD2030,Satkhira,BD4087,False,243.33890039421505,243.33890039421505,243.33890039421505,243.33890039421505,2196582,1648896,119519855,0.0002423019550364413,37.0957655407124,5.494455123545013,14.602413073820426
Feni,BD2030,Shariatpur,BD3086,False,106.31275438796739,106.31275438796739,106.31275438796739,106.31275438796739,1294562,1648896,26875042,0.0025096944062435542,114.53866436034075,4.666385262985362,14.073682971966935
Feni,BD2030,Sherpur,BD4589,False,268.5067366431277,268.5067366431277,268.5067366431277,268.5067366431277,1501853,1648896,125871978,0.00015051271626694013,20.83133263419186,5.592876003552711,14.22221023700936
Feni,BD2030,Sirajganj,BD5088,False,240.89364106475267,240.89364106475267,240.89364106475267,240.89364106475267,3357706,1648896,116162149,0.00038784597763079007,57.861807327694365,5.484355512696061,15.026768560672359
Feni,BD2030,Sunamganj,BD6090,False,215.72781758837624,215.72781758837624,215.72781758837624,215.72781758837624,2695496,1648896,101298909,0.00040867013559161316,57.91971174352989,5.37401750932832,14.80709278991802
Feni,BD2030,Sylhet,BD6091,False,221.31870729493423,221.31870729493423,221.31870729493423,221.31870729493423,3857123,1648896,106319258,0.0005267700734860594,78.7457708285958,5.399603777126055,15.16543212675189
Feni,BD2030,Tangail,BD3093,False,208.5459814445422,208.5459814445422,208.5459814445422,208.5459814445422,4037608,1648896,88748911,0.0007798743355958769,92.83687237643996,5.340159551430895,15.2111629953813
Feni,BD2030,Thakurgaon,BD5594,False,454.8466871601266,454.8466871601266,454.8466871601266,454.8466871601266,1533895,1648896,160795982,9.495005957478859e-05,7.41422156024732,6.119960410873682,14.243320810065981
Gaibandha,BD5532,Bagerhat,BD4001,False,326.5500901820194,326.5500901820194,326.5500901820194,326.5500901820194,1613076,2562233,138852018,0.0002043436987151341,15.127083827424666,5.7885833525146655,14.293653473170336
Gaibandha,BD5532,Bandarban,BD2003,False,485.3451436914386,485.3451436914386,485.3451436914386,485.3451436914386,481106,2562233,159292009,4.6916133231635755e-05,2.042393389663197,6.184860274321505,13.08384289902944
Gaibandha,BD5532,Barguna,BD1004,False,356.63866897865756,356.63866897865756,356.63866897865756,356.63866897865756,1010531,2562233,146737173,0.00011537786241386194,7.944979487758772,5.876723137516018,13.825986493237492
Gaibandha,BD5532,Barishal,BD1006,False,289.2985597346903,289.2985597346903,289.2985597346903,289.2985597346903,2570446,2562233,126025406,0.0003905105899141887,30.712554600189474,5.667459233520648,14.759589982670962
Gaibandha,BD5532,Bhola,BD1009,False,352.3340812866652,352.3340812866652,352.3340812866652,352.3340812866652,1932518,2562233,144804655,0.00022505267313248386,15.56733383154674,5.864579820057013,14.474334373759973
Gaibandha,BD5532,Bogura,BD5010,False,54.26643073377918,54.26643073377918,54.26643073377918,54.26643073377918,3734297,2562233,6625783,0.08058709063727472,1268.079087404435,3.9939058172332476,15.133070139288687
Gaibandha,BD5532,Brahmanbaria,BD2012,False,218.67833614652824,218.67833614652824,218.67833614652824,218.67833614652824,3306563,2562233,97783962,0.0008145423148836226,69.14571632010805,5.387601865375794,15.011419839295048
Gaibandha,BD5532,Chandpur,BD2013,False,259.1325695817329,259.1325695817329,259.1325695817329,259.1325695817329,2635748,2562233,121266211,0.00043125537072313065,39.25182758468108,5.557339782415079,14.784677570641602
Gaibandha,BD5532,Chapainawabganj,BD5070,False,140.92621109663125,140.92621109663125,140.92621109663125,140.92621109663125,1835528,2562233,46324671,0.0018966492832371124,92.42244688701489,4.94823642783975,14.422842736501666
Gaibandha,BD5532,Chattogram,BD2015,False,396.05017224128113,396.05017224128113,396.05017224128113,396.05017224128113,9169465,2562233,150122544,0.0009506984637922923,58.45795035879925,5.981540900808013,16.031389500109725
Gaibandha,BD5532,Chuadanga,BD4018,False,199.41072868320094,199.41072868320094,199.41072868320094,199.41072868320094,1234054,2562233,85813511,0.0003992677230632589,31.033954787739724,5.2953666609108065,14.025815242619684
Gaibandha,BD5532,Cox's Bazar,BD2022,False,498.05837533443304,498.05837533443304,498.05837533443304,498.05837533443304,2823268,2562233,159773115,0.0002698089766899115,11.38129317256234,6.210717289702033,14.853405637196515
Gaibandha,BD5532,Cumilla,BD2019,False,258.4847624036129,258.4847624036129,258.4847624036129,258.4847624036129,6212216,2562233,115053995,0.001092892649848286,92.97724093384777,5.554836745996824,15.642028234056378
Gaibandha,BD5532,Dhaka,BD3026,False,184.2126423891417,184.2126423891417,184.2126423891417,184.2126423891417,14734701,2562233,65093506,0.006772959574360453,434.2126413442258,5.216090755500427,16.50571588212586
Gaibandha,BD5532,Dinajpur,BD5527,False,81.02833210483865,81.02833210483865,81.02833210483865,81.02833210483865,3315236,2562233,14191093,0.02526479485086471,504.9410175126887,4.394798872586082,15.014039370621646
Gaibandha,BD5532,Faridpur,BD3029,False,205.14176215185344,205.14176215185344,205.14176215185344,205.14176215185344,2162879,2562233,87047565,0.0006738790357485478,51.3953775184852,5.323701262838732,14.586950762547518
Gaibandha,BD5532,Feni,BD2030,False,320.59483272923393,320.59483272923393,320.59483272923393,320.59483272923393,1648896,2562233,135006540,0.00022059601522065464,16.042802168056937,5.770178122544734,14.315616531026453
Gaibandha,BD5532,Gaibandha,BD5532,True,0.0,25.452787611009214,1.0,23.953230977007344,2562233,2562233,0,0.5,3955.0129802590895,3.236825269847332,14.756389701878161
Gaibandha,BD5532,Gazipur,BD3033,False,163.75088681264546,163.75088681264546,163.75088681264546,163.75088681264546,5263450,2562233,53814587,0.0038808245981344137,196.29226233286485,5.09834629015044,15.476297263245858
Gaibandha,BD5532,Gopalganj,BD3035,False,247.117953731953,247.117953731953,247.117953731953,247.117953731953,1295057,2562233,106825671,0.00027406743438336816,21.207051225747932,5.5098657681129195,14.07406526759114
Gaibandha,BD5532,Habiganj,BD6036,False,220.0519141997657,220.0519141997657,220.0519141997657,220.0519141997657,2358886,2562233,101090525,0.0005500360332779236,48.71432074628493,5.393863492150261,14.673700031660417
Gaibandha,BD5532,Jamalpur,BD4539,False,49.85230068482206,49.85230068482206,49.85230068482206,49.85230068482206,2499738,2562233,4126045,0.1042262358427665,1005.8288322909473,3.9090646474957693,14.731696484346525
Gaibandha,BD5532,Jashore,BD4041,False,247.90959114682178,247.90959114682178,247.90959114682178,247.90959114682178,3076144,2562233,108120728,0.0006259769570038086,50.05183491918499,5.51306412787248,14.939187422556142
Gaibandha,BD5532,Jhalokati,BD1042,False,310.8457937934719,310.8457937934719,310.8457937934719,310.8457937934719,661160,2562233,130533800,9.515748033381433e-05,6.8425279616827455,5.739296949317611,13.40175114703129
Gaibandha,BD5532,Jhenaidah,BD4044,False,205.6195002347453,205.6195002347453,205.6195002347453,205.6195002347453,2005849,2562233,89210444,0.0005971728493269849,47.44272629561537,5.326027374583194,14.511577970493308
Gaibandha,BD5532,Joypurhat,BD5038,False,48.32436093621934,48.32436093621934,48.32436093621934,48.32436093621934,956431,2562233,3169614,0.06392391403546487,409.5636504717811,3.877935800717648,13.770963927257238
Gaibandha,BD5532,Khagrachhari,BD2046,False,343.2827759113222,343.2827759113222,343.2827759113222,343.2827759113222,714119,2562233,144090536,8.466404785224172e-05,6.059915402076434,5.838554527085328,13.478804894101042
Gaibandha,BD5532,Khulna,BD4047,False,314.4976029376514,314.4976029376514,314.4976029376514,314.4976029376514,2613385,2562233,132393155,0.000360671580114038,26.422184131117753,5.750976454291581,14.776156873871212
Gaibandha,BD5532,Kishoreganj,BD3048,False,177.58468585662413,177.58468585662413,177.58468585662413,177.58468585662413,3267626,2562233,61825880,0.0019219435318213675,103.61468721042876,5.179447598555424,14.999574285328466
Gaibandha,BD5532,Kurigram,BD5549,False,58.040106125094255,58.040106125094255,58.040106125094255,58.040106125094255,2329160,2562233,10360080,0.030280699059104615,691.4215755006925,4.061134256496298,14.66101824551926
Gaibandha,BD5532,Kushtia,BD4050,False,160.60844400648986,160.60844400648986,160.60844400648986,160.60844400648986,2149692,2562233,51664895,0.0018016800991991313,83.337312497133,5.078969378004029,14.580835134027797
Gaibandha,BD5532,Lakshmipur,BD2051,False,300.6744426064787,300.6744426064787,300.6744426064787,300.6744426064787,1937948,2562233,128595852,0.00028444647862298764,21.436263683278412,5.706028093387625,14.477140239287523
Gaibandha,BD5532,Lalmonirhat,BD5552,False,89.20246943324693,89.20246943324693,89.20246943324693,89.20246943324693,1428406,2562233,20290928,0.006595493498462582,179.51382928546195,4.490908723431988,14.172069695197669
Gaibandha,BD5532,Madaripur,BD3054,False,240.81926509827645,240.81926509827645,240.81926509827645,240.81926509827645,1293027,2562233,103449411,0.0002912420082861809,22.29590679034036,5.48404671479542,14.07249653920651
Gaibandha,BD5532,Magura,BD4055,False,206.45650881987436,206.45650881987436,206.45650881987436,206.45650881987436,1033115,2562233,95125431,0.00027448523585737534,24.237705758235872,5.330089779177697,13.848089068139739
Gaibandha,BD5532,Manikganj,BD3056,False,167.87453436728526,167.87453436728526,167.87453436728526,167.87453436728526,1558025,2562233,59078037,0.00102476231999869,55.28467742390283,5.123216881152498,14.258929551497186
Gaibandha,BD5532,Meherpur,BD4057,False,185.78776263668175,185.78776263668175,185.78776263668175,185.78776263668175,705356,2562233,79828207,0.00026398005237283066,20.434977105395365,5.224604961114231,13.466457918881725
Gaibandha,BD5532,Moulvibazar,BD6058,False,259.5111927715597,259.5111927715597,259.5111927715597,259.5111927715597,2123447,2562233,123901959,0.0003345748178325339,31.5303824166254,5.55879983374345,14.568551269629545
Gaibandha,BD5532,Munshiganj,BD3059,False,217.67462990015048,217.67462990015048,217.67462990015048,217.67462990015048,1625416,2562233,96158546,0.00042041060999144133,34.30432680169142,5.38300142447274,14.301274340983566
Gaibandha,BD5532,Mymensingh,BD4561,False,114.42638342469051,114.42638342469051,114.42638342469051,114.42638342469051,5899005,2562233,29029530,0.012761425365779507,450.5328066686136,4.739931676697692,15.590294250586142
Gaibandha,BD5532,Naogaon,BD5064,False,87.9650092609815,87.9650092609815,87.9650092609815,87.9650092609815,2784599,2562233,17506329,0.015556745589118213,359.86760812260815,4.476939113371303,14.839614435339252
Gaibandha,BD5532,Narail,BD4065,False,241.25793720020494,241.25793720020494,241.25793720020494,241.25793720020494,788671,2562233,104742438,0.00017421956312558434,13.549792714197785,5.485866639989622,13.57810452934276
Gaibandha,BD5532,Narayanganj,BD3067,False,206.04999213604972,206.04999213604972,206.04999213604972,206.04999213604972,3909138,2562233,91216293,0.0010933431685651379,92.0737427915127,5.328118819619573,15.178827447298536
Gaibandha,BD5532,Narsingdi,BD3068,False,192.83544520375878,192.83544520375878,192.83544520375878,192.83544520375878,2584452,2562233,83229059,0.0008733951977953466,69.5015901242162,5.261837209696967,14.765024051188075
Gaibandha,BD5532,Natore,BD5069,False,110.52262905124945,110.52262905124945,110.52262905124945,110.52262905124945,1859922,2562233,27169608,0.00507361708955591,152.26227598070238,4.705220287785762,14.436045109326196
Gaibandha,BD5532,Netrakona,BD4572,False,142.9760959049337,142.9760959049337,142.9760959049337,142.9760959049337,2324853,2562233,48160199,0.0022138637451588747,113.72832152091844,4.962677454782906,14.659167369198306
Gaibandha,BD5532,Nilphamari,BD5573,False,99.25859272792097,99.25859272792097,99.25859272792097,99.25859272792097,2092568,2562233,21719334,0.008372270757413642,212.3945421581855,4.597728492423499,14.553902577830893
Gaibandha,BD5532,Noakhali,BD2075,False,333.0786211211114,333.0786211211114,333.0786211211114,333.0786211211114,3625442,2562233,140465094,0.00044286391221366766,32.67890120995376,5.8083785615761485,15.103486769872411
Gaibandha,BD5532,Pabna,BD5076,False,139.03332214435116,139.03332214435116,139.03332214435116,139.03332214435116,2909624,2562233,41881152,0.003542425947926589,150.52168452940222,4.934713632057811,14.8835344211774
Gaibandha,BD5532,Panchagarh,BD5577,False,143.89817385785835,143.89817385785835,143.89817385785835,143.89817385785835,1179843,2562233,50485052,0.0010509040736473537,56.97884677964821,4.969105923457402,13.98089193674234
Gaibandha,BD5532,Patuakhali,BD1078,False,357.33182900248755,357.33182900248755,357.33182900248755,357.33182900248755,1727254,2562233,147747704,0.00019365882726412228,13.527352354747311,5.878664843072678,14.362043422168306
Gaibandha,BD5532,Pirojpur,BD1079,False,311.4104736226696,311.4104736226696,311.4104736226696,311.4104736226696,1198195,2562233,131194960,0.00017007432226015903,12.355521276102989,5.741111892818455,13.996326815697198
Gaibandha,BD5532,Rajbari,BD3082,False,174.78572573325917,174.78572573325917,174.78572573325917,174.78572573325917,1189818,2562233,60636062,0.0007491833134713867,38.94651573767457,5.163560799322151,13.989310912214547
Gaibandha,BD5532,Rajshahi,BD5081,False,126.51885100249159,126.51885100249159,126.51885100249159,126.51885100249159,2915009,2562233,38966143,0.004046750630227148,182.10816642326833,4.840391316847772,14.885383465240523
Gaibandha,BD5532,Rangamati,BD2084,False,393.24691299493315,393.24691299493315,393.24691299493315,393.24691299493315,647586,2562233,149474958,7.147768782340752e-05,4.1876155818918965,5.974437691926478,13.381006882269048
Gaibandha,BD5532,Rangpur,BD5585,False,47.465431341864374,47.465431341864374,47.465431341864374,47.465431341864374,3169614,2562233,0,0.5529830087928027,1406.862043411897,3.860001684869935,14.9691203718778
Gaibandha,BD5532,Satkhira,BD4087,False,326.46376246061004,326.46376246061004,326.46376246061004,326.46376246061004,2196582,2562233,136655436,0.0002858765322037555,20.609974640302898,5.788318954687382,14.602413073820426
Gaibandha,BD5532,Shariatpur,BD3086,False,245.76017943422377,245.76017943422377,245.76017943422377,245.76017943422377,1294562,2562233,105531109,0.0002805260714823056,21.433832076383396,5.504356180078767,14.073682971966935
Gaibandha,BD5532,Sherpur,BD4589,False,62.072201529808545,62.072201529808545,62.072201529808545,62.072201529808545,1501853,2562233,12689240,0.015060285921228718,389.7921858911623,4.128298248296788,14.22221023700936
Gaibandha,BD5532,Sirajganj,BD5088,False,101.30763573785313,101.30763573785313,101.30763573785313,101.30763573785313,3357706,2562233,23811902,0.010971380081997146,327.1585739241129,4.618161785885302,15.026768560672359
Gaibandha,BD5532,Sunamganj,BD6090,False,189.54730222488476,189.54730222488476,189.54730222488476,189.54730222488476,2695496,2562233,80533563,0.0009688020549825345,75.02456334972996,5.244638609336053,14.80709278991802
Gaibandha,BD5532,Sylhet,BD6091,False,253.38903693393783,253.38903693393783,253.38903693393783,253.38903693393783,3857123,2562233,111196872,0.0007386329796117752,60.07417931971982,5.534926003075589,15.16543212675189
Gaibandha,BD5532,Tangail,BD3093,False,115.99244759608499,115.99244759608499,115.99244759608499,115.99244759608499,4037608,2562233,34928535,0.006644671077524232,300.09912335574774,4.753525082056514,15.2111629953813
Gaibandha,BD5532,Thakurgaon,BD5594,False,139.44645143076062,139.44645143076062,139.44645143076062,139.44645143076062,1533895,2562233,44790776,0.0016977515544175288,78.88250574647826,4.937680666856645,14.243320810065981
Gazipur,BD3033,Bagerhat,BD4001,False,205.2853469713243,205.2853469713243,205.2853469713243,205.2853469713243,1613076,5263450,123057823,0.0005092167692426316,38.27709125576373,5.324400947738374,14.293653473170336
Gazipur,BD3033,Bandarban,BD2003,False,321.72421661624503,321.72421661624503,321.72421661624503,321.72421661624503,481106,5263450,156590792,9.637715284209251e-05,4.6480765189014805,5.773694708428423,13.08384289902944
Gazipur,BD3033,Barguna,BD1004,False,220.15715573519228,220.15715573519228,220.15715573519228,220.15715573519228,1010531,5263450,132181152,0.0002795010176223945,20.848942386201674,5.394341635580823,13.825986493237492
Gazipur,BD3033,Barishal,BD1006,False,143.49375285087754,143.49375285087754,143.49375285087754,143.49375285087754,2570446,5263450,84007950,0.0016501599268818666,124.8367623221725,4.9662915001118115,14.759589982670962
Gazipur,BD3033,Bhola,BD1009,False,198.20873659237114,198.20873659237114,198.20873659237114,198.20873659237114,1932518,5263450,118796145,0.000650759221467733,49.19012896385371,5.289320700603374,14.474334373759973
Gazipur,BD3033,Bogura,BD5010,False,134.76996469127573,134.76996469127573,134.76996469127573,134.76996469127573,3734297,5263450,75687112,0.0028671718264150076,205.59977098856584,4.903569359788571,15.133070139288687
Gazipur,BD3033,Brahmanbaria,BD2012,False,66.83144190022148,66.83144190022148,66.83144190022148,66.83144190022148,3306563,5263450,37615971,0.008787962402933095,740.3125970368325,4.202173656933224,15.011419839295048
Gazipur,BD3033,Chandpur,BD2013,False,97.54318330488293,97.54318330488293,97.54318330488293,97.54318330488293,2635748,5263450,56274750,0.003512940874998238,277.0193056813719,4.580295185641134,14.784677570641602
Gazipur,BD3033,Chapainawabganj,BD5070,False,231.2489691942973,231.2489691942973,231.2489691942973,231.2489691942973,1835528,5263450,133191683,0.0004973861557300504,34.324277368831865,5.443494918844426,14.422842736501666
Gazipur,BD3033,Chattogram,BD2015,False,232.40609534820985,232.40609534820985,232.40609534820985,232.40609534820985,9169465,5263450,135027211,0.002301761880049182,169.7653170194249,5.448486252466041,16.031389500109725
Gazipur,BD3033,Chuadanga,BD4018,False,171.31081285460635,171.31081285460635,171.31081285460635,171.31081285460635,1234054,5263450,103770099,0.0005402522488874566,42.049865645037684,5.143479525664893,14.025815242619684
Gazipur,BD3033,Cox's Bazar,BD2022,False,334.7561803422514,334.7561803422514,334.7561803422514,334.7561803422514,2823268,5263450,157071898,0.0005542532854578467,25.19387081413975,5.813402446961722,14.853405637196515
Gazipur,BD3033,Cumilla,BD2019,False,94.88609355807047,94.88609355807047,94.88609355807047,94.88609355807047,6212216,5263450,47737681,0.010418670477445227,689.9878025693306,4.552677157028536,15.642028234056378
Gazipur,BD3033,Dhaka,BD3026,False,39.86258082976259,39.86258082976259,39.86258082976259,39.86258082976259,14734701,5263450,2584452,0.43760699785100443,9272.791649424678,3.685438060048453,16.50571588212586
Gazipur,BD3033,Dinajpur,BD5527,False,238.703772139268,238.703772139268,238.703772139268,238.703772139268,3315236,5263450,147040844,0.0007362218530185217,58.18296989852994,5.475223336065619,15.014039370621646
Gazipur,BD3033,Faridpur,BD3029,False,92.45649826245375,92.45649826245375,92.45649826245375,92.45649826245375,2162879,5263450,44280240,0.0044439447930355695,253.02145129512988,4.526738244843244,14.586950762547518
Gazipur,BD3033,Feni,BD2030,False,157.02823866520873,157.02823866520873,157.02823866520873,157.02823866520873,1648896,5263450,92857384,0.0008865510292472626,66.87098890708182,5.056425653284308,14.315616531026453
Gazipur,BD3033,Gaibandha,BD5532,False,163.75088681264546,163.75088681264546,163.75088681264546,163.75088681264546,2562233,5263450,94506280,0.0013209276164540128,95.55453404020619,5.09834629015044,14.756389701878161
Gazipur,BD3033,Gazipur,BD3033,True,0.0,22.19915696732304,1.0,21.833543099496293,5263450,5263450,0,0.5,10680.646408481178,3.100054313712278,15.476297263245858
Gazipur,BD3033,Gopalganj,BD3035,False,123.60568212346342,123.60568212346342,123.60568212346342,123.60568212346342,1295057,5263450,70663444,0.001162580358413904,84.76411117260434,4.817096515839598,14.07406526759114
Gazipur,BD3033,Habiganj,BD6036,False,104.31227397901252,104.31227397901252,104.31227397901252,104.31227397901252,2358886,5263450,61393343,0.002698890561397972,216.7884433052321,4.6473890346517015,14.673700031660417
Gazipur,BD3033,Jamalpur,BD4539,False,114.57543728525043,114.57543728525043,114.57543728525043,114.57543728525043,2499738,5263450,66661853,0.002457900009512221,190.41951091499877,4.741233446973115,14.731696484346525
Gazipur,BD3033,Jashore,BD4041,False,171.27298314155055,171.27298314155055,171.27298314155055,171.27298314155055,3076144,5263450,100693955,0.001401476118138907,104.86460795222769,5.1432586762630725,14.939187422556142
Gazipur,BD3033,Jhalokati,BD1042,False,171.72318553699586,171.72318553699586,171.72318553699586,171.72318553699586,661160,5263450,105004153,0.00028450176739160094,22.42067578245736,5.145883793947142,13.40175114703129
Gazipur,BD3033,Jhenaidah,BD4044,False,153.83450341405975,153.83450341405975,153.83450341405975,153.83450341405975,2005849,5263450,88728088,0.001170093508608987,84.75995713555076,5.035877371404439,14.511577970493308
Gazipur,BD3033,Joypurhat,BD5038,False,176.60506380729612,176.60506380729612,176.60506380729612,176.60506380729612,956431,5263450,105665313,0.00040560878853579516,30.66530864173468,5.1739159616392705,13.770963927257238
Gazipur,BD3033,Khagrachhari,BD2046,False,185.3639980029846,185.3639980029846,185.3639980029846,185.3639980029846,714119,5263450,112382418,0.00026993518867800595,20.783553911134653,5.222321448746634,13.478804894101042
Gazipur,BD3033,Khulna,BD4047,False,207.66261916407285,207.66261916407285,207.66261916407285,207.66261916407285,2613385,5263450,124670899,0.0007986888349487353,60.601969635057145,5.335914739547732,14.776156873871212
Gazipur,BD3033,Kishoreganj,BD3048,False,59.13963091456641,59.13963091456641,59.13963091456641,59.13963091456641,3267626,5263450,26823924,0.015160650179811283,934.2758509673914,4.079901273528401,14.999574285328466
Gazipur,BD3033,Kurigram,BD5549,False,202.95050690522046,202.95050690522046,202.95050690522046,202.95050690522046,2329160,5263450,120728663,0.0007582768651958557,56.54823346344694,5.3129621409670325,14.66101824551926
Gazipur,BD3033,Kushtia,BD4050,False,145.85560881758033,145.85560881758033,145.85560881758033,145.85560881758033,2149692,5263450,86578396,0.0013107425003975831,101.0485233562946,4.982617151642743,14.580835134027797
Gazipur,BD3033,Lakshmipur,BD2051,False,140.56242016325635,140.56242016325635,140.56242016325635,140.56242016325635,1937948,5263450,80210080,0.0013652510442808555,98.08524189048374,4.9456516617389825,14.477140239287523
Gazipur,BD3033,Lalmonirhat,BD5552,False,250.11138955482355,250.11138955482355,250.11138955482355,250.11138955482355,1428406,5263450,150356080,0.0003076279809542919,22.834143586206498,5.521906376849952,14.172069695197669
Gazipur,BD3033,Madaripur,BD3054,False,101.96047229743718,101.96047229743718,101.96047229743718,101.96047229743718,1293027,5263450,60100316,0.001562056051729793,124.37809950917045,4.62458521168076,14.07249653920651
Gazipur,BD3033,Magura,BD4055,False,126.0907693073912,126.0907693073912,126.0907693073912,126.0907693073912,1033115,5263450,71958501,0.0008998413309977406,64.9803547952378,4.837002038922698,13.848089068139739
Gazipur,BD3033,Manikganj,BD3056,False,57.74465198748221,57.74465198748221,57.74465198748221,57.74465198748221,1558025,5263450,25265899,0.008371305743475799,467.25169494725714,4.056030738836313,14.258929551497186
Gazipur,BD3033,Meherpur,BD4057,False,179.81931089384025,179.81931089384025,179.81931089384025,179.81931089384025,705356,5263450,106621744,0.00029471640217315387,21.814019996381887,5.19195251834953,13.466457918881725
Gazipur,BD3033,Moulvibazar,BD6058,False,154.95984101933297,154.95984101933297,154.95984101933297,154.95984101933297,2123447,5263450,90733937,0.0011865643189866047,88.4307078618532,5.043165993151731,14.568551269629545
Gazipur,BD3033,Munshiganj,BD3059,False,63.74113275984857,63.74113275984857,63.74113275984857,63.74113275984857,1625416,5263450,30091550,0.006543534526827912,400.0598577077377,4.154830080400913,14.301274340983566
Gazipur,BD3033,Mymensingh,BD4561,False,66.81215662557715,66.81215662557715,66.81215662557715,66.81215662557715,5899005,5263450,31716966,0.01958071567560271,1321.5018735521485,4.201885049398095,15.590294250586142
Gazipur,BD3033,Naogaon,BD5064,False,193.12214427881682,193.12214427881682,193.12214427881682,193.12214427881682,2784599,5263450,116011546,0.0009741627893002102,74.6618098235677,5.26332286063688,14.839614435339252
Gazipur,BD3033,Narail,BD4065,False,139.1286549490933,139.1286549490933,139.1286549490933,139.1286549490933,788671,5263450,79421409,0.0005734941132480788,40.743909520451915,4.93539908022345,13.57810452934276
Gazipur,BD3033,Narayanganj,BD3067,False,43.857273147907556,43.857273147907556,43.857273147907556,43.857273147907556,3909138,5263450,17319153,0.03439275798327036,2032.346485428994,3.780940569326666,15.178827447298536
Gazipur,BD3033,Narsingdi,BD3068,False,35.00173366511315,35.00173366511315,35.00173366511315,35.00173366511315,2584452,5263450,0,0.3293175679308941,2109.5477438421167,3.555397593551628,14.765024051188075
Gazipur,BD3033,Natore,BD5069,False,141.22725312587218,141.22725312587218,141.22725312587218,141.22725312587218,1859922,5263450,82148028,0.0012545397428167968,93.25190384122298,4.950370317241412,14.436045109326196
Gazipur,BD3033,Netrakona,BD4572,False,94.92525409486545,94.92525409486545,94.92525409486545,94.92525409486545,2324853,5263450,53949897,0.0033581616717305303,258.0072804643728,4.553089782910337,14.659167369198306
Gazipur,BD3033,Nilphamari,BD5573,False,263.00929100486667,263.00929100486667,263.00929100486667,263.00929100486667,2092568,5263450,151784486,0.0004406939812736105,30.25083721715205,5.572189358568482,14.553902577830893
Gazipur,BD3033,Noakhali,BD2075,False,170.90537274329338,170.90537274329338,170.90537274329338,170.90537274329338,3625442,5263450,97068513,0.001759903458625102,124.122218685322,5.141110027563565,15.103486769872411
Gazipur,BD3033,Pabna,BD5076,False,107.69656384751264,107.69656384751264,107.69656384751264,107.69656384751264,2909624,5263450,63752229,0.003085161526502428,250.86101572836893,4.67931767880205,14.8835344211774
Gazipur,BD3033,Panchagarh,BD5577,False,307.4093053325225,307.4093053325225,307.4093053325225,307.4093053325225,1179843,5263450,155410949,0.000238794297582121,12.485047562215843,5.7281801017345675,13.98089193674234
Gazipur,BD3033,Patuakhali,BD1078,False,212.16438204361592,212.16438204361592,212.16438204361592,212.16438204361592,1727254,5263450,130453898,0.0004873754577791425,38.37171884119716,5.357361361213006,14.362043422168306
Gazipur,BD3033,Pirojpur,BD1079,False,179.99230020578855,179.99230020578855,179.99230020578855,179.99230020578855,1198195,5263450,107327100,0.0004922625040255802,36.984491236946326,5.192914073340756,13.996326815697198
Gazipur,BD3033,Rajbari,BD3082,False,98.81604118862289,98.81604118862289,98.81604118862289,98.81604118862289,1189818,5263450,58910498,0.0014929842008284044,121.85002785201372,4.593259951783564,13.989310912214547
Gazipur,BD3033,Rajshahi,BD5081,False,186.32127392312384,186.32127392312384,186.32127392312384,186.32127392312384,2915009,5263450,113096537,0.0010688929777735827,83.96823222907122,5.2274724628386915,14.885383465240523
Gazipur,BD3033,Rangamati,BD2084,False,234.32223414009778,234.32223414009778,234.32223414009778,234.32223414009778,647586,5263450,146393258,0.00014756867595326859,11.794253344983773,5.456697237042554,13.381006882269048
Gazipur,BD3033,Rangpur,BD5585,False,211.21089431888652,211.21089431888652,211.21089431888652,211.21089431888652,3169614,5263450,127284284,0.000927404515107571,71.05158091082696,5.3528571334510255,14.9691203718778
Gazipur,BD3033,Satkhira,BD4087,False,232.9866086805249,232.9866086805249,232.9866086805249,232.9866086805249,2196582,5263450,144196676,0.0005100713770760871,40.46555494053076,5.450980978439895,14.602413073820426
Gazipur,BD3033,Shariatpur,BD3086,False,94.70704991586963,94.70704991586963,94.70704991586963,94.70704991586963,1294562,5263450,46443119,0.0024863513434278616,144.33054026954252,4.550788442150513,14.073682971966935
Gazipur,BD3033,Sherpur,BD4589,False,115.63506639675437,115.63506639675437,115.63506639675437,115.63506639675437,1501853,5263450,69161591,0.001398888858821424,112.31773016922084,4.75043925277171,14.22221023700936
Gazipur,BD3033,Sirajganj,BD5088,False,91.69611968737232,91.69611968737232,91.69611968737232,91.69611968737232,3357706,5263450,40922534,0.007723508309035057,399.33810320781816,4.518480063071271,15.026768560672359
Gazipur,BD3033,Sunamganj,BD6090,False,130.52458770339425,130.52458770339425,130.52458770339425,130.52458770339425,2695496,5263450,72991616,0.0022396330265709538,158.21732282208993,4.871561620535789,14.80709278991802
Gazipur,BD3033,Sylhet,BD6091,False,180.7756153973612,180.7756153973612,180.7756153973612,180.7756153973612,3857123,5263450,108525295,0.001516554437641347,118.02765839845117,5.197256568272404,15.16543212675189
Gazipur,BD3033,Tangail,BD3093,False,53.583114426369704,53.583114426369704,53.583114426369704,53.583114426369704,4037608,5263450,21228291,0.02627644510294549,1406.2684940766978,3.9812339890858097,15.2111629953813
Gazipur,BD3033,Thakurgaon,BD5594,False,298.312068136661,298.312068136661,298.312068136661,298.312068136661,1533895,5263450,153877054,0.00031574662729314505,17.23669455856749,5.6981401470773605,14.243320810065981
Gopalganj,BD3035,Bagerhat,BD4001,False,83.44025752305592,83.44025752305592,83.44025752305592,83.44025752305592,1613076,1295057,18451458,0.004952908688124101,231.68800930332733,4.424130897013928,14.293653473170336
Gopalganj,BD3035,Bandarban,BD2003,False,291.4965246810113,291.4965246810113,291.4965246810113,291.4965246810113,481106,1295057,147646222,2.7996188808288368e-05,5.662054045661161,5.6750280835274065,13.08384289902944
Gopalganj,BD3035,Barguna,BD1004,False,109.60924814137456,109.60924814137456,109.60924814137456,109.60924814137456,1010531,1295057,47901303,0.0005298369287769893,84.11147392721068,4.696921751806009,13.825986493237492
Gopalganj,BD3035,Barishal,BD1006,False,55.847045644066995,55.847045644066995,55.847045644066995,55.847045644066995,2570446,1295057,5539139,0.051792594863115445,824.1534435991,4.022616626068914,14.759589982670962
Gopalganj,BD3035,Bhola,BD1009,False,121.00264204596836,121.00264204596836,121.00264204596836,121.00264204596836,1932518,1295057,55745294,0.000744008651434356,131.98781567875213,4.795812380449006,14.474334373759973
Gopalganj,BD3035,Bogura,BD5010,False,198.32326195165362,198.32326195165362,198.32326195165362,198.32326195165362,3734297,1295057,105744809,0.00040786243286773953,94.94269207521266,5.289898335512472,15.133070139288687
Gopalganj,BD3035,Brahmanbaria,BD2012,False,153.131994712829,153.131994712829,153.131994712829,153.131994712829,3306563,1295057,86847788,0.0005312485073295538,141.00837972262335,5.031300260012953,15.011419839295048
Gopalganj,BD3035,Chandpur,BD2013,False,91.01566559748807,91.01566559748807,91.01566559748807,91.01566559748807,2635748,1295057,37412620,0.002132991913768204,318.17905437583505,4.511031641123784,14.784677570641602
Gopalganj,BD3035,Chapainawabganj,BD5070,False,244.3141378897532,244.3141378897532,244.3141378897532,244.3141378897532,1835528,1295057,131789050,0.00013238797676340318,30.75132372479323,5.49845484760746,14.422842736501666
Gopalganj,BD3035,Chattogram,BD2015,False,211.59772679482302,211.59772679482302,211.59772679482302,211.59772679482302,9169465,1295057,115051849,0.0008131631096014776,204.79625075308658,5.35468695699082,16.031389500109725
Gopalganj,BD3035,Chuadanga,BD4018,False,121.02939442969942,121.02939442969942,121.02939442969942,121.02939442969942,1234054,1295057,57677812,0.00045011590481613105,84.24661177380284,4.796033445265298,14.025815242619684
Gopalganj,BD3035,Cox's Bazar,BD2022,False,286.52993369054394,286.52993369054394,286.52993369054394,286.52993369054394,2823268,1295057,141653340,0.00017546422618129438,34.3884108805823,5.657843011292344,14.853405637196515
Gopalganj,BD3035,Cumilla,BD2019,False,121.59753586150231,121.59753586150231,121.59753586150231,121.59753586150231,6212216,1295057,58911866,0.002011850743021204,420.1428716369127,4.800716705029887,15.642028234056378
Gopalganj,BD3035,Dhaka,BD3026,False,83.81782222976436,83.81782222976436,83.81782222976436,83.81782222976436,14734701,1295057,20064534,0.02475134201340046,2097.3387556152375,4.428645660648596,16.50571588212586
Gopalganj,BD3035,Dinajpur,BD5527,False,302.4679438110542,302.4679438110542,302.4679438110542,302.4679438110542,3315236,1295057,154313611,0.0001736122330551251,36.23729251944645,5.711975300983038,15.014039370621646
Gopalganj,BD3035,Faridpur,BD3029,False,41.98049027688294,41.98049027688294,41.98049027688294,41.98049027688294,2162879,1295057,2081698,0.1497409154567824,1227.2617857308833,3.7372049931447506,14.586950762547518
Gopalganj,BD3035,Feni,BD2030,False,155.24368916083034,155.24368916083034,155.24368916083034,155.24368916083034,1648896,1295057,90154351,0.00025081845038318987,68.41720924326623,5.044996070459711,14.315616531026453
Gopalganj,BD3035,Gaibandha,BD5532,False,247.117953731953,247.117953731953,247.117953731953,247.117953731953,2562233,1295057,134272164,0.0001772011415583755,41.95754046601949,5.5098657681129195,14.756389701878161
Gopalganj,BD3035,Gazipur,BD3033,False,123.60568212346342,123.60568212346342,123.60568212346342,123.60568212346342,5263450,1295057,65124082,0.0014317014384709614,344.50349363112537,4.817096515839598,15.476297263245858
Gopalganj,BD3035,Gopalganj,BD3035,True,0.0,21.467887515349712,1.0,19.60447162874366,1295057,1295057,0,0.5,2810.0255035271184,3.066558214658118,14.07406526759114
Gopalganj,BD3035,Habiganj,BD6036,False,209.7315520147287,209.7315520147287,209.7315520147287,209.7315520147287,2358886,1295057,111978844,0.00023323030812024271,53.62649486927652,5.345828389225314,14.673700031660417
Gopalganj,BD3035,Jamalpur,BD4539,False,207.73552071845083,207.73552071845083,207.73552071845083,207.73552071845083,2499738,1295057,109479106,0.0002579972289394679,57.92592349483209,5.336265735607305,14.731696484346525
Gopalganj,BD3035,Jashore,BD4041,False,74.15786803213855,74.15786803213855,74.15786803213855,74.15786803213855,3076144,1295057,12627471,0.01683303596868153,559.3610092411227,4.306196172626166,14.939187422556142
Gopalganj,BD3035,Jhalokati,BD1042,False,66.02443724078476,66.02443724078476,66.02443724078476,66.02443724078476,661160,1295057,10340895,0.005983983744168766,151.66911569468542,4.1900249347206655,13.40175114703129
Gopalganj,BD3035,Jhenaidah,BD4044,False,93.26130021518195,93.26130021518195,93.26130021518195,93.26130021518195,2005849,1295057,40048368,0.0014494353185418095,230.6191167090731,4.535405233114234,14.511577970493308
Gopalganj,BD3035,Joypurhat,BD5038,False,236.00273662502235,236.00273662502235,236.00273662502235,236.00273662502235,956431,1295057,130832619,7.044051730711572e-05,17.171948058911656,5.463843400827117,13.770963927257238
Gopalganj,BD3035,Khagrachhari,BD2046,False,209.98788121659507,209.98788121659507,209.98788121659507,209.98788121659507,714119,1295057,114337730,6.874223370810876e-05,16.19504373235717,5.3470498205598656,13.478804894101042
Gopalganj,BD3035,Khulna,BD4047,False,84.40427731334181,84.40427731334181,84.40427731334181,84.40427731334181,2613385,1295057,34799235,0.0024224601521017335,366.838139909064,4.435618079385802,14.776156873871212
Gopalganj,BD3035,Kishoreganj,BD3048,False,176.72089066372462,176.72089066372462,176.72089066372462,176.72089066372462,3267626,1295057,93663169,0.0004536937845063267,104.63008054364288,5.1745715990704415,14.999574285328466
Gopalganj,BD3035,Kurigram,BD5549,False,299.45053604007893,299.45053604007893,299.45053604007893,299.45053604007893,2329160,1295057,151984451,0.00012646499286288415,25.974615857320597,5.7019492487909496,14.66101824551926
Gopalganj,BD3035,Kushtia,BD4050,False,127.5467141263432,127.5467141263432,127.5467141263432,127.5467141263432,2149692,1295057,70387532,0.0005260235106987914,132.14103093720394,4.8484826828004275,14.580835134027797
Gopalganj,BD3035,Lakshmipur,BD2051,False,100.72979532402226,100.72979532402226,100.72979532402226,100.72979532402226,1937948,1295057,45963355,0.001079490707809807,190.99685524703918,4.612441638025813,14.477140239287523
Gopalganj,BD3035,Lalmonirhat,BD5552,False,335.645045700809,335.645045700809,335.645045700809,335.645045700809,1428406,1295057,157628847,7.258988422205764e-05,12.679180470708959,5.816054189962431,14.172069695197669
Gopalganj,BD3035,Madaripur,BD3054,False,29.895043795635562,29.895043795635562,29.895043795635562,29.895043795635562,1293027,1295057,0,0.49960781798426945,1446.802350330051,3.3976927073137504,14.07249653920651
Gopalganj,BD3035,Magura,BD4055,False,60.60872909921541,60.60872909921541,60.60872909921541,60.60872909921541,1033115,1295057,8109585,0.013629756615056337,281.24079206353207,4.104438927243359,13.848089068139739
Gopalganj,BD3035,Manikganj,BD3056,False,82.26440726193908,82.26440726193908,82.26440726193908,82.26440726193908,1558025,1295057,16893433,0.00561792840993995,230.2239369891534,4.409938538584905,14.258929551497186
Gopalganj,BD3035,Meherpur,BD4057,False,143.72553174365555,143.72553174365555,143.72553174365555,143.72553174365555,705356,1295057,82784726,0.00012814035710220534,34.146053526225685,4.967905451232242,13.466457918881725
Gopalganj,BD3035,Moulvibazar,BD6058,False,255.8044594440615,255.8044594440615,255.8044594440615,255.8044594440615,2123447,1295057,139529893,0.00013660651561957766,32.450784710441795,5.544413322315933,14.568551269629545
Gopalganj,BD3035,Munshiganj,BD3059,False,70.5603729634626,70.5603729634626,70.5603729634626,70.5603729634626,1625416,1295057,11002055,0.012295103404902233,326.469636053692,4.256468697447925,14.301274340983566
Gopalganj,BD3035,Mymensingh,BD4561,False,185.17901788854874,185.17901788854874,185.17901788854874,185.17901788854874,5899005,1295057,96930795,0.0007469429377841288,172.02644374076755,5.221323021455501,15.590294250586142
Gopalganj,BD3035,Naogaon,BD5064,False,231.07175583932752,231.07175583932752,231.07175583932752,231.07175583932752,2784599,1295057,128048020,0.00021101559942906514,52.15175574496508,5.442728293624948,14.839614435339252
Gopalganj,BD3035,Narail,BD4065,False,32.77125069614396,32.77125069614396,32.77125069614396,32.77125069614396,788671,1295057,1293027,0.11687102042716402,734.3613967615827,3.4895516278702474,13.57810452934276
Gopalganj,BD3035,Narayanganj,BD3067,False,97.52193767043781,97.52193767043781,97.52193767043781,97.52193767043781,3909138,1295057,42054217,0.0024712059056797007,411.03268562940406,4.580077354442785,15.178827447298536
Gopalganj,BD3035,Narsingdi,BD3068,False,133.6948744339097,133.6948744339097,133.6948744339097,133.6948744339097,2584452,1295057,76162666,0.0005398507971026494,144.59023221802278,4.8955601470522465,14.765024051188075
Gopalganj,BD3035,Natore,BD5069,False,164.1214270027594,164.1214270027594,164.1214270027594,164.1214270027594,1859922,1295057,91803247,0.0002724640784549131,69.05007627612845,5.1006065624104195,14.436045109326196
Gopalganj,BD3035,Netrakona,BD4572,False,218.50733749232958,218.50733749232958,218.50733749232958,218.50733749232958,2324853,1295057,124221314,0.00018763466971963454,48.69265409893653,5.386819595172402,14.659167369198306
Gopalganj,BD3035,Nilphamari,BD5573,False,339.0860193700265,339.0860193700265,339.0860193700265,339.0860193700265,2092568,1295057,159057253,0.00010403685626441006,18.19951487552646,5.8262538196471265,14.553902577830893
Gopalganj,BD3035,Noakhali,BD2075,False,133.58725842049074,133.58725842049074,133.58725842049074,133.58725842049074,3625442,1295057,72537224,0.000820991826423848,203.15657740017744,4.894754885450321,15.103486769872411
Gopalganj,BD3035,Pabna,BD5076,False,117.68236069977871,117.68236069977871,117.68236069977871,117.68236069977871,2909624,1295057,52835670,0.0012203929912013498,210.09423083406597,4.7679891364232025,14.8835344211774
Gopalganj,BD3035,Panchagarh,BD5577,False,378.0031176452397,378.0031176452397,378.0031176452397,378.0031176452397,1179843,1295057,162683716,5.6418850908119784e-05,8.25721241123683,5.9349024433243045,13.98089193674234
Gopalganj,BD3035,Patuakhali,BD1078,False,113.89328825959474,113.89328825959474,113.89328825959474,113.89328825959474,1727254,1295057,51108416,0.0007885716513224342,133.15575562451917,4.735261942111055,14.362043422168306
Gopalganj,BD3035,Pirojpur,BD1079,False,64.29543417797812,64.29543417797812,64.29543417797812,64.29543417797812,1198195,1295057,9142700,0.01277636421452451,289.84594986838573,4.163488620603841,13.996326815697198
Gopalganj,BD3035,Rajbari,BD3082,False,77.29671284264951,77.29671284264951,77.29671284264951,77.29671284264951,1189818,1295057,15703615,0.004983767559516789,199.13999148189754,4.347651430014526,13.989310912214547
Gopalganj,BD3035,Rajshahi,BD5081,False,197.48833255625408,197.48833255625408,197.48833255625408,197.48833255625408,2915009,1295057,102829800,0.0003387106161746871,74.74067470494039,5.285679506931604,14.885383465240523
Gopalganj,BD3035,Rangamati,BD2084,False,245.58504674861084,245.58504674861084,245.58504674861084,245.58504674861084,647586,1295057,133624578,4.5851809967440136e-05,10.737263512043395,5.503643309845386,13.381006882269048
Gopalganj,BD3035,Rangpur,BD5585,False,290.75626732578473,290.75626732578473,290.75626732578473,290.75626732578473,3169614,1295057,144476608,0.00018906322724150911,37.492828628071386,5.672485346887123,14.9691203718778
Gopalganj,BD3035,Satkhira,BD4087,False,112.19461270849042,112.19461270849042,112.19461270849042,112.19461270849042,2196582,1295057,48911834,0.001081217097253657,174.5032070703843,4.7202349768599925,14.602413073820426
Gopalganj,BD3035,Shariatpur,BD3086,False,54.35514704996028,54.35514704996028,54.35514704996028,54.35514704996028,1294562,1295057,4244577,0.044283632338442555,438.16885506758325,3.9955393110144657,14.073682971966935
Gopalganj,BD3035,Sherpur,BD4589,False,220.51933411886648,220.51933411886648,220.51933411886648,220.51933411886648,1501853,1295057,126546167,0.00011762569475931034,30.884038244278297,5.395985374121723,14.22221023700936
Gopalganj,BD3035,Sirajganj,BD5088,False,146.22717846942962,146.22717846942962,146.22717846942962,146.22717846942962,3357706,1295057,83490082,0.0005818683697947244,157.03138692821466,4.985161429282259,15.026768560672359
Gopalganj,BD3035,Sunamganj,BD6090,False,251.24819994668158,251.24819994668158,251.24819994668158,251.24819994668158,2695496,1295057,136834397,0.0001794575252706418,42.70048164893101,5.526441294956304,14.80709278991802
Gopalganj,BD3035,Sylhet,BD6091,False,292.63700820875914,292.63700820875914,292.63700820875914,292.63700820875914,3857123,1295057,148127328,0.00021809846559053925,45.04068554309302,5.678932961137449,15.16543212675189
Gopalganj,BD3035,Tangail,BD3093,False,139.4448458328808,139.4448458328808,139.4448458328808,139.4448458328808,4037608,1295057,78747118,0.0007769669981628846,207.64392007372786,4.937669152708333,15.2111629953813
Gopalganj,BD3035,Thakurgaon,BD5594,False,357.2222222413589,357.2222222413589,357.2222222413589,357.2222222413589,1533895,1295057,161149821,7.45745876651693e-05,12.02039380786391,5.878358059389071,14.243320810065981
Habiganj,BD6036,Bagerhat,BD4001,False,281.3422120085055,281.3422120085055,281.3422120085055,281.3422120085055,1613076,2358886,137055941,0.0001935297653610584,20.379101587315418,5.639571764701803,14.293653473170336
Habiganj,BD6036,Bandarban,BD2003,False,300.3451930659612,300.3451930659612,300.3451930659612,300.3451930659612,481106,2358886,147341704,5.047858931250408e-05,5.333341610698698,5.704932456726484,13.08384289902944
Habiganj,BD6036,Barguna,BD1004,False,281.46443775493015,281.46443775493015,281.46443775493015,281.46443775493015,1010531,2358886,138669017,0.00011899964614861469,12.75564956405123,5.640006108355694,13.825986493237492
Habiganj,BD6036,Barishal,BD1006,False,205.58803768948022,205.58803768948022,205.58803768948022,205.58803768948022,2570446,2358886,87908441,0.0007235359942803902,60.815292807426985,5.325874349444184,14.759589982670962
Habiganj,BD6036,Bhola,BD1009,False,236.92633822441567,236.92633822441567,236.92633822441567,236.92633822441567,1932518,2358886,114961669,0.00032582680718086304,34.42681637483487,5.467749283644267,14.474334373759973
Habiganj,BD6036,Bogura,BD5010,False,213.5374005879005,213.5374005879005,213.5374005879005,213.5374005879005,3734297,2358886,94683568,0.0009007280456630333,81.89567227107953,5.3638119957243955,15.133070139288687
Habiganj,BD6036,Brahmanbaria,BD2012,False,58.040052724873426,58.040052724873426,58.040052724873426,58.040052724873426,3306563,2358886,5391073,0.09102607472266021,981.5698388609047,4.061133336438617,15.011419839295048
Habiganj,BD6036,Chandpur,BD2013,False,138.9604530649701,138.9604530649701,138.9604530649701,138.9604530649701,2635748,2358886,56178070,0.0017362930457093433,136.4964771667275,4.934189382325995,14.784677570641602
Habiganj,BD6036,Chapainawabganj,BD5070,False,322.57826024646613,322.57826024646613,322.57826024646613,322.57826024646613,1835528,2358886,155427196,0.0001719125520269602,17.639684907741206,5.776345774227751,14.422842736501666
Habiganj,BD6036,Chattogram,BD2015,False,217.9646482809807,217.9646482809807,217.9646482809807,217.9646482809807,9169465,2358886,98417865,0.0019521370779116635,193.00647325599493,5.384332885790398,16.031389500109725
Habiganj,BD6036,Chuadanga,BD4018,False,275.60592924047484,275.60592924047484,275.60592924047484,275.60592924047484,1234054,2358886,133037288,0.00015735767550829912,16.246396607145424,5.618972052843041,14.025815242619684
Habiganj,BD6036,Cox's Bazar,BD2022,False,327.21417459956234,327.21417459956234,327.21417459956234,327.21417459956234,2823268,2358886,157262724,0.00025683922413835813,26.368649559482698,5.7906149246935765,14.853405637196515
Habiganj,BD6036,Cumilla,BD2019,False,111.1099551581744,111.1099551581744,111.1099551581744,111.1099551581744,6212216,2358886,31322015,0.010906159105735433,503.1999661041507,4.7105202980153695,15.642028234056378
Habiganj,BD6036,Dhaka,BD3026,False,136.0705269057222,136.0705269057222,136.0705269057222,136.0705269057222,14734701,2358886,41443369,0.0135556914925556,795.8169675243063,4.913173331508948,16.50571588212586
Habiganj,BD6036,Dinajpur,BD5527,False,301.0783313992869,301.0783313992869,301.0783313992869,301.0783313992869,3315236,2358886,147822810,0.0003392381597109571,36.57256738677976,5.707370468099981,15.014039370621646
Habiganj,BD6036,Faridpur,BD3029,False,189.57778527393765,189.57778527393765,189.57778527393765,189.57778527393765,2162879,2358886,83908158,0.0006687980729545942,60.18071361783968,5.244799416679717,14.586950762547518
Habiganj,BD6036,Feni,BD2030,False,152.19813391663587,152.19813391663587,152.19813391663587,152.19813391663587,1648896,2358886,65190961,0.0008321040620580948,71.1827249437737,5.025183184620726,14.315616531026453
Habiganj,BD6036,Gaibandha,BD5532,False,220.0519141997657,220.0519141997657,220.0519141997657,220.0519141997657,2562233,2358886,107587330,0.0004886075220250626,52.913722913576954,5.393863492150261,14.756389701878161
Habiganj,BD6036,Gazipur,BD3033,False,104.31227397901252,104.31227397901252,104.31227397901252,104.31227397901252,5263450,2358886,20159560,0.019846190549678067,483.72627245018367,4.6473890346517015,15.476297263245858
Habiganj,BD6036,Gopalganj,BD3035,False,209.7315520147287,209.7315520147287,209.7315520147287,209.7315520147287,1295057,2358886,90478887,0.0003495666616296555,29.441595552273675,5.345828389225314,14.07406526759114
Habiganj,BD6036,Habiganj,BD6036,True,0.0,28.317363181755592,1.0,26.055238253541336,2358886,2358886,0,0.5,2941.719986397709,3.343475156501845,14.673700031660417
Habiganj,BD6036,Jamalpur,BD4539,False,173.62486124474347,173.62486124474347,173.62486124474347,173.62486124474347,2499738,2358886,71194297,0.0010541054887960256,82.92217194895814,5.156897001907844,14.731696484346525
Habiganj,BD6036,Jashore,BD4041,False,270.0411669366064,270.0411669366064,270.0411669366064,270.0411669366064,3076144,2358886,129961144,0.0004050248143344202,42.18389813862256,5.598574417511564,14.939187422556142
Habiganj,BD6036,Jhalokati,BD1042,False,236.66117704785452,236.66117704785452,236.66117704785452,236.66117704785452,661160,2358886,114300509,0.0001139514078592437,11.804634114915952,5.466629485525784,13.40175114703129
Habiganj,BD6036,Jhenaidah,BD4044,False,257.38977421993786,257.38977421993786,257.38977421993786,257.38977421993786,2005849,2358886,123058427,0.0002960733510921033,30.277196430980982,5.550591567177611,14.511577970493308
Habiganj,BD6036,Joypurhat,BD5038,False,250.39735318130016,250.39735318130016,250.39735318130016,250.39735318130016,956431,2358886,120903801,0.00014734673774024042,15.254366495473288,5.523049068807857,13.770963927257238
Habiganj,BD6036,Khagrachhari,BD2046,False,143.99897653670632,143.99897653670632,143.99897653670632,143.99897653670632,714119,2358886,60439234,0.0004223509500432801,34.43909872415646,4.969806192166759,13.478804894101042
Habiganj,BD6036,Khulna,BD4047,False,292.25991713124074,292.25991713124074,292.25991713124074,292.25991713124074,2613385,2358886,144728319,0.00027997028506076746,30.596016075386146,5.677643533501817,14.776156873871212
Habiganj,BD6036,Kishoreganj,BD3048,False,49.4287438104487,49.4287438104487,49.4287438104487,49.4287438104487,3267626,2358886,0,0.5807551818959953,1337.4365766872152,3.9005321134909567,14.999574285328466
Habiganj,BD6036,Kurigram,BD5549,False,235.84675479916942,235.84675479916942,235.84675479916942,235.84675479916942,2329160,2358886,111971349,0.00041193193315369167,41.873524154018966,5.463182250039123,14.66101824551926
Habiganj,BD6036,Kushtia,BD4050,False,249.33054143318407,249.33054143318407,249.33054143318407,249.33054143318407,2149692,2358886,118754109,0.0003396728369758064,34.580023175741125,5.518779491783183,14.580835134027797
Habiganj,BD6036,Lakshmipur,BD2051,False,174.2788250681576,174.2788250681576,174.2788250681576,174.2788250681576,1937948,2358886,73694035,0.000770707196488042,63.8047296533673,5.160656459593269,14.477140239287523
Habiganj,BD6036,Lalmonirhat,BD5552,False,290.27474299103363,290.27474299103363,290.27474299103363,290.27474299103363,1428406,2358886,143299913,0.00015727040256215697,16.952477137753206,5.6708278641144645,14.172069695197669
Habiganj,BD6036,Madaripur,BD3054,False,181.44886357855592,181.44886357855592,181.44886357855592,181.44886357855592,1293027,2358886,75631983,0.0004932712502451479,39.27345313694434,5.200973870638948,14.07249653920651
Habiganj,BD6036,Magura,BD4055,False,227.5331739629425,227.5331739629425,227.5331739629425,227.5331739629425,1033115,2358886,110149563,0.00019077242934035555,19.955343925067314,5.427296047377688,13.848089068139739
Habiganj,BD6036,Manikganj,BD3056,False,161.19625285625213,161.19625285625213,161.19625285625213,161.19625285625213,1558025,2358886,68341710,0.0007193970140684291,59.96040228949679,5.082622584493742,14.258929551497186
Habiganj,BD6036,Meherpur,BD4057,False,283.7180102227126,283.7180102227126,283.7180102227126,283.7180102227126,705356,2358886,142594557,7.880432577247067e-05,8.762631615905654,5.6479808231368445,13.466457918881725
Habiganj,BD6036,Moulvibazar,BD6058,False,50.67115031929862,50.67115031929862,50.67115031929862,50.67115031929862,2123447,2358886,3267626,0.11487082077059951,827.0274004458865,3.925356721406931,14.568551269629545
Habiganj,BD6036,Munshiganj,BD3059,False,139.1803581490852,139.1803581490852,139.1803581490852,139.1803581490852,1625416,2358886,58813818,0.0009980841595938798,83.90901655666254,4.935770632693212,14.301274340983566
Habiganj,BD6036,Mymensingh,BD4561,False,107.80822853140269,107.80822853140269,107.80822853140269,107.80822853140269,5899005,2358886,25423010,0.01487099868032716,507.54545659100523,4.6803539870219355,15.590294250586142
Habiganj,BD6036,Naogaon,BD5064,False,277.12747905671085,277.12747905671085,277.12747905671085,277.12747905671085,2784599,2358886,134271342,0.0003448370002325665,36.25796960442683,5.624477613522845,14.839614435339252
Habiganj,BD6036,Narail,BD4065,False,233.25208429107477,233.25208429107477,233.25208429107477,233.25208429107477,788671,2358886,111182678,0.00014331341876314428,14.49588735103955,5.452119775554944,13.57810452934276
Habiganj,BD6036,Narayanganj,BD3067,False,112.3945409096234,112.3945409096234,112.3945409096234,112.3945409096234,3909138,2358886,37534231,0.0052770780197783,309.450056750781,4.7220153678603864,15.178827447298536
Habiganj,BD6036,Narsingdi,BD3068,False,78.08356765996886,78.08356765996886,78.08356765996886,78.08356765996886,2584452,2358886,11393132,0.027136308741352262,423.8860988406262,4.357779633427377,14.765024051188075
Habiganj,BD6036,Natore,BD5069,False,237.3583894943261,237.3583894943261,237.3583894943261,237.3583894943261,1859922,2358886,116894187,0.000303767538037194,33.01304305798348,5.469571190883402,14.436045109326196
Habiganj,BD6036,Netrakona,BD4572,False,81.42326688277396,81.42326688277396,81.42326688277396,81.42326688277396,2324853,2358886,13977584,0.017988783753425396,350.6698690940652,4.399661066106469,14.659167369198306
Habiganj,BD6036,Nilphamari,BD5573,False,311.8239646330019,311.8239646330019,311.8239646330019,311.8239646330019,2092568,2358886,151138046,0.0002066838524485191,21.52090853369776,5.742438812659918,14.553902577830893
Habiganj,BD6036,Noakhali,BD2075,False,188.77320260339448,188.77320260339448,188.77320260339448,188.77320260339448,3625442,2358886,80282716,0.0011995663382586464,101.73731551658344,5.240546308274246,15.103486769872411
Habiganj,BD6036,Pabna,BD5076,False,210.3268191818178,210.3268191818178,210.3268191818178,210.3268191818178,2909624,2358886,91773944,0.0007513476585218793,65.77298657143365,5.3486626027840805,14.8835344211774
Habiganj,BD6036,Panchagarh,BD5577,False,357.4302681794334,357.4302681794334,357.4302681794334,357.4302681794334,1179843,2358886,160085992,0.00010470712419110321,9.235099230249114,5.878940289065006,13.98089193674234
Habiganj,BD6036,Patuakhali,BD1078,False,264.01898854476065,264.01898854476065,264.01898854476065,264.01898854476065,1727254,2358886,128233890,0.00023578621751221476,24.77912013322919,5.576021026865655,14.362043422168306
Habiganj,BD6036,Pirojpur,BD1079,False,251.17978643688917,251.17978643688917,251.17978643688917,251.17978643688917,1198195,2358886,121860232,0.00018142140356786911,18.991450211005134,5.5261689633503055,13.996326815697198
Habiganj,BD6036,Rajbari,BD3082,False,202.68527729935238,202.68527729935238,202.68527729935238,202.68527729935238,1189818,2358886,86718623,0.0003490509638746875,28.96250540824193,5.311654417861752,13.989310912214547
Habiganj,BD6036,Rajshahi,BD5081,False,281.56793539683315,281.56793539683315,281.56793539683315,281.56793539683315,2915009,2358886,139679548,0.0003339738337634043,36.768296333970596,5.640373752022396,14.885383465240523
Habiganj,BD6036,Rangamati,BD2084,False,191.67202480764877,191.67202480764877,191.67202480764877,191.67202480764877,647586,2358886,86071037,0.00019392647061181227,17.62706434427127,5.25578570725666,13.381006882269048
Habiganj,BD6036,Rangpur,BD5585,False,262.99301098579036,262.99301098579036,262.99301098579036,262.99301098579036,3169614,2358886,125064276,0.00044930970326398194,45.826634281521734,5.572127457626149,14.9691203718778
Habiganj,BD6036,Satkhira,BD4087,False,321.8032435254572,321.8032435254572,321.8032435254572,321.8032435254572,2196582,2358886,153230614,0.00021105973855119843,21.211265799392223,5.773940313828361,14.602413073820426
Habiganj,BD6036,Shariatpur,BD3086,False,162.29058547607636,162.29058547607636,162.29058547607636,162.29058547607636,1294562,2358886,69899735,0.0005745643383570089,49.15143488380685,5.089388465913102,14.073682971966935
Habiganj,BD6036,Sherpur,BD4589,False,158.3018857322291,158.3018857322291,158.3018857322291,158.3018857322291,1501853,2358886,66839857,0.0007241242619121499,59.931514097596,5.06450387921165,14.22221023700936
Habiganj,BD6036,Sirajganj,BD5088,False,185.4254128137425,185.4254128137425,185.4254128137425,185.4254128137425,3357706,2358886,76925010,0.001208831891473166,97.6571751449118,5.22265271393128,15.026768560672359
Habiganj,BD6036,Sunamganj,BD6090,False,64.00453142442187,64.00453142442187,64.00453142442187,64.00453142442187,2695496,2358886,8697636,0.041817751547850855,657.9868992669028,4.158953884359813,14.80709278991802
Habiganj,BD6036,Sylhet,BD6091,False,83.21467933843996,83.21467933843996,83.21467933843996,83.21467933843996,3857123,2358886,16302437,0.02165158003629066,557.0107800501595,4.421423766620702,15.16543212675189
Habiganj,BD6036,Tangail,BD3093,False,145.03078963638526,145.03078963638526,145.03078963638526,145.03078963638526,4037608,2358886,61153353,0.002219981279512113,191.9569006375539,4.976946062199033,15.2111629953813
Habiganj,BD6036,Thakurgaon,BD5594,False,359.01661696425106,359.01661696425106,359.01661696425106,359.01661696425106,1533895,2358886,161265835,0.00013389132231927554,11.900536243900287,5.883368674225577,14.243320810065981
Jamalpur,BD4539,Bagerhat,BD4001,False,289.681066428688,289.681066428688,289.681066428688,289.681066428688,1613076,2499738,140343373,0.00019541319002658653,19.22270974821886,5.66878054685315,14.293653473170336
Jamalpur,BD4539,Bandarban,BD2003,False,435.80042841002364,435.80042841002364,435.80042841002364,435.80042841002364,481106,2499738,159354504,4.5771809609892114e-05,2.533176599074646,6.077184405552771,13.08384289902944
Jamalpur,BD4539,Barguna,BD1004,False,316.13995448291195,316.13995448291195,316.13995448291195,316.13995448291195,1010531,2499738,148526922,0.00011001215652485101,10.110924513426454,5.756185009471609,13.825986493237492
Jamalpur,BD4539,Barishal,BD1006,False,245.58586361883783,245.58586361883783,245.58586361883783,245.58586361883783,2570446,2499738,126087901,0.00038098571090564915,42.61885285032186,5.50364663606121,14.759589982670962
Jamalpur,BD4539,Bhola,BD1009,False,306.8657343471257,306.8657343471257,306.8657343471257,306.8657343471257,1932518,2499738,144867150,0.00021956345072085518,20.522334168215377,5.726410304519429,14.474334373759973
Jamalpur,BD4539,Bogura,BD5010,False,49.96265606841668,49.96265606841668,49.96265606841668,49.96265606841668,3734297,2499738,4064086,0.13809833105982874,1495.952555511638,3.91127584774368,15.133070139288687
Jamalpur,BD4539,Brahmanbaria,BD2012,False,168.95738650760603,168.95738650760603,168.95738650760603,168.95738650760603,3306563,2499738,88528929,0.0009625409127495766,115.8303678512416,5.129646532285137,15.011419839295048
Jamalpur,BD4539,Chandpur,BD2013,False,210.99766081908342,210.99766081908342,210.99766081908342,210.99766081908342,2635748,2499738,114395439,0.00047154321981478226,59.2036666213434,5.351847047249133,14.784677570641602
Jamalpur,BD4539,Chapainawabganj,BD5070,False,162.1903617177874,162.1903617177874,162.1903617177874,162.1903617177874,1835528,2499738,84530522,0.0005932675970880871,69.77678079688012,5.0887707177072805,14.422842736501666
Jamalpur,BD4539,Chattogram,BD2015,False,346.5428093447068,346.5428093447068,346.5428093447068,346.5428093447068,9169465,2499738,150185039,0.0009275101352934011,76.35372220386822,5.848006358890918,16.031389500109725
Jamalpur,BD4539,Chuadanga,BD4018,False,182.39179380263838,182.39179380263838,182.39179380263838,182.39179380263838,1234054,2499738,99564114,0.0002925938432115516,37.095700358584054,5.206157086511031,14.025815242619684
Jamalpur,BD4539,Cox's Bazar,BD2022,False,449.2917898347521,449.2917898347521,449.2917898347521,449.2917898347521,2823268,2499738,159835610,0.000263228110703783,13.986052063959802,6.10767254267246,14.853405637196515
Jamalpur,BD4539,Cumilla,BD2019,False,209.0165006094473,209.0165006094473,209.0165006094473,209.0165006094473,6212216,2499738,108183223,0.00120022779020812,142.19535275548594,5.342413199132838,15.642028234056378
Jamalpur,BD4539,Dhaka,BD3026,False,138.10875437808178,138.10875437808178,138.10875437808178,138.10875437808178,14734701,2499738,55174657,0.008819818472656674,772.50075192791,4.9280414499924845,16.50571588212586
Jamalpur,BD4539,Dinajpur,BD5527,False,129.13090515723127,129.13090515723127,129.13090515723127,129.13090515723127,3315236,2499738,47516006,0.0031068668714902665,198.81724851967547,4.860826658492718,15.014039370621646
Jamalpur,BD4539,Faridpur,BD3029,False,166.14558378067252,166.14558378067252,166.14558378067252,166.14558378067252,2162879,2499738,86366050,0.0006683653655903606,78.3528178517679,5.112864414734281,14.586950762547518
Jamalpur,BD4539,Feni,BD2030,False,271.0646104037064,271.0646104037064,271.0646104037064,271.0646104037064,1648896,2499738,131257455,0.00022757912126652324,22.441279922039822,5.602357207237239,14.315616531026453
Jamalpur,BD4539,Gaibandha,BD5532,False,49.85230068482206,49.85230068482206,49.85230068482206,49.85230068482206,2562233,2499738,1501853,0.24385040848188141,1030.9751767774585,3.9090646474957693,14.756389701878161
Jamalpur,BD4539,Gazipur,BD3033,False,114.57543728525043,114.57543728525043,114.57543728525043,114.57543728525043,5263450,2499738,37426905,0.00729220656352928,400.94744918289445,4.741233446973115,15.476297263245858
Jamalpur,BD4539,Gopalganj,BD3035,False,207.73552071845083,207.73552071845083,207.73552071845083,207.73552071845083,1295057,2499738,106888166,0.00026738270106216414,30.010094139244497,5.336265735607305,14.07406526759114
Jamalpur,BD4539,Habiganj,BD6036,False,173.62486124474347,173.62486124474347,173.62486124474347,173.62486124474347,2358886,2499738,93460908,0.0006249833959122975,78.24978077702146,5.156897001907844,14.673700031660417
Jamalpur,BD4539,Jamalpur,BD4539,True,0.0,29.778449537031012,1.0,23.35832447375554,2499738,2499738,0,0.5,2818.969186336922,3.3937849619995846,14.731696484346525
Jamalpur,BD4539,Jashore,BD4041,False,220.24250281029,220.24250281029,220.24250281029,220.24250281029,3076144,2499738,123011757,0.00047645120432835417,63.41681030027039,5.394729224783085,14.939187422556142
Jamalpur,BD4539,Jhalokati,BD1042,False,269.1071566360128,269.1071566360128,269.1071566360128,269.1071566360128,661160,2499738,130596295,9.283651001867838e-05,9.129690938747173,5.595109652087562,13.40175114703129
Jamalpur,BD4539,Jhenaidah,BD4044,False,182.05633809815464,182.05633809815464,182.05633809815464,182.05633809815464,2005849,2499738,97558265,0.0004909858121792939,60.51828750439061,5.204316189165943,14.511577970493308
Jamalpur,BD4539,Joypurhat,BD5038,False,78.04987388138557,78.04987388138557,78.04987388138557,78.04987388138557,956431,2499738,21092702,0.004128038635561296,157.003463415443,4.357348031090636,13.770963927257238
Jamalpur,BD4539,Khagrachhari,BD2046,False,293.5257488690694,293.5257488690694,293.5257488690694,293.5257488690694,714119,2499738,141956449,8.512382709151094e-05,8.288542690864864,5.6819653658087175,13.478804894101042
Jamalpur,BD4539,Khulna,BD4047,False,281.1755158707742,281.1755158707742,281.1755158707742,281.1755158707742,2613385,2499738,134104546,0.0003435098613361044,33.05585485024194,5.638979085984852,14.776156873871212
Jamalpur,BD4539,Kishoreganj,BD3048,False,129.12136307055005,129.12136307055005,129.12136307055005,129.12136307055005,3267626,2499738,44248380,0.00349346157036458,195.99100457662806,4.86075276108418,14.999574285328466
Jamalpur,BD4539,Kurigram,BD5549,False,92.3311595643286,92.3311595643286,92.3311595643286,92.3311595643286,2329160,2499738,22049133,0.008823986623543731,273.2138703302266,4.525381674617497,14.66101824551926
Jamalpur,BD4539,Kushtia,BD4050,False,143.5192814359933,143.5192814359933,143.5192814359933,143.5192814359933,2149692,2499738,73683628,0.0009004622160990941,104.36520671259807,4.966469391581072,14.580835134027797
Jamalpur,BD4539,Lakshmipur,BD2051,False,253.1566714002472,253.1566714002472,253.1566714002472,253.1566714002472,1937948,2499738,128658347,0.0002775085917557341,30.238717389927665,5.534008551614975,14.477140239287523
Jamalpur,BD4539,Lalmonirhat,BD5552,False,135.80692318711453,135.80692318711453,135.80692318711453,135.80692318711453,1428406,2499738,53746251,0.0011007065552207194,77.44757888624416,4.9112341945844324,14.172069695197669
Jamalpur,BD4539,Madaripur,BD3054,False,197.81960476344616,197.81960476344616,197.81960476344616,197.81960476344616,1293027,2499738,103511906,0.0002841383727823665,33.042198351714426,5.28735552834916,14.07249653920651
Jamalpur,BD4539,Magura,BD4055,False,175.18956675761865,175.18956675761865,175.18956675761865,175.18956675761865,1033115,2499738,96525150,0.0002606435419529602,33.66140118924816,5.165868626258878,13.848089068139739
Jamalpur,BD4539,Manikganj,BD3056,False,125.99464322465434,125.99464322465434,125.99464322465434,125.99464322465434,1558025,2499738,42690355,0.0018435781302305893,98.14547017377868,4.836239391957683,14.258929551497186
Jamalpur,BD4539,Meherpur,BD4057,False,174.63032520742732,174.63032520742732,174.63032520742732,174.63032520742732,705356,2499738,95819794,0.00018110010188974782,23.12964884780045,5.162671312215537,13.466457918881725
Jamalpur,BD4539,Moulvibazar,BD6058,False,216.03858127524353,216.03858127524353,216.03858127524353,216.03858127524353,2123447,2499738,120888310,0.0003427514664726041,45.49658426915807,5.375457008749062,14.568551269629545
Jamalpur,BD4539,Munshiganj,BD3059,False,171.0340864522552,171.0340864522552,171.0340864522552,171.0340864522552,1625416,2499738,91835492,0.00044884040659024253,55.564727127288776,5.1418628726159845,14.301274340983566
Jamalpur,BD4539,Mymensingh,BD4561,False,66.19400061695632,66.19400061695632,66.19400061695632,66.19400061695632,5899005,2499738,7798383,0.08840509710008877,1346.298943385735,4.192589833714752,15.590294250586142
Jamalpur,BD4539,Naogaon,BD5064,False,110.67856687368007,110.67856687368007,110.67856687368007,110.67856687368007,2784599,2499738,31732682,0.005493107665260209,227.318932960993,4.706630206458314,14.839614435339252
Jamalpur,BD4539,Narail,BD4065,False,206.70666313549756,206.70666313549756,206.70666313549756,206.70666313549756,788671,2499738,106099495,0.0001659565145867053,18.458096805177785,5.331300701947056,13.57810452934276
Jamalpur,BD4539,Narayanganj,BD3067,False,157.51399005748283,157.51399005748283,157.51399005748283,157.51399005748283,3909138,2499738,80621384,0.0013508085987347712,157.5588260296053,5.059514280082709,15.178827447298536
Jamalpur,BD4539,Narsingdi,BD3068,False,143.0096711873469,143.0096711873469,143.0096711873469,143.0096711873469,2584452,2499738,71099176,0.0011522093618717047,126.368157805453,4.9629122586538035,14.765024051188075
Jamalpur,BD4539,Natore,BD5069,False,101.15151971464532,101.15151971464532,101.15151971464532,101.15151971464532,1859922,2499738,27547907,0.0048493674633114945,181.78159401786888,4.616619587867131,14.436045109326196
Jamalpur,BD4539,Netrakona,BD4572,False,101.3168839924636,101.3168839924636,101.3168839924636,101.3168839924636,2324853,2499738,29407829,0.005320576577153221,226.4810389375936,4.6182530705395894,14.659167369198306
Jamalpur,BD4539,Nilphamari,BD5573,False,148.7848251342569,148.7848251342569,148.7848251342569,148.7848251342569,2092568,2499738,75833320,0.0008302990498257688,94.52839888765621,5.002501135573894,14.553902577830893
Jamalpur,BD4539,Noakhali,BD2075,False,284.8604178359845,284.8604178359845,284.8604178359845,284.8604178359845,3625442,2499738,136717931,0.0004557238900451562,44.67831108490613,5.651999298317077,15.103486769872411
Jamalpur,BD4539,Pabna,BD5076,False,112.42050000444874,112.42050000444874,112.42050000444874,112.42050000444874,2909624,2499738,34517281,0.004921155906722546,230.22148199281335,4.722246305210798,14.8835344211774
Jamalpur,BD4539,Panchagarh,BD5577,False,193.68684717227043,193.68684717227043,193.68684717227043,193.68684717227043,1179843,2499738,102332063,0.0002653823869358979,31.450239761647367,5.266242665021579,13.98089193674234
Jamalpur,BD4539,Patuakhali,BD1078,False,314.45731504457086,314.45731504457086,314.45731504457086,314.45731504457086,1727254,2499738,146799668,0.00019148687052782725,17.46758250483457,5.750848343700555,14.362043422168306
Jamalpur,BD4539,Pirojpur,BD1079,False,271.65153751673665,271.65153751673665,271.65153751673665,271.65153751673665,1198195,2499738,132906351,0.00016192707893616267,16.23690194981218,5.604520132899559,13.996326815697198
Jamalpur,BD4539,Rajbari,BD3082,False,141.4601124362928,141.4601124362928,141.4601124362928,141.4601124362928,1189818,2499738,69909358,0.0005580980375853851,59.458306708829696,4.952017786434991,13.989310912214547
Jamalpur,BD4539,Rajshahi,BD5081,False,133.219126741246,133.219126741246,133.219126741246,133.219126741246,2915009,2499738,50831242,0.0024291999881740503,164.25051311345473,4.891995341951134,14.885383465240523
Jamalpur,BD4539,Rangamati,BD2084,False,343.46316416001474,343.46316416001474,343.46316416001474,343.46316416001474,647586,2499738,149537453,6.97342873986515e-05,5.489554716026233,5.839079869114499,13.381006882269048
Jamalpur,BD4539,Rangpur,BD5585,False,97.02610065945208,97.02610065945208,97.02610065945208,97.02610065945208,3169614,2499738,24378293,0.009810541484672317,336.6892268389059,4.574980021271555,14.9691203718778
Jamalpur,BD4539,Satkhira,BD4087,False,297.013040774492,297.013040774492,297.013040774492,297.013040774492,2196582,2499738,142670568,0.0002566635565509985,24.89983013300361,5.69377604617038,14.602413073820426
Jamalpur,BD4539,Shariatpur,BD3086,False,200.194388194052,200.194388194052,200.194388194052,200.194388194052,1294562,2499738,104804933,0.0002776974946948306,32.30122970893378,5.299288835489503,14.073682971966935
Jamalpur,BD4539,Sherpur,BD4589,False,26.000447228760912,26.000447228760912,26.000447228760912,26.000447228760912,1501853,2499738,0,0.3753139688688824,2221.5996069041407,3.2581137389797337,14.22221023700936
Jamalpur,BD4539,Sirajganj,BD5088,False,69.29133415045337,69.29133415045337,69.29133415045337,69.29133415045337,3357706,2499738,13697388,0.026499953332759504,699.3342846363539,4.238319850042656,15.026768560672359
Jamalpur,BD4539,Sunamganj,BD6090,False,151.24553699336903,151.24553699336903,151.24553699336903,151.24553699336903,2695496,2499738,77925888,0.001007922957138372,117.83479627412326,5.018904588993739,14.80709278991802
Jamalpur,BD4539,Sylhet,BD6091,False,215.94576466355468,215.94576466355468,215.94576466355468,215.94576466355468,3857123,2499738,117031187,0.0006537393192669904,82.71306361672691,5.3750272866353335,15.16543212675189
Jamalpur,BD4539,Tangail,BD3093,False,70.29192196970993,70.29192196970993,70.29192196970993,70.29192196970993,4037608,2499738,17055094,0.02187719793084787,817.1716959096417,4.252656884244206,15.2111629953813
Jamalpur,BD4539,Thakurgaon,BD5594,False,188.3879727359866,188.3879727359866,188.3879727359866,188.3879727359866,1533895,2499738,100798168,0.00035408339379060894,43.22045021385764,5.238503521123506,14.243320810065981
Jashore,BD4041,Bagerhat,BD4001,False,98.822864381123,98.822864381123,98.822864381123,98.822864381123,1613076,3076144,17374458,0.010997082518576597,165.17334125011214,4.593328998841714,14.293653473170336
Jashore,BD4041,Bandarban,BD2003,False,357.4194389853301,357.4194389853301,357.4194389853301,357.4194389853301,481106,3076144,160421523,5.520116488109368e-05,3.766035725596862,5.878909991244371,13.08384289902944
Jashore,BD4041,Barguna,BD1004,False,143.35857816604388,143.35857816604388,143.35857816604388,143.35857816604388,1010531,3076144,46832690,0.001223195570786335,49.170233524223235,4.965349031250846,13.825986493237492
Jashore,BD4041,Barishal,BD1006,False,123.43486087348494,123.43486087348494,123.43486087348494,123.43486087348494,2570446,3076144,26607565,0.008258692808086953,168.70689050937224,4.815713574601442,14.759589982670962
Jashore,BD4041,Bhola,BD1009,False,180.52762114596473,180.52762114596473,180.52762114596473,180.52762114596473,1932518,3076144,75487004,0.0009400237673502004,59.297478863456895,5.195883791805108,14.474334373759973
Jashore,BD4041,Bogura,BD5010,False,193.9999253258123,193.9999253258123,193.9999253258123,193.9999253258123,3734297,3076144,86216190,0.0013829104211268545,99.22148673614647,5.267857774144761,15.133070139288687
Jashore,BD4041,Brahmanbaria,BD2012,False,216.99400060362166,216.99400060362166,216.99400060362166,216.99400060362166,3306563,3076144,98196056,0.0009603946197612269,70.22331840975767,5.379869706170356,15.011419839295048
Jashore,BD4041,Chandpur,BD2013,False,164.44729346576727,164.44729346576727,164.44729346576727,164.44729346576727,2635748,3076144,65649858,0.0016531945895646698,97.46539011813083,5.102590114401529,14.784677570641602
Jashore,BD4041,Chapainawabganj,BD5070,False,203.1114897704943,203.1114897704943,203.1114897704943,203.1114897704943,1835528,3076144,89950487,0.0006398340936307682,44.49303493271231,5.313755038972882,14.422842736501666
Jashore,BD4041,Chattogram,BD2015,False,282.01387027926967,282.01387027926967,282.01387027926967,282.01387027926967,9169465,3076144,124522140,0.0016163005693757922,115.29303177865765,5.641956255116034,16.031389500109725
Jashore,BD4041,Chuadanga,BD4018,False,66.61008188969836,66.61008188969836,66.61008188969836,66.61008188969836,1234054,3076144,3827635,0.06756863911801671,278.13409429928953,4.19885594581479,14.025815242619684
Jashore,BD4041,Cox's Bazar,BD2022,False,346.76806463604254,346.76806463604254,346.76806463604254,346.76806463604254,2823268,3076144,153741132,0.00034691386918389,23.478692964731128,5.848656154841667,14.853405637196515
Jashore,BD4041,Cumilla,BD2019,False,193.81441428962125,193.81441428962125,193.81441428962125,193.81441428962125,6212216,3076144,80003974,0.00257597669597761,165.3767304865634,5.266901073830252,15.642028234056378
Jashore,BD4041,Dhaka,BD3026,False,134.3953332426451,134.3953332426451,134.3953332426451,134.3953332426451,14734701,3076144,30472573,0.027981698106205426,815.7798059889373,4.90078570458921,16.50571588212586
Jashore,BD4041,Dinajpur,BD5527,False,285.16466842843784,285.16466842843784,285.16466842843784,285.16466842843784,3315236,3076144,137575338,0.0005036335980428378,40.7683390248996,5.653066797375197,15.014039370621646
Jashore,BD4041,Faridpur,BD3029,False,80.46697712270921,80.46697712270921,80.46697712270921,80.46697712270921,2162879,3076144,11166713,0.028473840839497822,334.0387506586432,4.387846878182277,14.586950762547518
Jashore,BD4041,Feni,BD2030,False,229.18901517396216,229.18901517396216,229.18901517396216,229.18901517396216,1648896,3076144,110857793,0.0003851709160036811,31.391037344227005,5.434547056876884,14.315616531026453
Jashore,BD4041,Gaibandha,BD5532,False,247.90959114682178,247.90959114682178,247.90959114682178,247.90959114682178,2562233,3076144,117276168,0.0005328041104312701,41.690006430286786,5.51306412787248,14.756389701878161
Jashore,BD4041,Gazipur,BD3033,False,171.27298314155055,171.27298314155055,171.27298314155055,171.27298314155055,5263450,3076144,68285606,0.002961011204016782,179.4290581735292,5.1432586762630725,15.476297263245858
Jashore,BD4041,Gopalganj,BD3035,False,74.15786803213855,74.15786803213855,74.15786803213855,74.15786803213855,1295057,3076144,5061689,0.05189696997246841,235.49105326173955,4.306196172626166,14.07406526759114
Jashore,BD4041,Habiganj,BD6036,False,270.0411669366064,270.0411669366064,270.0411669366064,270.0411669366064,2358886,3076144,122163254,0.000454075227671775,32.3479676974234,5.598574417511564,14.673700031660417
Jashore,BD4041,Jamalpur,BD4539,False,220.24250281029,220.24250281029,220.24250281029,220.24250281029,2499738,3076144,107401624,0.0006160759835485891,51.533806787451205,5.394729224783085,14.731696484346525
Jashore,BD4041,Jashore,BD4041,True,0.0,27.158169528652262,1.0,25.943154692364946,3076144,3076144,0,0.5,4170.668498862288,3.3016779045670197,14.939187422556142
Jashore,BD4041,Jhalokati,BD1042,False,118.34017598189192,118.34017598189192,118.34017598189192,118.34017598189192,661160,3076144,25946405,0.002360801727213214,47.21088584749461,4.773563324334581,13.40175114703129
Jashore,BD4041,Jhenaidah,BD4044,False,45.29964563315401,45.29964563315401,45.29964563315401,45.29964563315401,2005849,3076144,788671,0.2719499373998296,977.481680895349,3.813299209790709,14.511577970493308
Jashore,BD4041,Joypurhat,BD5038,False,222.91757600392165,222.91757600392165,222.91757600392165,222.91757600392165,956431,3076144,109901362,0.0002285678892404528,19.247087481986945,5.406802088803715,13.770963927257238
Jashore,BD4041,Khagrachhari,BD2046,False,284.1378007284742,284.1378007284742,284.1378007284742,284.1378007284742,714119,3076144,133691605,0.00011682831861497929,8.845299831634964,5.6494593343156945,13.478804894101042
Jashore,BD4041,Khulna,BD4047,False,74.29869748700929,74.29869748700929,74.29869748700929,74.29869748700929,2613385,3076144,6356746,0.07074773044937833,473.4138871873163,4.308093421112574,14.776156873871212
Jashore,BD4041,Kishoreganj,BD3048,False,229.86274015840226,229.86274015840226,229.86274015840226,229.86274015840226,3267626,3076144,112506689,0.0007317197989506015,61.84366000563635,5.437482348857996,14.999574285328466
Jashore,BD4041,Kurigram,BD5549,False,305.0594083697193,305.0594083697193,305.0594083697193,305.0594083697193,2329160,3076144,143586070,0.00032788883057706836,25.02824950595422,5.720506539180014,14.66101824551926
Jashore,BD4041,Kushtia,BD4050,False,93.94671454894639,93.94671454894639,93.94671454894639,93.94671454894639,2149692,3076144,15224766,0.017668680598742655,243.56397132875807,4.542727755039874,14.580835134027797
Jashore,BD4041,Lakshmipur,BD2051,False,173.4889317759971,173.4889317759971,173.4889317759971,173.4889317759971,1937948,3076144,73549056,0.0009902806274046411,64.38705684093127,5.1561138035537155,14.477140239287523
Jashore,BD4041,Lalmonirhat,BD5552,False,330.67797637725033,330.67797637725033,330.67797637725033,330.67797637725033,1428406,3076144,150778831,0.00018391697071610253,13.062945751066751,5.801145020785643,14.172069695197669
Jashore,BD4041,Madaripur,BD3054,False,102.25851890315131,102.25851890315131,102.25851890315131,102.25851890315131,1293027,3076144,18987534,0.007718355342862912,123.65412174628625,4.627504105908702,14.07249653920651
Jashore,BD4041,Magura,BD4055,False,47.37536624328736,47.37536624328736,47.37536624328736,47.37536624328736,1033115,3076144,2794520,0.0784117639058774,460.3026831485733,3.858102394101729,13.848089068139739
Jashore,BD4041,Manikganj,BD3056,False,115.2360863375991,115.2360863375991,115.2360863375991,115.2360863375991,1558025,3076144,24388380,0.006012754253591264,117.32685286748828,4.746982948667748,14.258929551497186
Jashore,BD4041,Meherpur,BD4057,False,91.69813235979034,91.69813235979034,91.69813235979034,91.69813235979034,705356,3076144,14519410,0.006738130163411462,83.88559401282204,4.518502012204307,13.466457918881725
Jashore,BD4041,Moulvibazar,BD6058,False,318.85777120090177,318.85777120090177,318.85777120090177,318.85777120090177,2123447,3076144,145915230,0.0002901214912920675,20.88562199731421,5.764745145056094,14.568551269629545
Jashore,BD4041,Munshiganj,BD3059,False,135.84014558131148,135.84014558131148,135.84014558131148,135.84014558131148,1625416,3076144,45207274,0.0020748932702849125,88.08627680628108,4.91147879427412,14.301274340983566
Jashore,BD4041,Mymensingh,BD4561,False,219.70908451925047,219.70908451925047,219.70908451925047,219.70908451925047,5899005,3076144,101502619,0.001570605210736934,122.20324414350915,5.392304328190905,15.590294250586142
Jashore,BD4041,Naogaon,BD5064,False,205.78629590506057,205.78629590506057,205.78629590506057,205.78629590506057,2784599,3076144,95411457,0.0008588108472554813,65.75514847133918,5.326838231800176,14.839614435339252
Jashore,BD4041,Narail,BD4065,False,41.713007807619434,41.713007807619434,41.713007807619434,41.713007807619434,788671,3076144,0,0.20406436013108,453.2657025372095,3.7308130179948655,13.57810452934276
Jashore,BD4041,Narayanganj,BD3067,False,159.58599873705103,159.58599873705103,159.58599873705103,159.58599873705103,3909138,3076144,53060849,0.0035674138057965885,153.4940093740533,5.072582953955992,15.178827447298536
Jashore,BD4041,Narsingdi,BD3068,False,191.95763100244835,191.95763100244835,191.95763100244835,191.95763100244835,2584452,3076144,77419522,0.0011887910579108474,70.13869925511484,5.257274675813916,14.765024051188075
Jashore,BD4041,Natore,BD5069,False,143.78549436988774,143.78549436988774,143.78549436988774,143.78549436988774,1859922,3076144,47843221,0.0021288982019060723,89.96313508207639,4.968322566554128,14.436045109326196
Jashore,BD4041,Netrakona,BD4572,False,260.7680866082978,260.7680866082978,260.7680866082978,260.7680866082978,2324853,3076144,119838401,0.0004645772193427051,34.18901722312281,5.563631455265537,14.659167369198306
Jashore,BD4041,Nilphamari,BD5573,False,327.2842782552064,327.2842782552064,327.2842782552064,327.2842782552064,2092568,3076144,148686263,0.00027568332076094,19.53571417242211,5.790829145691675,14.553902577830893
Jashore,BD4041,Noakhali,BD2075,False,204.54696686294108,204.54696686294108,204.54696686294108,204.54696686294108,3625442,3076144,91786015,0.0011936941344520423,86.6512583283885,5.32079761592492,15.103486769872411
Jashore,BD4041,Pabna,BD5076,False,109.25498976639123,109.25498976639123,109.25498976639123,109.25498976639123,2909624,3076144,21478756,0.013271905655138626,243.755435587172,4.693684505851636,14.8835344211774
Jashore,BD4041,Panchagarh,BD5577,False,360.42609154296343,360.42609154296343,360.42609154296343,360.42609154296343,1179843,3076144,160902629,0.00013401148343888123,9.08221493445648,5.88728691918187,13.98089193674234
Jashore,BD4041,Patuakhali,BD1078,False,160.5548969954705,160.5548969954705,160.5548969954705,160.5548969954705,1727254,3076144,56969987,0.001432439998260704,67.00529052150796,5.078635921443586,14.362043422168306
Jashore,BD4041,Pirojpur,BD1079,False,104.21268734956183,104.21268734956183,104.21268734956183,104.21268734956183,1198195,3076144,20280561,0.006426646608243158,110.3281440360978,4.646433881499893,13.996326815697198
Jashore,BD4041,Rajbari,BD3082,False,81.173951066442,81.173951066442,81.173951066442,81.173951066442,1189818,3076144,13329592,0.012679103080760222,180.57065112479526,4.39659439602605,13.989310912214547
Jashore,BD4041,Rajshahi,BD5081,False,161.99904604796,161.99904604796,161.99904604796,161.99904604796,2915009,3076144,58697241,0.002243979021535967,111.07465824209304,5.087590446622206,14.885383465240523
Jashore,BD4041,Rangamati,BD2084,False,319.1999989659706,319.1999989659706,319.1999989659706,319.1999989659706,647586,3076144,148038677,8.686260426306361e-05,6.355821455616961,5.765817862336213,13.381006882269048
Jashore,BD4041,Rangpur,BD5585,False,284.7269818445686,284.7269818445686,284.7269818445686,284.7269818445686,3169614,3076144,134405724,0.0005042237537854615,39.09751251758852,5.651530762693109,14.9691203718778
Jashore,BD4041,Satkhira,BD4087,False,78.77076325789562,78.77076325789562,78.77076325789562,78.77076325789562,2196582,3076144,8970131,0.03938258281494416,354.0114534815713,4.366541903371165,14.602413073820426
Jashore,BD4041,Shariatpur,BD3086,False,127.32913840452349,127.32913840452349,127.32913840452349,127.32913840452349,1294562,3076144,29178011,0.003680170432061502,79.84859045620618,4.846775374928692,14.073682971966935
Jashore,BD4041,Sherpur,BD4589,False,239.64290869553375,239.64290869553375,239.64290869553375,239.64290869553375,1501853,3076144,115774315,0.00032298234785041273,26.151599818896145,5.479149934913443,14.22221023700936
Jashore,BD4041,Sirajganj,BD5088,False,151.08478084443632,151.08478084443632,151.08478084443632,151.08478084443632,3357706,3076144,49703143,0.0034860744970631502,147.09612388744262,5.017841141799739,15.026768560672359
Jashore,BD4041,Sunamganj,BD6090,False,301.4881305137424,301.4881305137424,301.4881305137424,301.4881305137424,2695496,3076144,140890574,0.0003927037174614795,29.655022243333793,5.708730647278672,14.80709278991802
Jashore,BD4041,Sylhet,BD6091,False,350.70671292304604,350.70671292304604,350.70671292304604,350.70671292304604,3857123,3076144,156564400,0.0004545853034564267,31.359947765244943,5.859950298460074,15.16543212675189
Jashore,BD4041,Tangail,BD3093,False,163.91508237799093,163.91508237799093,163.91508237799093,163.91508237799093,4037608,3076144,61612250,0.002793723135890141,150.27485570050627,5.099348503346364,15.2111629953813
Jashore,BD4041,Thakurgaon,BD5594,False,333.27350757423255,333.27350757423255,333.27350757423255,333.27350757423255,1533895,3076144,152207237,0.0001937686035691277,13.810011721757286,5.808963496928751,14.243320810065981
Jhalokati,BD1042,Bagerhat,BD4001,False,50.942313488146894,50.942313488146894,50.942313488146894,50.942313488146894,1613076,661160,6506426,0.01694576690484476,621.580671766865,3.9306938844632437,14.293653473170336
Jhalokati,BD1042,Bandarban,BD2003,False,240.03467277390874,240.03467277390874,240.03467277390874,240.03467277390874,481106,661160,119177021,2.2060577954625505e-05,8.350121865545953,5.480783382798508,13.08384289902944
Jhalokati,BD1042,Barguna,BD1004,False,48.44108434832551,48.44108434832551,48.44108434832551,48.44108434832551,1010531,661160,5495895,0.015139455865972462,430.6474980824534,3.8803483038250426,13.825986493237492
Jhalokati,BD1042,Barishal,BD1006,False,31.07766060811745,31.07766060811745,31.07766060811745,31.07766060811745,2570446,661160,1198195,0.2063329192832102,2661.410374813367,3.4364892526574264,14.759589982670962
Jhalokati,BD1042,Bhola,BD1009,False,62.30401475128889,62.30401475128889,62.30401475128889,62.30401475128889,1932518,661160,8119502,0.013582648346265247,497.8419423729807,4.132025865952873,14.474334373759973
Jhalokati,BD1042,Bogura,BD5010,False,263.4537654998369,263.4537654998369,263.4537654998369,263.4537654998369,3734297,661160,122573136,0.00015779292666279323,53.80220008550125,5.573877889587263,15.133070139288687
Jhalokati,BD1042,Brahmanbaria,BD2012,False,178.87458243150098,178.87458243150098,178.87458243150098,178.87458243150098,3306563,661160,85140060,0.00028593957746718976,103.34263618725588,5.186684903458802,15.011419839295048
Jhalokati,BD1042,Chandpur,BD2013,False,98.41739188268723,98.41739188268723,98.41739188268723,98.41739188268723,2635748,661160,22900112,0.002823318227838236,272.1198244101408,4.589217535215614,14.784677570641602
Jhalokati,BD1042,Chapainawabganj,BD5070,False,308.24495651917067,308.24495651917067,308.24495651917067,308.24495651917067,1835528,661160,141193850,5.953806765740427e-05,19.31830662232214,5.730894780253409,14.422842736501666
Jhalokati,BD1042,Chattogram,BD2015,False,170.14242697455242,170.14242697455242,170.14242697455242,170.14242697455242,9169465,661160,69473091,0.0010900009261459488,316.75155108714034,5.1366358920196005,16.031389500109725
Jhalokati,BD1042,Chuadanga,BD4018,False,178.69871909197929,178.69871909197929,178.69871909197929,178.69871909197929,1234054,661160,83906006,0.00011244638425569482,38.64481966853219,5.185701254215682,14.025815242619684
Jhalokati,BD1042,Cox's Bazar,BD2022,False,228.49558852739528,228.49558852739528,228.49558852739528,228.49558852739528,2823268,661160,106235940,0.000159149580317834,54.07499229503174,5.43151690392205,14.853405637196515
Jhalokati,BD1042,Cumilla,BD2019,False,129.6123884774677,129.6123884774677,129.6123884774677,129.6123884774677,6212216,661160,35629996,0.0026627410308549026,369.78860153297404,4.864548369453649,15.642028234056378
Jhalokati,BD1042,Dhaka,BD3026,False,135.18328673679238,135.18328673679238,135.18328673679238,135.18328673679238,14734701,661160,47400246,0.0032278898486972386,806.2975215355253,4.906631537156722,16.50571588212586
Jhalokati,BD1042,Dinajpur,BD5527,False,368.316825462236,368.316825462236,368.316825462236,368.316825462236,3315236,661160,154947508,8.863352269956187e-05,24.438319154243032,5.908943506529813,15.014039370621646
Jhalokati,BD1042,Faridpur,BD3029,False,106.77082555898156,106.77082555898156,106.77082555898156,106.77082555898156,2162879,661160,25535860,0.0019247849909501938,189.726075115236,4.670684720285275,14.586950762547518
Jhalokati,BD1042,Feni,BD2030,False,134.5725073748375,134.5725073748375,134.5725073748375,134.5725073748375,1648896,661160,45751350,0.0004887292231186904,91.05013117613173,4.9021031420747585,14.315616531026453
Jhalokati,BD1042,Gaibandha,BD5532,False,310.8457937934719,310.8457937934719,310.8457937934719,310.8457937934719,2562233,661160,143029378,8.061074172045204e-05,26.517258979439568,5.739296949317611,14.756389701878161
Jhalokati,BD1042,Gazipur,BD3033,False,171.72318553699586,171.72318553699586,171.72318553699586,171.72318553699586,5263450,661160,78642556,0.000518897714686207,178.48948204243328,5.145883793947142,15.476297263245858
Jhalokati,BD1042,Gopalganj,BD3035,False,66.02443724078476,66.02443724078476,66.02443724078476,66.02443724078476,1295057,661160,10052020,0.00665576227870302,297.0841399422412,4.1900249347206655,14.07406526759114
Jhalokati,BD1042,Habiganj,BD6036,False,236.66117704785452,236.66117704785452,236.66117704785452,236.66117704785452,2358886,661160,110919130,0.0001226741235093569,42.11656202552731,5.466629485525784,14.673700031660417
Jhalokati,BD1042,Jamalpur,BD4539,False,269.1071566360128,269.1071566360128,269.1071566360128,269.1071566360128,2499738,661160,128632286,9.699103690864234e-05,34.51787066344301,5.595109652087562,14.731696484346525
Jhalokati,BD1042,Jashore,BD4041,False,118.34017598189192,118.34017598189192,118.34017598189192,118.34017598189192,3076144,661160,31520737,0.0017924349924825606,219.65557994200415,4.773563324334581,14.939187422556142
Jhalokati,BD1042,Jhalokati,BD1042,True,0.0,16.21663752162535,1.0,13.843348106499953,661160,661160,0,0.5,2514.1139179841143,2.7860377227346644,13.40175114703129
Jhalokati,BD1042,Jhenaidah,BD4044,False,151.5738735267934,151.5738735267934,151.5738735267934,151.5738735267934,2005849,661160,64882790,0.00029953538597381175,87.30709492904492,5.021073120142571,14.511577970493308
Jhalokati,BD1042,Joypurhat,BD5038,False,301.7570519549144,301.7570519549144,301.7570519549144,301.7570519549144,956431,661160,140237419,3.1637992825475893e-05,10.503614830288194,5.709622229894833,13.770963927257238
Jhalokati,BD1042,Khagrachhari,BD2046,False,192.72397997161343,192.72397997161343,192.72397997161343,192.72397997161343,714119,661160,93505939,5.284424734529741e-05,19.226448838513182,5.2612590096687875,13.478804894101042
Jhalokati,BD1042,Khulna,BD4047,False,76.4591877500247,76.4591877500247,76.4591877500247,76.4591877500247,2613385,661160,12640104,0.008162439721973743,447.0375805284504,4.336757105010489,14.776156873871212
Jhalokati,BD1042,Kishoreganj,BD3048,False,214.92837666058819,214.92837666058819,214.92837666058819,214.92837666058819,3267626,661160,102320728,0.00019744726037645343,70.73670500186064,5.370304840815717,14.999574285328466
Jhalokati,BD1042,Kurigram,BD5549,False,361.39416909005496,361.39416909005496,361.39416909005496,361.39416909005496,2329160,661160,152618348,6.456364058201645e-05,17.833518670515268,5.88996924380012,14.66101824551926
Jhalokati,BD1042,Kushtia,BD4050,False,191.40221112214977,191.40221112214977,191.40221112214977,191.40221112214977,2149692,661160,91356247,0.00016402635306947354,58.67895070090436,5.254377031314455,14.580835134027797
Jhalokati,BD1042,Lakshmipur,BD2051,False,77.49337801136905,77.49337801136905,77.49337801136905,77.49337801136905,1937948,661160,15253489,0.004509726712172291,322.7103797612692,4.350192487694075,14.477140239287523
Jhalokati,BD1042,Lalmonirhat,BD5552,False,399.8193084288751,399.8193084288751,399.8193084288751,399.8193084288751,1428406,661160,158262744,3.70590080994548e-05,8.93560862241313,5.991012716119921,14.172069695197669
Jhalokati,BD1042,Madaripur,BD3054,False,71.7754030759822,71.7754030759822,71.7754030759822,71.7754030759822,1293027,661160,11347077,0.005352319134187454,250.98993922758208,4.273541841818349,14.07249653920651
Jhalokati,BD1042,Magura,BD4055,False,123.54752061891837,123.54752061891837,123.54752061891837,123.54752061891837,1033115,661160,34596881,0.0005338217412059635,67.68315558901939,4.816625864397712,13.848089068139739
Jhalokati,BD1042,Manikganj,BD3056,False,143.36014425731196,143.36014425731196,143.36014425731196,143.36014425731196,1558025,661160,63324765,0.0002456201147268598,75.80844063909218,4.965359955485265,14.258929551497186
Jhalokati,BD1042,Meherpur,BD4057,False,203.05194081195276,203.05194081195276,203.05194081195276,203.05194081195276,705356,661160,98257666,4.732288510061097e-05,17.107796480204936,5.31346181238238,13.466457918881725
Jhalokati,BD1042,Moulvibazar,BD6058,False,275.94867590493436,275.94867590493436,275.94867590493436,275.94867590493436,2123447,661160,131132024,7.954640030761308e-05,27.88590841524865,5.620214891558849,14.568551269629545
Jhalokati,BD1042,Munshiganj,BD3059,False,108.61937918144355,108.61937918144355,108.61937918144355,108.61937918144355,1625416,661160,27698739,0.0012637402155728204,137.76848987875883,4.687849837081652,14.301274340983566
Jhalokati,BD1042,Mymensingh,BD4561,False,237.74396807779164,237.74396807779164,237.74396807779164,237.74396807779164,5899005,661160,113278016,0.0002856387031231604,104.36617097174684,5.47119433024263,15.590294250586142
Jhalokati,BD1042,Naogaon,BD5064,False,296.9823541255934,296.9823541255934,296.9823541255934,296.9823541255934,2784599,661160,137452820,9.460737231178004e-05,31.571947491226805,5.693672723319094,14.839614435339252
Jhalokati,BD1042,Narail,BD4065,False,87.57090950693888,87.57090950693888,87.57090950693888,87.57090950693888,788671,661160,18485999,0.0013660411356167998,102.8433349364628,4.472448859536369,13.57810452934276
Jhalokati,BD1042,Narayanganj,BD3067,False,134.11472798240123,134.11472798240123,134.11472798240123,134.11472798240123,3909138,661160,41842212,0.0013101744659521804,217.3341915444097,4.898695612611909,15.178827447298536
Jhalokati,BD1042,Narsingdi,BD3068,False,169.96391727928236,169.96391727928236,169.96391727928236,169.96391727928236,2584452,661160,66888639,0.0003606789670444905,89.46537909956099,5.135586163223428,14.765024051188075
Jhalokati,BD1042,Natore,BD5069,False,230.04005988294054,230.04005988294054,230.04005988294054,230.04005988294054,1859922,661160,109059208,0.00010044459248313226,35.14696165100964,5.438253467160858,14.436045109326196
Jhalokati,BD1042,Netrakona,BD4572,False,264.2232527054282,264.2232527054282,264.2232527054282,264.2232527054282,2324853,661160,126307433,9.363306741404713e-05,33.3007050441516,5.576794399969499,14.659167369198306
Jhalokati,BD1042,Nilphamari,BD5573,False,404.3285563267332,404.3285563267332,404.3285563267332,404.3285563267332,2092568,661160,159691150,5.311349839256292e-05,12.800022982991939,6.002227805680344,14.553902577830893
Jhalokati,BD1042,Noakhali,BD2075,False,97.47141280490936,97.47141280490936,97.47141280490936,97.47141280490936,3625442,661160,19274670,0.005103104691440032,381.59830733176426,4.579559133010761,15.103486769872411
Jhalokati,BD1042,Pabna,BD5076,False,183.70675842489982,183.70675842489982,183.70675842489982,183.70675842489982,2909624,661160,88446623,0.00023461610030565462,86.21574839490432,5.213340782099032,14.8835344211774
Jhalokati,BD1042,Panchagarh,BD5577,False,443.73868957212477,443.73868957212477,443.73868957212477,443.73868957212477,1179843,661160,163317613,2.880327851701699e-05,5.991969957230967,6.095235852176624,13.98089193674234
Jhalokati,BD1042,Patuakhali,BD1078,False,47.87699392410709,47.87699392410709,47.87699392410709,47.87699392410709,1727254,661160,3768641,0.04187024750921736,753.5333157926458,3.8686350951788513,14.362043422168306
Jhalokati,BD1042,Pirojpur,BD1079,False,20.070770654260947,20.070770654260947,20.070770654260947,20.070770654260947,1198195,661160,0,0.6444143264734277,2974.4002318546586,2.9992645603899812,13.996326815697198
Jhalokati,BD1042,Rajbari,BD3082,False,143.32099160092656,143.32099160092656,143.32099160092656,143.32099160092656,1189818,661160,62134947,0.00019578072498313264,57.924317618050374,4.965086811202426,13.989310912214547
Jhalokati,BD1042,Rajshahi,BD5081,False,262.14029003120316,262.14029003120316,262.14029003120316,262.14029003120316,2915009,661160,119658127,0.00012998092787054765,42.420164544367324,5.568879818588908,14.885383465240523
Jhalokati,BD1042,Rangamati,BD2084,False,216.85432913156205,216.85432913156205,216.85432913156205,216.85432913156205,647586,661160,105588354,3.769737819565238e-05,13.77086618688168,5.379225833796938,13.381006882269048
Jhalokati,BD1042,Rangpur,BD5585,False,355.38838798418095,355.38838798418095,355.38838798418095,355.38838798418095,3169614,661160,149448734,9.107926797667607e-05,25.09573440526287,5.873211242097806,14.9691203718778
Jhalokati,BD1042,Satkhira,BD4087,False,109.67543947530886,109.67543947530886,109.67543947530886,109.67543947530886,2196582,661160,29324155,0.0015049904198048975,182.611722827506,4.697525454113398,14.602413073820426
Jhalokati,BD1042,Shariatpur,BD3086,False,78.45097005674224,78.45097005674224,78.45097005674224,78.45097005674224,1294562,661160,17191437,0.0025039386313311647,210.34210637559448,4.3624738443893,14.073682971966935
Jhalokati,BD1042,Sherpur,BD4589,False,279.2641270402719,279.2641270402719,279.2641270402719,279.2641270402719,1501853,661160,133255471,5.475471650893809e-05,19.257376559449664,5.63215802589182,14.22221023700936
Jhalokati,BD1042,Sirajganj,BD5088,False,210.84252152700276,210.84252152700276,210.84252152700276,210.84252152700276,3357706,661160,98963022,0.0002163832401171573,75.53117900596094,5.3511115113492,15.026768560672359
Jhalokati,BD1042,Sunamganj,BD6090,False,288.4189372152374,288.4189372152374,288.4189372152374,288.4189372152374,2695496,661160,134757324,9.528612693544594e-05,32.40344218283041,5.664414066276007,14.80709278991802
Jhalokati,BD1042,Sylhet,BD6091,False,318.9914359364468,318.9914359364468,318.9914359364468,318.9914359364468,3857123,661160,145591611,0.0001161600092089779,37.90578030455917,5.765164255830258,15.16543212675189
Jhalokati,BD1042,Tangail,BD3093,False,199.21785389172555,199.21785389172555,199.21785389172555,199.21785389172555,4037608,661160,94220058,0.00028442745720964327,101.73435539525767,5.294398969104661,15.2111629953813
Jhalokati,BD1042,Thakurgaon,BD5594,False,423.244728407793,423.244728407793,423.244728407793,423.244728407793,1533895,661160,161783718,3.807225039569944e-05,8.562735255092491,6.047950565903886,14.243320810065981
Jhenaidah,BD4044,Bagerhat,BD4001,False,141.25637568031252,141.25637568031252,141.25637568031252,141.25637568031252,1613076,2005849,55228548,0.0009606565229422779,80.84230942966164,4.950576506567616,14.293653473170336
Jhenaidah,BD4044,Bandarban,BD2003,False,384.7217970036638,384.7217970036638,384.7217970036638,384.7217970036638,481106,2005849,162671661,3.548162347183911e-05,3.2504776775019244,5.9525204678975285,13.08384289902944
Jhenaidah,BD4044,Barguna,BD1004,False,183.51932794745207,183.51932794745207,183.51932794745207,183.51932794745207,1010531,2005849,86276611,0.00025713197187217867,30.00447419916115,5.212319991361779,13.825986493237492
Jhenaidah,BD4044,Barishal,BD1006,False,148.73562766919332,148.73562766919332,148.73562766919332,148.73562766919332,2570446,2005849,56841624,0.0014265395124180651,116.19259831438943,5.002170419046352,14.759589982670962
Jhenaidah,BD4044,Bhola,BD1009,False,211.81733792985764,211.81733792985764,211.81733792985764,211.81733792985764,1932518,2005849,110434214,0.00030142466159136156,43.07254530682073,5.355724289731308,14.474334373759973
Jhenaidah,BD4044,Bogura,BD5010,False,151.38513281742667,151.38513281742667,151.38513281742667,151.38513281742667,3734297,2005849,59412070,0.0018719006836870997,162.94551204611952,5.019827138146114,15.133070139288687
Jhenaidah,BD4044,Brahmanbaria,BD2012,False,209.63336640458562,209.63336640458562,209.63336640458562,209.63336640458562,3306563,2005849,107127651,0.0005405002188788627,75.24124700681938,5.345360130638939,15.011419839295048
Jhenaidah,BD4044,Chandpur,BD2013,False,173.4916094510266,173.4916094510266,173.4916094510266,173.4916094510266,2635748,2005849,77600242,0.0008075380787317557,87.56830305854335,5.1561292377046914,14.784677570641602
Jhenaidah,BD4044,Chapainawabganj,BD5070,False,159.94755354191386,159.94755354191386,159.94755354191386,159.94755354191386,1835528,2005849,72980115,0.0006391407875541794,71.74734096488157,5.074845971135785,14.422842736501666
Jhenaidah,BD4044,Chattogram,BD2015,False,304.3202169778325,304.3202169778325,304.3202169778325,304.3202169778325,9169465,2005849,142870929,0.0008241235861424376,99.01075844693617,5.718080492349123,16.031389500109725
Jhenaidah,BD4044,Chuadanga,BD4018,False,27.77505473161078,27.77505473161078,27.77505473161078,27.77505473161078,1234054,2005849,0,0.3808922674536861,1599.647594453728,3.324138306058794,14.025815242619684
Jhenaidah,BD4044,Cox's Bazar,BD2022,False,378.4480186179438,378.4480186179438,378.4480186179438,378.4480186179438,2823268,2005849,159848393,0.00021246723403293337,19.712405941278377,5.93607872822276,14.853405637196515
Jhenaidah,BD4044,Cumilla,BD2019,False,198.62560226864923,198.62560226864923,198.62560226864923,198.62560226864923,6212216,2005849,96851349,0.0011996655214149242,157.4621197748614,5.291421657041832,15.642028234056378
Jhenaidah,BD4044,Dhaka,BD3026,False,123.03598368309581,123.03598368309581,123.03598368309581,123.03598368309581,14734701,2005849,30141484,0.01961047753718336,973.3679357708819,4.812476862857003,16.50571588212586
Jhenaidah,BD4044,Dinajpur,BD5527,False,239.96437327005637,239.96437327005637,239.96437327005637,239.96437327005637,3315236,2005849,121584653,0.0004239809374325662,57.57327218204731,5.480490467614887,15.014039370621646
Jhenaidah,BD4044,Faridpur,BD3029,False,76.63895220758394,76.63895220758394,76.63895220758394,76.63895220758394,2162879,2005849,13086474,0.016659206872635883,368.24181878829614,4.339105461956203,14.586950762547518
Jhenaidah,BD4044,Feni,BD2030,False,243.6977996893378,243.6977996893378,243.6977996893378,243.6977996893378,1648896,2005849,128069503,0.00019303264564793734,27.764512247846167,5.495928931822809,14.315616531026453
Jhenaidah,BD4044,Gaibandha,BD5532,False,205.6195002347453,205.6195002347453,205.6195002347453,205.6195002347453,2562233,2005849,104565418,0.00044189454864800227,60.602427662597464,5.326027374583194,14.756389701878161
Jhenaidah,BD4044,Gazipur,BD3033,False,153.83450341405975,153.83450341405975,153.83450341405975,153.83450341405975,5263450,2005849,63807527,0.0022569739323243542,222.4144471418909,5.035877371404439,15.476297263245858
Jhenaidah,BD4044,Gopalganj,BD3035,False,93.26130021518195,93.26130021518195,93.26130021518195,93.26130021518195,1295057,2005849,15249353,0.008115533868663856,148.89700143325948,4.535405233114234,14.07406526759114
Jhenaidah,BD4044,Habiganj,BD6036,False,257.38977421993786,257.38977421993786,257.38977421993786,257.38977421993786,2358886,2005849,129718399,0.00026789543230573194,35.6060973584208,5.550591567177611,14.673700031660417
Jhenaidah,BD4044,Jamalpur,BD4539,False,182.05633809815464,182.05633809815464,182.05633809815464,182.05633809815464,2499738,2005849,83776873,0.0006620922118557806,75.41936754444146,5.204316189165943,14.731696484346525
Jhenaidah,BD4044,Jashore,BD4041,False,45.29964563315401,45.29964563315401,45.29964563315401,45.29964563315401,3076144,2005849,2267169,0.19648633636111246,1499.0532227481442,3.813299209790709,14.939187422556142
Jhenaidah,BD4044,Jhalokati,BD1042,False,151.5738735267934,151.5738735267934,151.5738735267934,151.5738735267934,661160,2005849,63146367,0.00030928684349779085,28.777818710823865,5.021073120142571,13.40175114703129
Jhenaidah,BD4044,Jhenaidah,BD4044,True,0.0,27.552443491675515,1.0,22.601189800303487,2005849,2005849,0,0.5,2642.2748777105276,3.316091224648711,14.511577970493308
Jhenaidah,BD4044,Joypurhat,BD5038,False,178.30773730680156,178.30773730680156,178.30773730680156,178.30773730680156,956431,2005849,80235990,0.000280378541092999,30.08245434428528,5.183510918805868,13.770963927257238
Jhenaidah,BD4044,Khagrachhari,BD2046,False,294.7159944560083,294.7159944560083,294.7159944560083,294.7159944560083,714119,2005849,142156810,6.858312367674004e-05,8.221729350245814,5.68601216195941,13.478804894101042
Jhenaidah,BD4044,Khulna,BD4047,False,119.09162990335827,119.09162990335827,119.09162990335827,119.09162990335827,2613385,2005849,27528099,0.005521221564411724,184.26417872996632,4.779893196002129,14.776156873871212
Jhenaidah,BD4044,Kishoreganj,BD3048,False,212.76024670729973,212.76024670729973,212.76024670729973,212.76024670729973,3267626,2005849,112366732,0.00048713897448370176,72.18573328683567,5.360165929430221,14.999574285328466
Jhenaidah,BD4044,Kurigram,BD5549,False,263.3185480625656,263.3185480625656,263.3185480625656,263.3185480625656,2329160,2005849,132077285,0.00025542881855379124,33.59204316237901,5.573364508618826,14.66101824551926
Jhenaidah,BD4044,Kushtia,BD4050,False,48.69055952672156,48.69055952672156,48.69055952672156,48.69055952672156,2149692,2005849,5343313,0.06176827077284832,906.7482158606416,3.885485161743319,14.580835134027797
Jhenaidah,BD4044,Lakshmipur,BD2051,False,192.56321139065204,192.56321139065204,192.56321139065204,192.56321139065204,1937948,2005849,93186147,0.00042042330733370055,52.26313767077369,5.260424470686457,14.477140239287523
Jhenaidah,BD4044,Lalmonirhat,BD5552,False,286.59551716966257,286.59551716966257,286.59551716966257,286.59551716966257,1428406,2005849,139194509,0.00014226792114855417,17.390532474710664,5.658071873853958,14.172069695197669
Jhenaidah,BD4044,Madaripur,BD3054,False,114.06548465753396,114.06548465753396,114.06548465753396,114.06548465753396,1293027,2005849,23320063,0.0038472463417932416,99.38002310011474,4.736772710295036,14.07249653920651
Jhenaidah,BD4044,Magura,BD4055,False,35.683484049971206,35.683484049971206,35.683484049971206,35.683484049971206,1033115,2005849,1234054,0.1496856519466066,811.3610676878736,3.5746879500850857,13.848089068139739
Jhenaidah,BD4044,Manikganj,BD3056,False,96.25180319549207,96.25180319549207,96.25180319549207,96.25180319549207,1558025,2005849,16544410,0.008378141102095884,168.17315556820253,4.566967707491024,14.258929551497186
Jhenaidah,BD4044,Meherpur,BD4057,False,51.48149207004251,51.48149207004251,51.48149207004251,51.48149207004251,705356,2005849,7493005,0.014596744325519084,266.13752522120507,3.941222365797472,13.466457918881725
Jhenaidah,BD4044,Moulvibazar,BD6058,False,307.70203088188333,307.70203088188333,307.70203088188333,307.70203088188333,2123447,2005849,152040394,0.0001770483170697725,22.42749148122033,5.729131882507331,14.568551269629545
Jhenaidah,BD4044,Munshiganj,BD3059,False,135.65544059479873,135.65544059479873,135.65544059479873,135.65544059479873,1625416,2005849,51110375,0.0011212895346955592,88.32631216187299,4.910118145892239,14.301274340983566
Jhenaidah,BD4044,Mymensingh,BD4561,False,191.38985495036886,191.38985495036886,191.38985495036886,191.38985495036886,5899005,2005849,87287142,0.0013920639820054895,161.04266087052903,5.254312473175035,15.590294250586142
Jhenaidah,BD4044,Naogaon,BD5064,False,160.49039515653456,160.49039515653456,160.49039515653456,160.49039515653456,2784599,2005849,74815643,0.0009133387059194748,108.10967707577423,5.0782340975179245,14.839614435339252
Jhenaidah,BD4044,Narail,BD4065,False,64.23347497987007,64.23347497987007,64.23347497987007,64.23347497987007,788671,2005849,9388179,0.011396547673652908,191.14944286087623,4.1625244919371704,13.57810452934276
Jhenaidah,BD4044,Narayanganj,BD3067,False,154.08128914016442,154.08128914016442,154.08128914016442,154.08128914016442,3909138,2005849,69070977,0.0014711983652087454,164.6573779768869,5.037480314708509,15.178827447298536
Jhenaidah,BD4044,Narsingdi,BD3068,False,180.81206678141552,180.81206678141552,180.81206678141552,180.81206678141552,2584452,2005849,81192421,0.0007263611176945353,79.0521433888057,5.197458186778643,14.765024051188075
Jhenaidah,BD4044,Natore,BD5069,False,99.09162231461171,99.09162231461171,99.09162231461171,99.09162231461171,1859922,2005849,18102435,0.008445461083349853,189.41782876478632,4.596044900069309,14.436045109326196
Jhenaidah,BD4044,Netrakona,BD4572,False,235.30205829105458,235.30205829105458,235.30205829105458,235.30205829105458,2324853,2005849,119259800,0.00031115074299420826,41.989823141662775,5.460870043213352,14.659167369198306
Jhenaidah,BD4044,Nilphamari,BD5573,False,282.3790548001437,282.3790548001437,282.3790548001437,282.3790548001437,2092568,2005849,137101941,0.0002136931333590015,26.243068819584934,5.6432503343137315,14.553902577830893
Jhenaidah,BD4044,Noakhali,BD2075,False,226.36870619107543,226.36870619107543,226.36870619107543,226.36870619107543,3625442,2005849,115634358,0.0005097598455340009,70.75028348689074,5.422165113237622,15.103486769872411
Jhenaidah,BD4044,Pabna,BD5076,False,69.64948864195205,69.64948864195205,69.64948864195205,69.64948864195205,2909624,2005849,10176850,0.03174208872503946,599.7924654274698,4.243475358374772,14.8835344211774
Jhenaidah,BD4044,Panchagarh,BD5577,False,315.15127093043435,315.15127093043435,315.15127093043435,315.15127093043435,1179843,2005849,154163841,9.630753118422396e-05,11.879169918123848,5.753052748730408,13.98089193674234
Jhenaidah,BD4044,Patuakhali,BD1078,False,197.243113393337,197.243113393337,197.243113393337,197.243113393337,1727254,2005849,95124095,0.00036082199910703923,44.39688592312177,5.284437046028229,14.362043422168306
Jhenaidah,BD4044,Pirojpur,BD1079,False,140.9913957904491,140.9913957904491,140.9913957904491,140.9913957904491,1198195,2005849,54030353,0.000749376268309389,60.27570281801741,4.948698865753432,13.996326815697198
Jhenaidah,BD4044,Rajbari,BD3082,False,55.097552077336154,55.097552077336154,55.097552077336154,55.097552077336154,1189818,2005849,8198361,0.02052684018366175,391.9366955038688,4.009105288263365,13.989310912214547
Jhenaidah,BD4044,Rajshahi,BD5081,False,117.27423447376978,117.27423447376978,117.27423447376978,117.27423447376978,2915009,2005849,24613090,0.007437481343990175,211.9506176843543,4.764515076576672,14.885383465240523
Jhenaidah,BD4044,Rangamati,BD2084,False,334.46114211107255,334.46114211107255,334.46114211107255,334.46114211107255,647586,2005849,159200807,4.978386750038336e-05,5.78903418817186,5.81252070573837,13.381006882269048
Jhenaidah,BD4044,Rangpur,BD5585,False,240.71568137472303,240.71568137472303,240.71568137472303,240.71568137472303,3169614,2005849,124899889,0.0003851486180457291,54.701295258244386,5.483616491710222,14.9691203718778
Jhenaidah,BD4044,Satkhira,BD4087,False,123.19324635696336,123.19324635696336,123.19324635696336,123.19324635696336,2196582,2005849,44876185,0.001914903548568937,144.735018460747,4.813754231065687,14.602413073820426
Jhenaidah,BD4044,Shariatpur,BD3086,False,137.48392264009857,137.48392264009857,137.48392264009857,137.48392264009857,1294562,2005849,52735791,0.0008465148763491834,68.48871614810321,4.92350698401639,14.073682971966935
Jhenaidah,BD4044,Sherpur,BD4589,False,203.43187371859864,203.43187371859864,203.43187371859864,203.43187371859864,1501853,2005849,103063565,0.0002690352728994893,36.29020554279244,5.31533117595212,14.22221023700936
Jhenaidah,BD4044,Sirajganj,BD5088,False,113.04145716991185,113.04145716991185,113.04145716991185,113.04145716991185,3357706,2005849,19962357,0.012105457774231217,262.76479135929617,4.727754629039046,15.026768560672359
Jhenaidah,BD4044,Sunamganj,BD6090,False,280.05155308774937,280.05155308774937,280.05155308774937,280.05155308774937,2695496,2005849,134406445,0.00028492592348781313,34.368669572400826,5.634973704392113,14.80709278991802
Jhenaidah,BD4044,Sylhet,BD6091,False,334.31970989572596,334.31970989572596,334.31970989572596,334.31970989572596,3857123,2005849,155343684,0.00030500945134331653,34.509568242983725,5.812097750394985,15.16543212675189
Jhenaidah,BD4044,Tangail,BD3093,False,133.6863069787787,133.6863069787787,133.6863069787787,133.6863069787787,4037608,2005849,47072767,0.003106725538584153,225.91772169427793,4.895496062847901,15.2111629953813
Jhenaidah,BD4044,Thakurgaon,BD5594,False,288.0497819567801,288.0497819567801,288.0497819567801,288.0497819567801,1533895,2005849,140622915,0.00014963526784784963,18.486748380066516,5.663133319215009,14.243320810065981
Joypurhat,BD5038,Bagerhat,BD4001,False,310.07103251286566,310.07103251286566,310.07103251286566,310.07103251286566,1613076,956431,138808924,7.807747935688937e-05,16.777700549047534,5.736801408369564,14.293653473170336
Joypurhat,BD5038,Bandarban,BD2003,False,495.422795510772,495.422795510772,495.422795510772,495.422795510772,481106,956431,160897811,1.7512866403198545e-05,1.9601477211360923,6.205411530350228,13.08384289902944
Joypurhat,BD5038,Barguna,BD1004,False,344.805752681616,344.805752681616,344.805752681616,344.805752681616,1010531,956431,145696338,4.4631393590513304e-05,8.499642023388494,5.842981222761775,13.825986493237492
Joypurhat,BD5038,Barishal,BD1006,False,284.0918574083467,284.0918574083467,284.0918574083467,284.0918574083467,2570446,956431,121650638,0.00016018442716232947,31.8486414915856,5.64929762744394,14.759589982670962
Joypurhat,BD5038,Bhola,BD1009,False,349.58515763359367,349.58515763359367,349.58515763359367,349.58515763359367,1932518,956431,148434123,8.176151022163731e-05,15.813120369354113,5.856747187598647,14.474334373759973
Joypurhat,BD5038,Bogura,BD5010,False,42.18763088448093,42.18763088448093,42.18763088448093,42.18763088448093,3734297,956431,2784599,0.12771476652907268,2098.159890859643,3.7421270710748913,15.133070139288687
Joypurhat,BD5038,Brahmanbaria,BD2012,False,238.7884953753927,238.7884953753927,238.7884953753927,238.7884953753927,3306563,956431,105842663,0.0002689386649519178,57.989585392165935,5.4755782035379434,15.011419839295048
Joypurhat,BD5038,Chandpur,BD2013,False,265.0226159165707,265.0226159165707,265.0226159165707,265.0226159165707,2635748,956431,112802674,0.00019038712994466338,37.52649586149056,5.5798151654261074,14.784677570641602
Joypurhat,BD5038,Chapainawabganj,BD5070,False,92.61474049931978,92.61474049931978,92.61474049931978,92.61474049931978,1835528,956431,22840648,0.0028780492843099733,213.9936002538216,4.528448313641482,14.422842736501666
Joypurhat,BD5038,Chattogram,BD2015,False,406.41240445839367,406.41240445839367,406.41240445839367,406.41240445839367,9169465,956431,151080760,0.00035782018415180943,55.51496715975681,6.007368418579942,16.031389500109725
Joypurhat,BD5038,Chuadanga,BD4018,False,166.77111998918292,166.77111998918292,166.77111998918292,166.77111998918292,1234054,956431,56548735,0.00034942403260755536,44.37031105539363,5.1166223333822565,14.025815242619684
Joypurhat,BD5038,Cox's Bazar,BD2022,False,503.67753573890667,503.67753573890667,503.67753573890667,503.67753573890667,2823268,956431,161378917,0.00010071436492485608,11.128764253303896,6.221936253263727,14.853405637196515
Joypurhat,BD5038,Cumilla,BD2019,False,270.2126030401217,270.2126030401217,270.2126030401217,270.2126030401217,6212216,956431,115438422,0.00041634265301414666,85.08154065077589,5.599209067814058,15.642028234056378
Joypurhat,BD5038,Dhaka,BD3026,False,187.23897199838632,187.23897199838632,187.23897199838632,187.23897199838632,14734701,956431,68410056,0.00241570078440879,420.28978173098943,5.232385726128325,16.50571588212586
Joypurhat,BD5038,Dinajpur,BD5527,False,66.72093329906372,66.72093329906372,66.72093329906372,66.72093329906372,3315236,956431,12250743,0.014530641881487122,744.7152109574977,4.200518746247975,15.014039370621646
Joypurhat,BD5038,Faridpur,BD3029,False,195.12108751617288,195.12108751617288,195.12108751617288,195.12108751617288,2162879,956431,83144757,0.00028513715230111305,56.80987166873951,5.2736203274682545,14.586950762547518
Joypurhat,BD5038,Feni,BD2030,False,331.85334808217345,331.85334808217345,331.85334808217345,331.85334808217345,1648896,956431,140422000,7.799104305626261e-05,14.97272531538373,5.804693148684247,14.315616531026453
Joypurhat,BD5038,Gaibandha,BD5532,False,48.32436093621934,48.32436093621934,48.32436093621934,48.32436093621934,2562233,956431,6518896,0.0326598296350499,1097.2014717624827,3.877935800717648,14.756389701878161
Joypurhat,BD5038,Gazipur,BD3033,False,176.60506380729612,176.60506380729612,176.60506380729612,176.60506380729612,5263450,956431,57782789,0.001339053345191487,168.75793316019494,5.1739159616392705,15.476297263245858
Joypurhat,BD5038,Gopalganj,BD3035,False,236.00273662502235,236.00273662502235,236.00273662502235,236.00273662502235,1295057,956431,104547606,0.00010992738109871708,23.25170507577646,5.463843400827117,14.07406526759114
Joypurhat,BD5038,Habiganj,BD6036,False,250.39735318130016,250.39735318130016,250.39735318130016,250.39735318130016,2358886,956431,110443788,0.00017802802985488638,37.62248564197627,5.523049068807857,14.673700031660417
Joypurhat,BD5038,Jamalpur,BD4539,False,78.04987388138557,78.04987388138557,78.04987388138557,78.04987388138557,2499738,956431,15565979,0.007607030982746275,410.3458834261883,4.357348031090636,14.731696484346525
Joypurhat,BD5038,Jashore,BD4041,False,222.91757600392165,222.91757600392165,222.91757600392165,222.91757600392165,3076144,956431,96694268,0.0002991160568499036,61.9039038625779,5.406802088803715,14.939187422556142
Joypurhat,BD5038,Jhalokati,BD1042,False,301.7570519549144,301.7570519549144,301.7570519549144,301.7570519549144,661160,956431,136209816,3.34485559727643e-05,7.260921050439962,5.709622229894833,13.40175114703129
Joypurhat,BD5038,Jhenaidah,BD4044,False,178.30773730680156,178.30773730680156,178.30773730680156,178.30773730680156,2005849,956431,63046239,0.0004541024026442129,63.08961228152401,5.183510918805868,14.511577970493308
Joypurhat,BD5038,Joypurhat,BD5038,True,0.0,17.283475225417625,1.0,15.933418246023585,956431,956431,0,0.5,3201.780101317309,2.8497508557375237,13.770963927257238
Joypurhat,BD5038,Khagrachhari,BD2046,False,361.58690820431417,361.58690820431417,361.58690820431417,361.58690820431417,714119,956431,150366641,2.9687200518258392e-05,5.461918210978678,5.8905024226754135,13.478804894101042
Joypurhat,BD5038,Khulna,BD4047,False,293.8959411614497,293.8959411614497,293.8959411614497,293.8959411614497,2613385,956431,128078207,0.0001471419098858406,30.256327850873706,5.683225763058838,14.776156873871212
Joypurhat,BD5038,Kishoreganj,BD3048,False,203.9982075481085,203.9982075481085,203.9982075481085,203.9982075481085,3267626,956431,85307636,0.0004046497353933144,78.51988232740429,5.3181112072767345,14.999574285328466
Joypurhat,BD5038,Kurigram,BD5549,False,99.09806774467471,99.09806774467471,99.09806774467471,99.09806774467471,2329160,956431,28033882,0.0024534974849393537,237.1750222991376,4.59610994311028,14.66101824551926
Joypurhat,BD5038,Kushtia,BD4050,False,130.22246241953337,130.22246241953337,130.22246241953337,130.22246241953337,2149692,956431,43866996,0.0009765071521379048,126.76648071612848,4.869244237317639,14.580835134027797
Joypurhat,BD5038,Lakshmipur,BD2051,False,303.85752652898617,303.85752652898617,303.85752652898617,303.85752652898617,1937948,956431,136870976,9.62189572728335e-05,20.989501447728657,5.716558928815919,14.477140239287523
Joypurhat,BD5038,Lalmonirhat,BD5552,False,108.98056818299071,108.98056818299071,108.98056818299071,108.98056818299071,1428406,956431,33957463,0.0010766997488036657,120.2689529704011,4.691169592785982,14.172069695197669
Joypurhat,BD5038,Madaripur,BD3054,False,235.60404483962913,235.60404483962913,235.60404483962913,235.60404483962913,1293027,956431,103254579,0.00011248084100763928,23.293894775801277,5.462152619879758,14.07249653920651
Joypurhat,BD5038,Magura,BD4055,False,186.84095233130301,186.84095233130301,186.84095233130301,186.84095233130301,1033115,956431,67376941,0.0002084585720894366,29.594058144389845,5.230257732662787,13.848089068139739
Joypurhat,BD5038,Manikganj,BD3056,False,164.24689522287338,164.24689522287338,164.24689522287338,164.24689522287338,1558025,956431,54990710,0.00046317307636947264,57.753736154797,5.101370754433387,14.258929551497186
Joypurhat,BD5038,Meherpur,BD4057,False,149.33112257493363,149.33112257493363,149.33112257493363,149.33112257493363,705356,956431,53095536,0.00022793357284764447,31.630620038244803,5.00616613945158,13.466457918881725
Joypurhat,BD5038,Moulvibazar,BD6058,False,293.9286178694861,293.9286178694861,293.9286178694861,293.9286178694861,2123447,956431,130691592,0.00011532334446173834,24.578630501965826,5.683336941496581,14.568551269629545
Joypurhat,BD5038,Munshiganj,BD3059,False,220.5532898338421,220.5532898338421,220.5532898338421,220.5532898338421,1625416,956431,95068852,0.00016578957659495663,33.414691051124855,5.396139342938643,14.301274340983566
Joypurhat,BD5038,Mymensingh,BD4561,False,142.6129648458197,142.6129648458197,142.6129648458197,142.6129648458197,5899005,956431,47196531,0.0021676936165190563,290.04190360928317,4.960134421419812,15.590294250586142
Joypurhat,BD5038,Naogaon,BD5064,False,39.70193437582817,39.70193437582817,39.70193437582817,39.70193437582817,2784599,956431,0,0.7443401950799646,1766.604484258466,3.6813999113380724,14.839614435339252
Joypurhat,BD5038,Narail,BD4065,False,223.99781929754772,223.99781929754772,223.99781929754772,223.99781929754772,788671,956431,99770412,7.376865676326988e-05,15.718398359542089,5.411636316528847,13.57810452934276
Joypurhat,BD5038,Narayanganj,BD3067,False,214.72770512268008,214.72770512268008,214.72770512268008,214.72770512268008,3909138,956431,91159714,0.00042268155426278085,84.78223025783247,5.3693707376527104,15.178827447298536
Joypurhat,BD5038,Narsingdi,BD3068,False,209.59686613333898,209.59686613333898,209.59686613333898,209.59686613333898,2584452,956431,88575262,0.0002997157482526762,58.83000711544917,5.345186000681193,14.765024051188075
Joypurhat,BD5038,Natore,BD5069,False,79.21653430410916,79.21653430410916,79.21653430410916,79.21653430410916,1859922,956431,18065717,0.004478321536126396,296.38966438878435,4.372185043497718,14.436045109326196
Joypurhat,BD5038,Netrakona,BD4572,False,179.27293546901652,179.27293546901652,179.27293546901652,179.27293546901652,2324853,956431,65052088,0.0004929652440696618,72.33792352967964,5.188909423701864,14.659167369198306
Joypurhat,BD5038,Nilphamari,BD5573,False,104.75739954093822,104.75739954093822,104.75739954093822,104.75739954093822,2092568,956431,31864895,0.001746541107803276,190.68220329374617,4.651647196316316,14.553902577830893
Joypurhat,BD5038,Noakhali,BD2075,False,337.9946396697935,337.9946396697935,337.9946396697935,337.9946396697935,3625442,956431,142070896,0.00016531235622304074,31.73520705027735,5.823030036392156,15.103486769872411
Joypurhat,BD5038,Pabna,BD5076,False,119.57473587043637,119.57473587043637,119.57473587043637,119.57473587043637,2909624,956431,35385869,0.0019508198053921147,203.4969994090659,4.783941580661026,14.8835344211774
Joypurhat,BD5038,Panchagarh,BD5577,False,142.0006619527922,142.0006619527922,142.0006619527922,142.0006619527922,1179843,956431,46016688,0.0004988907588604669,58.51180321720544,4.955831719229777,13.98089193674234
Joypurhat,BD5038,Patuakhali,BD1078,False,349.4097143825998,349.4097143825998,349.4097143825998,349.4097143825998,1727254,956431,146706869,7.488832957608825e-05,14.147713507538036,5.856245200354672,14.362043422168306
Joypurhat,BD5038,Pirojpur,BD1079,False,299.2300477507413,299.2300477507413,299.2300477507413,299.2300477507413,1198195,956431,132815039,6.347189688823401e-05,13.38187901752514,5.701212668032274,13.996326815697198
Joypurhat,BD5038,Rajbari,BD3082,False,159.34167769577618,159.34167769577618,159.34167769577618,159.34167769577618,1189818,956431,53800892,0.00037146172629550124,46.862101871820116,5.071050812927644,13.989310912214547
Joypurhat,BD5038,Rajshahi,BD5081,False,82.21141967718673,82.21141967718673,82.21141967718673,82.21141967718673,2915009,956431,19925639,0.005610432536073224,431.2961725462843,4.409294217926099,14.885383465240523
Joypurhat,BD5038,Rangamati,BD2084,False,410.83872167280856,410.83872167280856,410.83872167280856,410.83872167280856,647586,956431,160250225,2.37379953213124e-05,3.8366723549539037,6.018200732796338,13.381006882269048
Joypurhat,BD5038,Rangpur,BD5585,False,63.83540878052419,63.83540878052419,63.83540878052419,63.83540878052419,3169614,956431,9081129,0.022867672650156934,777.8271334367249,4.156308032957053,14.9691203718778
Joypurhat,BD5038,Satkhira,BD4087,False,301.4469902436609,301.4469902436609,301.4469902436609,301.4469902436609,2196582,956431,134013234,0.0001134795587658352,24.17271970972,5.708594180621716,14.602413073820426
Joypurhat,BD5038,Shariatpur,BD3086,False,245.3261960656225,245.3261960656225,245.3261960656225,245.3261960656225,1294562,956431,109149226,0.00010094407240510605,21.509732280887796,5.502588737513761,14.073682971966935
Joypurhat,BD5038,Sherpur,BD4589,False,99.86196006393854,99.86196006393854,99.86196006393854,99.86196006393854,1501853,956431,30363042,0.0013973670615355668,150.60079150242714,4.603788832998585,14.22221023700936
Joypurhat,BD5038,Sirajganj,BD5088,False,93.81715705461298,93.81715705461298,93.81715705461298,93.81715705461298,3357706,956431,24676176,0.004321660309575375,381.48558312642064,4.541347750315985,15.026768560672359
Joypurhat,BD5038,Sunamganj,BD6090,False,228.68322968146813,228.68322968146813,228.68322968146813,228.68322968146813,2695496,956431,100559083,0.00024369482839038212,51.5430433106808,5.432337769443968,14.80709278991802
Joypurhat,BD5038,Sylhet,BD6091,False,293.31398063948626,293.31398063948626,293.31398063948626,293.31398063948626,3857123,956431,124221084,0.0002283938991590457,44.83301651109685,5.68124364153503,15.16543212675189
Joypurhat,BD5038,Tangail,BD3093,False,123.53004493036133,123.53004493036133,123.53004493036133,123.53004493036133,4037608,956431,38295493,0.002272657321309152,264.59336739796726,4.816484405268897,15.2111629953813
Joypurhat,BD5038,Thakurgaon,BD5594,False,124.25123861833836,124.25123861833836,124.25123861833836,124.25123861833836,1533895,956431,42333101,0.0007560688185944372,99.35601817892069,4.822305633686313,14.243320810065981
Khagrachhari,BD2046,Bagerhat,BD4001,False,243.45132178620437,243.45132178620437,243.45132178620437,243.45132178620437,1613076,714119,104661764,0.00010217513709353023,27.21639228061469,5.494917012008936,14.293653473170336
Khagrachhari,BD2046,Bandarban,BD2003,False,156.73061983663888,156.73061983663888,156.73061983663888,156.73061983663888,481106,714119,42092305,0.00018541275493581084,19.5854281912357,5.054528534463484,13.08384289902944
Khagrachhari,BD2046,Barguna,BD1004,False,219.70879148496752,219.70879148496752,219.70879148496752,219.70879148496752,1010531,714119,90601096,8.55961552117348e-05,20.934122943652007,5.3923029944523435,13.825986493237492
Khagrachhari,BD2046,Barishal,BD1006,False,169.4601062279356,169.4601062279356,169.4601062279356,169.4601062279356,2570446,714119,48761015,0.0007128665569723547,89.51040785548535,5.132617537631538,14.759589982670962
Khagrachhari,BD2046,Bhola,BD1009,False,155.27276161679862,155.27276161679862,155.27276161679862,155.27276161679862,1932518,714119,40159787,0.0007887494060125323,80.15543830053346,5.045183322735592,14.474334373759973
Khagrachhari,BD2046,Bogura,BD5010,False,320.00876421944866,320.00876421944866,320.00876421944866,320.00876421944866,3734297,714119,130808346,0.0001499065183945386,36.46574665198397,5.7683483836045,15.133070139288687
Khagrachhari,BD2046,Brahmanbaria,BD2012,False,124.61768662403621,124.61768662403621,124.61768662403621,124.61768662403621,3306563,714119,25877301,0.002970051429985904,212.9204777896272,4.825250543503204,15.011419839295048
Khagrachhari,BD2046,Chandpur,BD2013,False,121.30751380730909,121.30751380730909,121.30751380730909,121.30751380730909,2635748,714119,23241553,0.0029547761584631876,179.11356653464176,4.798328758032453,14.784677570641602
Khagrachhari,BD2046,Chapainawabganj,BD5070,False,412.5765318230992,412.5765318230992,412.5765318230992,412.5765318230992,1835528,714119,153059021,5.4779407954262336e-05,10.783307061999604,6.0224217202582215,14.422842736501666
Khagrachhari,BD2046,Chattogram,BD2015,False,81.083135192746,81.083135192746,81.083135192746,81.083135192746,9169465,714119,2296482,0.17857133364879788,1394.7068414206972,4.395474988728989,16.031389500109725
Khagrachhari,BD2046,Chuadanga,BD4018,False,320.62865842239,320.62865842239,320.62865842239,320.62865842239,1234054,714119,134542643,4.77355945057172e-05,12.004096785679273,5.770283626144194,14.025815242619684
Khagrachhari,BD2046,Cox's Bazar,BD2022,False,187.2207192852901,187.2207192852901,187.2207192852901,187.2207192852901,2823268,714119,72622639,0.0003609723219409404,80.54605732302096,5.232288237861708,14.853405637196515
Khagrachhari,BD2046,Cumilla,BD2019,False,98.54628625843874,98.54628625843874,98.54628625843874,98.54628625843874,6212216,714119,11465947,0.019803040571502707,639.6847877856003,4.5905263490575114,15.642028234056378
Khagrachhari,BD2046,Dhaka,BD3026,False,186.82506574670722,186.82506574670722,186.82506574670722,186.82506574670722,14734701,714119,57887938,0.002448371682791771,422.15412761112145,5.230172701732295,16.50571588212586
Khagrachhari,BD2046,Dinajpur,BD5527,False,421.7495650366635,421.7495650366635,421.7495650366635,421.7495650366635,3315236,714119,154894549,9.573307912863518e-05,18.638251299090527,6.044411690095762,15.014039370621646
Khagrachhari,BD2046,Faridpur,BD3029,False,218.60062233869638,218.60062233869638,218.60062233869638,218.60062233869638,2162879,714119,88438217,0.0001897260386089847,45.26155140393448,5.387246422667463,14.586950762547518
Khagrachhari,BD2046,Feni,BD2030,False,58.174398419596564,58.174398419596564,58.174398419596564,58.174398419596564,1648896,714119,647586,0.2872285586867606,487.22488589123606,4.063445368259883,14.315616531026453
Khagrachhari,BD2046,Gaibandha,BD5532,False,343.2827759113222,343.2827759113222,343.2827759113222,343.2827759113222,2562233,714119,138341975,9.291369313715051e-05,21.742756067838144,5.838554527085328,14.756389701878161
Khagrachhari,BD2046,Gazipur,BD3033,False,185.3639980029846,185.3639980029846,185.3639980029846,185.3639980029846,5263450,714119,52624488,0.0012025040838405724,153.18622923288933,5.222321448746634,15.476297263245858
Khagrachhari,BD2046,Gopalganj,BD3035,False,209.98788121659507,209.98788121659507,209.98788121659507,209.98788121659507,1295057,714119,84386940,0.0001257854154274999,29.3697615536,5.3470498205598656,14.07406526759114
Khagrachhari,BD2046,Habiganj,BD6036,False,143.99897653670632,143.99897653670632,143.99897653670632,143.99897653670632,2358886,714119,29183864,0.001746680371788014,113.75962246212542,4.969806192166759,14.673700031660417
Khagrachhari,BD2046,Jamalpur,BD4539,False,293.5257488690694,293.5257488690694,293.5257488690694,293.5257488690694,2499738,714119,121956485,0.0001162580777472432,29.013630962034554,5.6819653658087175,14.731696484346525
Khagrachhari,BD2046,Jashore,BD4041,False,284.1378007284742,284.1378007284742,284.1378007284742,284.1378007284742,3076144,714119,117378488,0.0001535196276965205,38.10207543180465,5.6494593343156945,14.939187422556142
Khagrachhari,BD2046,Jhalokati,BD1042,False,192.72397997161343,192.72397997161343,192.72397997161343,192.72397997161343,661160,714119,77173161,7.717436369147725e-05,17.800617143741277,5.2612590096687875,13.40175114703129
Khagrachhari,BD2046,Jhenaidah,BD4044,False,294.7159944560083,294.7159944560083,294.7159944560083,294.7159944560083,2005849,714119,124456223,8.998322870981362e-05,23.09355666977243,5.68601216195941,14.511577970493308
Khagrachhari,BD2046,Joypurhat,BD5038,False,361.58690820431417,361.58690820431417,361.58690820431417,361.58690820431417,956431,714119,140904208,3.382689455063468e-05,7.315234430738501,5.8905024226754135,13.770963927257238
Khagrachhari,BD2046,Khagrachhari,BD2046,True,0.0,35.21539211023686,1.0,27.274822211251806,714119,714119,0,0.5,575.8449084803137,3.561483262885826,13.478804894101042
Khagrachhari,BD2046,Khulna,BD4047,False,268.00078180700575,268.00078180700575,268.00078180700575,268.00078180700575,2613385,714119,108497773,0.0001528143254261733,36.385745051568705,5.590989897696922,14.776156873871212
Khagrachhari,BD2046,Kishoreganj,BD3048,False,169.4569943406822,169.4569943406822,169.4569943406822,169.4569943406822,3267626,714119,45493389,0.0010207124326359878,113.7924229689543,5.132599173924022,14.999574285328466
Khagrachhari,BD2046,Kurigram,BD5549,False,370.88106128049975,370.88106128049975,370.88106128049975,370.88106128049975,2329160,714119,144775648,7.734057871676715e-05,16.93284796777039,5.915881421667191,14.66101824551926
Khagrachhari,BD2046,Kushtia,BD4050,False,310.37691246080436,310.37691246080436,310.37691246080436,310.37691246080436,2149692,714119,128658654,9.02202448854329e-05,22.315027330950915,5.737787405583989,14.580835134027797
Khagrachhari,BD2046,Lakshmipur,BD2051,False,116.21194800586704,116.21194800586704,116.21194800586704,116.21194800586704,1937948,714119,21303605,0.002623807241346272,143.4962518697249,4.755415661901853,14.477140239287523
Khagrachhari,BD2046,Lalmonirhat,BD5552,False,423.4105475468242,423.4105475468242,423.4105475468242,423.4105475468242,1428406,714119,158209785,4.002743935654692e-05,7.967614637403023,6.0483422699323395,14.172069695197669
Khagrachhari,BD2046,Madaripur,BD3054,False,182.75061126895906,182.75061126895906,182.75061126895906,182.75061126895906,1293027,714119,51331461,0.00033262329364167493,38.715949707836714,5.20812244346128,14.07249653920651
Khagrachhari,BD2046,Magura,BD4055,False,259.0505256612372,259.0505256612372,259.0505256612372,259.0505256612372,1033115,714119,107464658,6.244637850942787e-05,15.395000644575365,5.557023122447069,13.848089068139739
Khagrachhari,BD2046,Manikganj,BD3056,False,217.7292377263283,217.7292377263283,217.7292377263283,217.7292377263283,1558025,714119,86880192,0.00014247425086946555,32.86555100849822,5.383252262053774,14.258929551497186
Khagrachhari,BD2046,Meherpur,BD4057,False,338.27131893961183,338.27131893961183,338.27131893961183,338.27131893961183,705356,714119,137636619,2.6182279024717476e-05,6.164218313995744,5.823848292232875,13.466457918881725
Khagrachhari,BD2046,Moulvibazar,BD6058,False,146.39018197136363,146.39018197136363,146.39018197136363,146.39018197136363,2123447,714119,31542750,0.0013673507692540303,99.08719272853041,4.986275536241251,14.568551269629545
Khagrachhari,BD2046,Munshiganj,BD3059,False,161.76715009509118,161.76715009509118,161.76715009509118,161.76715009509118,1625416,714119,43867973,0.0005634587500438538,62.113193907156585,5.0861579561689965,14.301274340983566
Khagrachhari,BD2046,Mymensingh,BD4561,False,230.4314456873265,230.4314456873265,230.4314456873265,230.4314456873265,5899005,714119,93936480,0.00044263486719712516,111.09519490527975,5.439953402526687,15.590294250586142
Khagrachhari,BD2046,Naogaon,BD5064,False,377.975540829249,377.975540829249,377.975540829249,377.975540829249,2784599,714119,147104808,8.932397999990909e-05,19.49105148208641,5.934829486725084,14.839614435339252
Khagrachhari,BD2046,Narail,BD4065,False,242.54582095487783,242.54582095487783,242.54582095487783,242.54582095487783,788671,714119,103873093,5.110302952486411e-05,13.406279807159658,5.491190644919532,13.57810452934276
Khagrachhari,BD2046,Narayanganj,BD3067,False,153.34001315755526,153.34001315755526,153.34001315755526,153.34001315755526,3909138,714119,36250649,0.0018476404587507468,166.2531986621937,5.032657763937157,15.178827447298536
Khagrachhari,BD2046,Narsingdi,BD3068,False,152.03670398964448,152.03670398964448,152.03670398964448,152.03670398964448,2584452,714119,33666197,0.0014522494138244572,111.80766525315063,5.024121965312298,14.765024051188075
Khagrachhari,BD2046,Natore,BD5069,False,321.38866152159136,321.38866152159136,321.38866152159136,321.38866152159136,1859922,714119,135776697,7.033644423343881e-05,18.006679290634477,5.772651174279097,14.436045109326196
Khagrachhari,BD2046,Netrakona,BD4572,False,220.58012124641314,220.58012124641314,220.58012124641314,220.58012124641314,2324853,714119,91611627,0.00018998525393176767,47.78182743852966,5.396260990548777,14.659167369198306
Khagrachhari,BD2046,Nilphamari,BD5573,False,441.04323025353995,441.04323025353995,441.04323025353995,441.04323025353995,2092568,714119,159638191,5.7367896361846816e-05,10.75764625182926,6.089142898428242,14.553902577830893
Khagrachhari,BD2046,Noakhali,BD2075,False,99.59858981486435,99.59858981486435,99.59858981486435,99.59858981486435,3625442,714119,17678163,0.006393276821451966,365.4723979970936,4.6011480060050225,15.103486769872411
Khagrachhari,BD2046,Pabna,BD5076,False,279.57300001748024,279.57300001748024,279.57300001748024,279.57300001748024,2909624,714119,114468864,0.00015275534896695993,37.226003753490424,5.633263439235728,14.8835344211774
Khagrachhari,BD2046,Panchagarh,BD5577,False,486.5010876447978,486.5010876447978,486.5010876447978,486.5010876447978,1179843,714119,163264654,3.111042478567012e-05,4.984901590974743,6.187239137275766,13.98089193674234
Khagrachhari,BD2046,Patuakhali,BD1078,False,192.63588771200264,192.63588771200264,192.63588771200264,192.63588771200264,1727254,714119,75445907,0.00020793767037930878,46.54594049007063,5.260801814882653,14.362043422168306
Khagrachhari,BD2046,Pirojpur,BD1079,False,212.62395987476944,212.62395987476944,212.62395987476944,212.62395987476944,1198195,714119,85681997,0.00011306494383520849,26.50349200138382,5.35952515887464,13.996326815697198
Khagrachhari,BD2046,Rajbari,BD3082,False,251.78868603602183,251.78868603602183,251.78868603602183,251.78868603602183,1189818,714119,106274840,7.341251351769737e-05,18.76757291627252,5.528590188257716,13.989310912214547
Khagrachhari,BD2046,Rajshahi,BD5081,False,365.61002530140047,365.61002530140047,365.61002530140047,365.61002530140047,2915009,714119,141860639,0.00010035416382912183,21.80739088648485,5.901567260706769,14.885383465240523
Khagrachhari,BD2046,Rangamati,BD2084,False,50.05387728834437,50.05387728834437,50.05387728834437,50.05387728834437,647586,714119,0,0.47556996559460385,258.47705816130804,3.913099971059305,13.381006882269048
Khagrachhari,BD2046,Rangpur,BD5585,False,389.8125738972609,389.8125738972609,389.8125738972609,389.8125738972609,3169614,714119,149889407,9.773752609890155e-05,20.859057870822006,5.9656660438576194,14.9691203718778
Khagrachhari,BD2046,Satkhira,BD4087,False,301.4672220079715,301.4672220079715,301.4672220079715,301.4672220079715,2196582,714119,126462072,9.533871807865424e-05,24.169475308195253,5.708661293865714,14.602413073820426
Khagrachhari,BD2046,Shariatpur,BD3086,False,158.04031245052545,158.04031245052545,158.04031245052545,158.04031245052545,1294562,714119,42573411,0.0004790382516862048,51.83070254040162,5.062850142575692,14.073682971966935
Khagrachhari,BD2046,Sherpur,BD4589,False,285.98330078533445,285.98330078533445,285.98330078533445,285.98330078533445,1501853,714119,120454632,7.2155074542501e-05,18.36310330992151,5.65593342025269,14.22221023700936
Khagrachhari,BD2046,Sirajganj,BD5088,False,275.5373455358742,275.5373455358742,275.5373455358742,275.5373455358742,3357706,714119,111111158,0.0001861593914584467,44.2264139332651,5.618723174890271,15.026768560672359
Khagrachhari,BD2046,Sunamganj,BD6090,False,206.66139580411865,206.66139580411865,206.66139580411865,206.66139580411865,2695496,714119,81691444,0.0002744844743478139,63.11316722816023,5.331081684872172,14.80709278991802
Khagrachhari,BD2046,Sylhet,BD6091,False,195.16720788631486,195.16720788631486,195.16720788631486,195.16720788631486,3857123,714119,77834321,0.00042553960038747553,101.26276699242777,5.273856667481009,15.16543212675189
Khagrachhari,BD2046,Tangail,BD3093,False,238.93592593746897,238.93592593746897,238.93592593746897,238.93592593746897,4037608,714119,99835485,0.00027418001115796665,70.72309263192695,5.476195423676497,15.2111629953813
Khagrachhari,BD2046,Thakurgaon,BD5594,False,481.3681087059713,481.3681087059713,481.3681087059713,481.3681087059713,1533895,714119,161730759,4.112184248945261e-05,6.619741082028523,6.176632276178996,14.243320810065981
Khulna,BD4047,Bagerhat,BD4001,False,32.02351103773509,32.02351103773509,32.02351103773509,32.02351103773509,1613076,2613385,0,0.3816611581178674,1572.957315970886,3.466470352954392,14.293653473170336
Khulna,BD4047,Bandarban,BD2003,False,309.26582917326243,309.26582917326243,309.26582917326243,309.26582917326243,481106,2613385,135777104,6.542210288739996e-05,5.030103234874733,5.734201195648224,13.08384289902944
Khulna,BD4047,Barguna,BD1004,False,78.31090937023193,78.31090937023193,78.31090937023193,78.31090937023193,1010531,2613385,9533828,0.016523230284390417,164.78023070497903,4.360686921136131,13.825986493237492
Khulna,BD4047,Barishal,BD1006,False,99.2384719007351,99.2384719007351,99.2384719007351,99.2384719007351,2570446,2613385,11839416,0.02730344548539435,261.0047121295763,4.597525760687467,14.759589982670962
Khulna,BD4047,Bhola,BD1009,False,133.00362440141998,133.00362440141998,133.00362440141998,133.00362440141998,1932518,2613385,23926548,0.006683474038928853,109.24374909118215,4.890376378988944,14.474334373759973
Khulna,BD4047,Bogura,BD5010,False,261.8009890156435,261.8009890156435,261.8009890156435,261.8009890156435,3734297,2613385,107696941,0.0007757490775966049,54.483661996530934,5.567584631221313,15.133070139288687
Khulna,BD4047,Brahmanbaria,BD2012,False,234.72895668127364,234.72895668127364,234.72895668127364,234.72895668127364,3306563,2613385,89038278,0.0009929039848604966,60.012741256613495,5.458431472670017,15.011419839295048
Khulna,BD4047,Chandpur,BD2013,False,162.3043600383801,162.3043600383801,162.3043600383801,162.3043600383801,2635748,2613385,33404327,0.004947693447251824,100.05608654225392,5.089473338228598,14.784677570641602
Khulna,BD4047,Chapainawabganj,BD5070,False,277.2246829223135,277.2246829223135,277.2246829223135,277.2246829223135,1835528,2613385,118044362,0.00032456146132034874,23.883458881894214,5.62482830708288,14.422842736501666
Khulna,BD4047,Chattogram,BD2015,False,245.26201785024512,245.26201785024512,245.26201785024512,245.26201785024512,9169465,2613385,95259850,0.0022873171849235705,152.43454651376317,5.5023270996923745,16.031389500109725
Khulna,BD4047,Chuadanga,BD4018,False,140.58464650500346,140.58464650500346,140.58464650500346,140.58464650500346,1234054,2613385,27048884,0.0035190577367940137,62.43935061420979,4.945809773591664,14.025815242619684
Khulna,BD4047,Cox's Bazar,BD2022,False,291.2230688615813,291.2230688615813,291.2230688615813,291.2230688615813,2823268,2613385,125164227,0.0004421347286244498,33.28898531151674,5.674089533176487,14.853405637196515
Khulna,BD4047,Cumilla,BD2019,False,194.70764593150324,194.70764593150324,194.70764593150324,194.70764593150324,6212216,2613385,64074028,0.003339494661781434,163.8628619196056,5.271499181928118,15.642028234056378
Khulna,BD4047,Dhaka,BD3026,False,167.800212898066,167.800212898066,167.800212898066,167.800212898066,14734701,2613385,38895123,0.016494437384774924,523.306720869545,5.122774062793123,16.50571588212586
Khulna,BD4047,Dinajpur,BD5527,False,357.617064472736,357.617064472736,357.617064472736,357.617064472736,3315236,2613385,146809000,0.000379626182599231,25.922565583078807,5.879462761603596,15.014039370621646
Khulna,BD4047,Faridpur,BD3029,False,119.02532052723564,119.02532052723564,119.02532052723564,119.02532052723564,2162879,2613385,18463258,0.01154003132063343,152.66992935103926,4.779336248017395,14.586950762547518
Khulna,BD4047,Feni,BD2030,False,209.87318165331985,209.87318165331985,209.87318165331985,209.87318165331985,1648896,2613385,75549694,0.0006907596199802043,37.43513224031131,5.346503451409344,14.315616531026453
Khulna,BD4047,Gaibandha,BD5532,False,314.4976029376514,314.4976029376514,314.4976029376514,314.4976029376514,2562233,2613385,136258210,0.00034092220980432063,25.905020543404905,5.750976454291581,14.756389701878161
Khulna,BD4047,Gazipur,BD3033,False,207.66261916407285,207.66261916407285,207.66261916407285,207.66261916407285,5263450,2613385,70286244,0.002414053656928168,122.05451438484629,5.335914739547732,15.476297263245858
Khulna,BD4047,Gopalganj,BD3035,False,84.40427731334181,84.40427731334181,84.40427731334181,84.40427731334181,1295057,2613385,10544359,0.01779749265471839,181.78580689650119,4.435618079385802,14.07406526759114
Khulna,BD4047,Habiganj,BD6036,False,292.25991713124074,292.25991713124074,292.25991713124074,292.25991713124074,2358886,2613385,127987495,0.00035501279157725154,27.61648741995662,5.677643533501817,14.673700031660417
Khulna,BD4047,Jamalpur,BD4539,False,281.1755158707742,281.1755158707742,281.1755158707742,281.1755158707742,2499738,2613385,122664489,0.00040810201973332037,31.61837099839254,5.638979085984852,14.731696484346525
Khulna,BD4047,Jashore,BD4041,False,74.29869748700929,74.29869748700929,74.29869748700929,74.29869748700929,3076144,2613385,5007853,0.09860683672176734,557.2425373941994,4.308093421112574,14.939187422556142
Khulna,BD4047,Jhalokati,BD1042,False,76.4591877500247,76.4591877500247,76.4591877500247,76.4591877500247,661160,2613385,8872668,0.012384044453759433,113.09599111580968,4.336757105010489,13.40175114703129
Khulna,BD4047,Jhenaidah,BD4044,False,119.09162990335827,119.09162990335827,119.09162990335827,119.09162990335827,2005849,2613385,20626137,0.008934961426244949,141.42811665381265,4.779893196002129,14.511577970493308
Khulna,BD4047,Joypurhat,BD5038,False,293.8959411614497,293.8959411614497,293.8959411614497,293.8959411614497,956431,2613385,130993967,0.00013902678938560283,11.073029768954436,5.683225763058838,13.770963927257238
Khulna,BD4047,Khagrachhari,BD2046,False,268.00078180700575,268.00078180700575,268.00078180700575,268.00078180700575,714119,2613385,117330243,0.00012895601068065715,9.94256562675656,5.590989897696922,13.478804894101042
Khulna,BD4047,Khulna,BD4047,True,0.0,44.102448569576914,1.0,30.65497927841257,2613385,2613385,0,0.5,1343.6247333116542,3.786515304031107,14.776156873871212
Khulna,BD4047,Kishoreganj,BD3048,False,261.02744065788835,261.02744065788835,261.02744065788835,261.02744065788835,3267626,2613385,104429315,0.0007232068216853868,47.95788397168469,5.564625538416488,14.999574285328466
Khulna,BD4047,Kurigram,BD5549,False,370.15095268567984,370.15095268567984,370.15095268567984,370.15095268567984,2329160,2613385,150124236,0.00025700284073600115,16.99971263657047,5.9139109026685315,14.66101824551926
Khulna,BD4047,Kushtia,BD4050,False,167.22971151868765,167.22971151868765,167.22971151868765,167.22971151868765,2149692,2613385,36745431,0.0034387490680727975,76.86866862297846,5.119368385334362,14.580835134027797
Khulna,BD4047,Lakshmipur,BD2051,False,151.8441148638976,151.8441148638976,151.8441148638976,151.8441148638976,1937948,2613385,28282938,0.004992422578744743,84.05163986893389,5.022854434493745,14.477140239287523
Khulna,BD4047,Lalmonirhat,BD5552,False,400.0167851396921,400.0167851396921,400.0167851396921,400.0167851396921,1428406,2613385,158403087,0.00014271799337750243,8.926788297338128,5.991506509076797,14.172069695197669
Khulna,BD4047,Madaripur,BD3054,False,110.92516458394738,110.92516458394738,110.92516458394738,110.92516458394738,1293027,2613385,17170231,0.008104082890251423,105.08662154949126,4.708855781004664,14.07249653920651
Khulna,BD4047,Magura,BD4055,False,108.12480876114296,108.12480876114296,108.12480876114296,108.12480876114296,1033115,2613385,16137116,0.007278359639671176,88.36859753283558,4.683286196567408,13.848089068139739
Khulna,BD4047,Manikganj,BD3056,False,161.0625588159091,161.0625588159091,161.0625588159091,161.0625588159091,1558025,2613385,31846302,0.003280577988554139,60.059986892992065,5.081792853586963,14.258929551497186
Khulna,BD4047,Meherpur,BD4057,False,165.4848339735476,165.4848339735476,165.4848339735476,165.4848339735476,705356,2613385,36040075,0.0012116616390920236,25.756803682509602,5.108879552996066,13.466457918881725
Khulna,BD4047,Moulvibazar,BD6058,False,336.53357045599824,336.53357045599824,336.53357045599824,336.53357045599824,2123447,2613385,141515939,0.00026326211549330904,18.749281921907134,5.818697907722389,14.568551269629545
Khulna,BD4047,Munshiganj,BD3059,False,153.63686545403402,153.63686545403402,153.63686545403402,153.63686545403402,1625416,2613385,30220886,0.0037543021123121775,68.8610522100919,5.034591801382275,14.301274340983566
Khulna,BD4047,Mymensingh,BD4561,False,267.16198040277317,267.16198040277317,267.16198040277317,267.16198040277317,5899005,2613385,111431238,0.0011270162121045433,82.6474495484354,5.587855142626686,15.590294250586142
Khulna,BD4047,Naogaon,BD5064,False,279.2162485734637,279.2162485734637,279.2162485734637,279.2162485734637,2784599,2613385,119879890,0.0004742195303220443,35.71751923029532,5.631986566091204,14.839614435339252
Khulna,BD4047,Narail,BD4065,False,74.54662323188545,74.54662323188545,74.54662323188545,74.54662323188545,788671,2613385,8083997,0.016774552583702078,141.9187966804096,4.3114247448379395,13.57810452934276
Khulna,BD4047,Narayanganj,BD3067,False,180.97775632299263,180.97775632299263,180.97775632299263,180.97775632299263,3909138,2613385,60164890,0.0024402321680572514,119.35224780802113,5.198374130470698,15.178827447298536
Khulna,BD4047,Narsingdi,BD3068,False,217.5645578094529,217.5645578094529,217.5645578094529,217.5645578094529,2584452,2613385,86453826,0.0008273964664524256,54.59994105570055,5.382495624001861,14.765024051188075
Khulna,BD4047,Natore,BD5069,False,215.49622046487568,215.49622046487568,215.49622046487568,215.49622046487568,1859922,2613385,80556296,0.0006873262624433547,40.05118925931014,5.37294337094395,14.436045109326196
Khulna,BD4047,Netrakona,BD4572,False,302.39272741006937,302.39272741006937,302.39272741006937,302.39272741006937,2324853,2613385,133452251,0.0003226593034367539,25.424522990059238,5.711726594446306,14.659167369198306
Khulna,BD4047,Nilphamari,BD5573,False,398.639599723741,398.639599723741,398.639599723741,398.639599723741,2092568,2613385,156310519,0.00021370930996607814,13.167966213063481,5.988057749868042,14.553902577830893
Khulna,BD4047,Noakhali,BD2075,False,173.93011508609516,173.93011508609516,173.93011508609516,173.93011508609516,3625442,2613385,53629824,0.00281381014770241,119.8426470434991,5.158653581100376,15.103486769872411
Khulna,BD4047,Pabna,BD5076,False,176.05908837941095,176.05908837941095,176.05908837941095,176.05908837941095,2909624,2613385,57255266,0.0020231655149820834,93.8685204875661,5.1708196681221095,14.8835344211774
Khulna,BD4047,Panchagarh,BD5577,False,433.2262701938502,433.2262701938502,433.2262701938502,433.2262701938502,1179843,2613385,161365388,0.00011385149740939326,6.286293483997043,6.071260155471576,13.98089193674234
Khulna,BD4047,Patuakhali,BD1078,False,102.66677743495066,102.66677743495066,102.66677743495066,102.66677743495066,1727254,2613385,14409862,0.01414178806029273,163.86882754329895,4.63148857321674,14.362043422168306
Khulna,BD4047,Pirojpur,BD1079,False,56.456590170103944,56.456590170103944,56.456590170103944,56.456590170103944,1198195,2613385,3809658,0.06396826084067173,375.9224082850498,4.033472027273335,13.996326815697198
Khulna,BD4047,Rajbari,BD3082,False,140.23023671213335,140.23023671213335,140.23023671213335,140.23023671213335,1189818,2613385,25859066,0.0036817534762665703,60.5058268932839,4.943285619764898,13.989310912214547
Khulna,BD4047,Rajshahi,BD5081,False,236.22247820671726,236.22247820671726,236.22247820671726,236.22247820671726,2915009,2613385,92344841,0.0008196845668082325,52.23931303926182,5.464774065224756,14.885383465240523
Khulna,BD4047,Rangamati,BD2084,False,293.3121378235309,293.3121378235309,293.3121378235309,293.3121378235309,647586,2613385,130346381,9.526870164555856e-05,7.527268031226034,5.681237358773668,13.381006882269048
Khulna,BD4047,Rangpur,BD5585,False,354.1244140396645,354.1244140396645,354.1244140396645,354.1244140396645,3169614,2613385,143639386,0.0003790443287730799,25.27520220117424,5.869648303478403,14.9691203718778
Khulna,BD4047,Satkhira,BD4087,False,33.466523808047036,33.466523808047036,33.466523808047036,33.466523808047036,2196582,2613385,1613076,0.2114623816124442,1961.2195419849274,3.510545649896555,14.602413073820426
Khulna,BD4047,Shariatpur,BD3086,False,130.9224229785312,130.9224229785312,130.9224229785312,130.9224229785312,1294562,2613385,22631986,0.0050494568967199525,75.5257047367113,4.874604956783225,14.073682971966935
Khulna,BD4047,Sherpur,BD4589,False,297.2903531454074,297.2903531454074,297.2903531454074,297.2903531454074,1501853,2613385,131950398,0.0002143651471984408,16.992833128438406,5.694709281261678,14.22221023700936
Khulna,BD4047,Sirajganj,BD5088,False,214.13907179060277,214.13907179060277,214.13907179060277,214.13907179060277,3357706,2613385,77198590,0.0013219437236022089,73.22355921709655,5.366625672129354,15.026768560672359
Khulna,BD4047,Sunamganj,BD6090,False,335.6086184711612,335.6086184711612,335.6086184711612,335.6086184711612,2695496,2613385,138820443,0.00034557032389781874,23.93164112548642,5.815945655047456,14.80709278991802
Khulna,BD4047,Sylhet,BD6091,False,375.44468855267263,375.44468855267263,375.44468855267263,375.44468855267263,3857123,2613385,152453396,0.0004090335070036394,27.363494502055424,5.928111159562545,15.16543212675189
Khulna,BD4047,Tangail,BD3093,False,217.05069377389376,217.05069377389376,217.05069377389376,217.05069377389376,4037608,2613385,82416218,0.001393283652812987,85.70413885632821,5.380130938118719,15.2111629953813
Khulna,BD4047,Thakurgaon,BD5594,False,407.01056867626943,407.01056867626943,407.01056867626943,407.01056867626943,1533895,2613385,159831493,0.0001504892130503433,9.259430126299117,6.008839152369013,14.243320810065981
Kishoreganj,BD3048,Bagerhat,BD4001,False,254.648494963702,254.648494963702,254.648494963702,254.648494963702,1613076,3267626,141195972,0.00024977437077086927,24.875544866220174,5.539884143097959,14.293653473170336
Kishoreganj,BD3048,Bandarban,BD2003,False,320.5294462261116,320.5294462261116,320.5294462261116,320.5294462261116,481106,3267626,158586616,5.983233248777805e-05,4.6827924200714115,5.769974148040897,13.08384289902944
Kishoreganj,BD3048,Barguna,BD1004,False,262.32603793566796,262.32603793566796,262.32603793566796,262.32603793566796,1010531,3267626,148737669,0.0001419668402385097,14.684759596149581,5.569588149714573,13.825986493237492
Kishoreganj,BD3048,Barishal,BD1006,False,184.44521014874272,184.44521014874272,184.44521014874272,184.44521014874272,2570446,3267626,93227884,0.0008786365937483923,75.55682875354121,5.2173524554145985,14.759589982670962
Kishoreganj,BD3048,Bhola,BD1009,False,227.89368071211592,227.89368071211592,227.89368071211592,227.89368071211592,1932518,3267626,116223167,0.00043523055424063526,37.20994107205816,5.42887920753072,14.474334373759973
Kishoreganj,BD3048,Bogura,BD5010,False,165.7557221186404,165.7557221186404,165.7557221186404,165.7557221186404,3734297,3267626,84922178,0.0015051972982924348,135.91637911397524,5.110515151056147,15.133070139288687
Kishoreganj,BD3048,Brahmanbaria,BD2012,False,49.18519886216585,49.18519886216585,49.18519886216585,49.18519886216585,3306563,3267626,2584452,0.20158954416629693,1366.8093419016275,3.895592742103154,15.011419839295048
Kishoreganj,BD3048,Chandpur,BD2013,False,123.83933214837288,123.83933214837288,123.83933214837288,123.83933214837288,2635748,3267626,63992232,0.0018320208329601227,171.86469954506478,4.81898501696813,14.784677570641602
Kishoreganj,BD3048,Chapainawabganj,BD5070,False,273.51217438635405,273.51217438635405,273.51217438635405,273.51217438635405,1835528,3267626,151840768,0.0002463845972133231,24.536221839707903,5.6113461341669755,14.422842736501666
Kishoreganj,BD3048,Chattogram,BD2015,False,233.40635238810128,233.40635238810128,233.40635238810128,233.40635238810128,9169465,3267626,128165491,0.001621355453132529,168.31338483549376,5.452780936226308,16.031389500109725
Kishoreganj,BD3048,Chuadanga,BD4018,False,229.25750610190707,229.25750610190707,229.25750610190707,229.25750610190707,1234054,3267626,120940284,0.0002588060401824097,23.479402264863953,5.434845852593618,14.025815242619684
Kishoreganj,BD3048,Cox's Bazar,BD2022,False,341.50536875289805,341.50536875289805,341.50536875289805,341.50536875289805,2823268,3267626,159067722,0.0003440884678580554,24.20789542631602,5.833363399979211,14.853405637196515
Kishoreganj,BD3048,Cumilla,BD2019,False,104.86076417927356,104.86076417927356,104.86076417927356,104.86076417927356,6212216,3267626,49237599,0.006584294488840097,564.9636566653277,4.652633414732495,15.642028234056378
Kishoreganj,BD3048,Dhaka,BD3026,False,96.03337194038376,96.03337194038376,96.03337194038376,96.03337194038376,14734701,3267626,32379451,0.026808730958897523,1597.7063863605747,4.5646957554394785,16.50571588212586
Kishoreganj,BD3048,Dinajpur,BD5527,False,258.0979371939219,258.0979371939219,258.0979371939219,258.0979371939219,3315236,3267626,142809048,0.0004964080790326065,49.767449298870844,5.553339114418015,15.014039370621646
Kishoreganj,BD3048,Faridpur,BD3029,False,150.11169291568876,150.11169291568876,150.11169291568876,150.11169291568876,2162879,3267626,73779986,0.0011580376485647492,95.98495780525708,5.011379636442671,14.586950762547518
Kishoreganj,BD3048,Feni,BD2030,False,160.39497000877964,160.39497000877964,160.39497000877964,160.39497000877964,1648896,3267626,78425710,0.0007913595526702087,64.09317341312894,5.077639335893201,14.315616531026453
Kishoreganj,BD3048,Gaibandha,BD5532,False,177.58468585662413,177.58468585662413,177.58468585662413,177.58468585662413,2562233,3267626,90665651,0.0009236860483544958,81.24704934262321,5.179447598555424,14.756389701878161
Kishoreganj,BD3048,Gazipur,BD3033,False,59.13963091456641,59.13963091456641,59.13963091456641,59.13963091456641,5263450,3267626,10574754,0.06503185890547522,1504.9195433548136,4.079901273528401,15.476297263245858
Kishoreganj,BD3048,Gopalganj,BD3035,False,176.72089066372462,176.72089066372462,176.72089066372462,176.72089066372462,1295057,3267626,89370594,0.00048630815385446126,41.46800099479209,5.1745715990704415,14.07406526759114
Kishoreganj,BD3048,Habiganj,BD6036,False,49.4287438104487,49.4287438104487,49.4287438104487,49.4287438104487,2358886,3267626,5891015,0.07307166798219812,965.4900581141778,3.9005321134909567,14.673700031660417
Kishoreganj,BD3048,Jamalpur,BD4539,False,129.12136307055005,129.12136307055005,129.12136307055005,129.12136307055005,2499738,3267626,66627980,0.0016142333833819706,149.93336501740745,4.86075276108418,14.731696484346525
Kishoreganj,BD3048,Jashore,BD4041,False,229.86274015840226,229.86274015840226,229.86274015840226,229.86274015840226,3076144,3267626,122174338,0.0006234933652083161,58.219638252473885,5.437482348857996,14.939187422556142
Kishoreganj,BD3048,Jhalokati,BD1042,False,214.92837666058819,214.92837666058819,214.92837666058819,214.92837666058819,661160,3267626,110546612,0.00016581742124164323,14.312617135201576,5.370304840815717,13.40175114703129
Kishoreganj,BD3048,Jhenaidah,BD4044,False,212.76024670729973,212.76024670729973,212.76024670729973,212.76024670729973,2005849,3267626,108540763,0.0005150621000789333,44.31158306601369,5.360165929430221,14.511577970493308
Kishoreganj,BD3048,Joypurhat,BD5038,False,203.9982075481085,203.9982075481085,203.9982075481085,203.9982075481085,956431,3267626,107584332,0.00025215537412996567,22.98269433964646,5.3181112072767345,13.770963927257238
Kishoreganj,BD3048,Khagrachhari,BD2046,False,169.4569943406822,169.4569943406822,169.4569943406822,169.4569943406822,714119,3267626,88656475,0.000274020679059322,24.868614492039992,5.132599173924022,13.478804894101042
Kishoreganj,BD3048,Khulna,BD4047,False,261.02744065788835,261.02744065788835,261.02744065788835,261.02744065788835,2613385,3267626,146124284,0.0003760537646169055,38.35580161356936,5.564625538416488,14.776156873871212
Kishoreganj,BD3048,Kishoreganj,BD3048,True,0.0,27.203058748663864,1.0,25.967527446886052,3267626,3267626,0,0.5,4415.672589684176,3.30332942097447,14.999574285328466
Kishoreganj,BD3048,Kurigram,BD5549,False,201.4330151620428,201.4330151620428,201.4330151620428,201.4330151620428,2329160,3267626,105255172,0.000632655539576298,57.40345282120167,5.305456895161714,14.66101824551926
Kishoreganj,BD3048,Kushtia,BD4050,False,201.2668165997134,201.2668165997134,201.2668165997134,201.2668165997134,2149692,3267626,103105480,0.0006084932435216422,53.06789794343296,5.304631473551586,14.580835134027797
Kishoreganj,BD3048,Lakshmipur,BD2051,False,165.2953236709448,165.2953236709448,165.2953236709448,165.2953236709448,1937948,3267626,82984230,0.0008325065058906925,70.92853425547464,5.107733714474874,14.477140239287523
Kishoreganj,BD3048,Lalmonirhat,BD5552,False,254.27777868414384,254.27777868414384,254.27777868414384,254.27777868414384,1428406,3267626,139767566,0.00022588254816920027,22.09199051181563,5.53842728632195,14.172069695197669
Kishoreganj,BD3048,Madaripur,BD3054,False,151.1232641447095,151.1232641447095,151.1232641447095,151.1232641447095,1293027,3267626,75942865,0.0006625861777798623,56.616750910853014,5.018095822647051,14.07249653920651
Kishoreganj,BD3048,Magura,BD4055,False,185.1549308177231,185.1549308177231,185.1549308177231,185.1549308177231,1033115,3267626,95798330,0.0003404289838145859,30.135479278184352,5.221192938480695,13.848089068139739
Kishoreganj,BD3048,Manikganj,BD3056,False,116.85989926554507,116.85989926554507,116.85989926554507,116.85989926554507,1558025,3267626,57075231,0.0013629629784488988,114.08890367526668,4.760975775116208,14.258929551497186
Kishoreganj,BD3048,Meherpur,BD4057,False,235.95829941676803,235.95829941676803,235.95829941676803,235.95829941676803,705356,3267626,137334956,0.00011600610701804455,12.668869132558612,5.463655092026212,13.466457918881725
Kishoreganj,BD3048,Moulvibazar,BD6058,False,99.18366556134939,99.18366556134939,99.18366556134939,99.18366556134939,2123447,3267626,47114152,0.0026229967647616597,215.8545047334891,4.596973339052659,14.568551269629545
Kishoreganj,BD3048,Munshiganj,BD3059,False,108.58157836727756,108.58157836727756,108.58157836727756,108.58157836727756,1625416,3267626,55449815,0.0014990077732637567,137.86443004943064,4.687501764817384,14.301274340983566
Kishoreganj,BD3048,Mymensingh,BD4561,False,63.16880948923481,63.16880948923481,63.16880948923481,63.16880948923481,5899005,3267626,15838204,0.04034792501440132,1478.3367739035198,4.145810658591413,15.590294250586142
Kishoreganj,BD3048,Naogaon,BD5064,False,228.95052101438628,228.95052101438628,228.95052101438628,228.95052101438628,2784599,3267626,118155685,0.000603314385178562,53.122608289622434,5.433505914769379,14.839614435339252
Kishoreganj,BD3048,Narail,BD4065,False,196.00693040294905,196.00693040294905,196.00693040294905,196.00693040294905,788671,3267626,102316809,0.00022945444437285698,20.528301473573396,5.278150017804115,13.57810452934276
Kishoreganj,BD3048,Narayanganj,BD3067,False,81.49154673451277,81.49154673451277,81.49154673451277,81.49154673451277,3909138,3267626,24432705,0.014588518358031665,588.6482812253554,4.400499293818494,15.178827447298536
Kishoreganj,BD3048,Narsingdi,BD3068,False,44.97728988630605,44.97728988630605,44.97728988630605,44.97728988630605,2584452,3267626,0,0.4416297937245539,1277.5617593338068,3.8061576931887626,14.765024051188075
Kishoreganj,BD3048,Natore,BD5069,False,187.93069321542671,187.93069321542671,187.93069321542671,187.93069321542671,1859922,3267626,96831445,0.0005954859102193545,52.66223661014197,5.236073241751254,14.436045109326196
Kishoreganj,BD3048,Netrakona,BD4572,False,55.87529251275597,55.87529251275597,55.87529251275597,55.87529251275597,2324853,3267626,8249901,0.04764944367392201,744.6563174669649,4.023122288047653,14.659167369198306
Kishoreganj,BD3048,Nilphamari,BD5573,False,273.1453447022475,273.1453447022475,273.1453447022475,273.1453447022475,2092568,3267626,149748200,0.0002880980180264134,28.047359006070668,5.610004051688064,14.553902577830893
Kishoreganj,BD3048,Noakhali,BD2075,False,188.00475813129253,188.00475813129253,188.00475813129253,188.00475813129253,3625442,3267626,98691367,0.0011004437974233945,102.57069072057634,5.23646727171868,15.103486769872411
Kishoreganj,BD3048,Pabna,BD5076,False,161.93756161880682,161.93756161880682,161.93756161880682,161.93756161880682,2909624,3267626,80074606,0.0013226216792943592,110.95367185499981,5.087210838832063,14.8835344211774
Kishoreganj,BD3048,Panchagarh,BD5577,False,318.80530271371674,318.80530271371674,318.80530271371674,318.80530271371674,1179843,3267626,157406773,0.00014824695882568957,11.608420924090254,5.764580580133175,13.98089193674234
Kishoreganj,BD3048,Patuakhali,BD1078,False,249.25499963228253,249.25499963228253,249.25499963228253,249.25499963228253,1727254,3267626,138040312,0.00027924093771432594,27.8015142177118,5.51847646734602,14.362043422168306
Kishoreganj,BD3048,Pirojpur,BD1079,False,226.59225639882106,226.59225639882106,226.59225639882106,226.59225639882106,1198195,3267626,115024972,0.00027699238681695455,23.33658884719794,5.423152175012737,13.996326815697198
Kishoreganj,BD3048,Rajbari,BD3082,False,157.67123535088612,157.67123535088612,157.67123535088612,157.67123535088612,1189818,3267626,77235892,0.0005911686393153582,47.86031957259053,5.060512076259517,13.989310912214547
Kishoreganj,BD3048,Rajshahi,BD5081,False,232.16371496833284,232.16371496833284,232.16371496833284,232.16371496833284,2915009,3267626,125250482,0.000563901321127419,54.08180911292791,5.447442790766694,14.885383465240523
Kishoreganj,BD3048,Rangamati,BD2084,False,219.36545214005918,219.36545214005918,219.36545214005918,219.36545214005918,647586,3267626,111207772,0.00016056674154934467,13.457394632045416,5.3907390702647,13.381006882269048
Kishoreganj,BD3048,Rangpur,BD5585,False,222.68900301610833,222.68900301610833,222.68900301610833,222.68900301610833,3169614,3267626,111855358,0.0007605348356770102,63.91588910790779,5.405776192784123,14.9691203718778
Kishoreganj,BD3048,Satkhira,BD4087,False,288.3048096900111,288.3048096900111,288.3048096900111,288.3048096900111,2196582,3267626,153676296,0.00028737867161406745,26.426743240355115,5.66401828743968,14.602413073820426
Kishoreganj,BD3048,Shariatpur,BD3086,False,136.77105900580767,136.77105900580767,136.77105900580767,136.77105900580767,1294562,3267626,72485424,0.0007247627959365814,69.2045159787542,4.918308425832026,14.073682971966935
Kishoreganj,BD3048,Sherpur,BD4589,False,117.67808446470261,117.67808446470261,117.67808446470261,117.67808446470261,1501853,3267626,58633256,0.001250417202589974,108.45167040311512,4.7679527986683725,14.22221023700936
Kishoreganj,BD3048,Sirajganj,BD5088,False,135.99668678228934,135.99668678228934,135.99668678228934,135.99668678228934,3357706,3267626,69127718,0.002000618361488421,181.54571832505263,4.912630523544365,15.026768560672359
Kishoreganj,BD3048,Sunamganj,BD6090,False,74.66146898975788,74.66146898975788,74.66146898975788,74.66146898975788,2695496,3267626,21737209,0.012716338587110977,483.55472416916916,4.3129641490196065,14.80709278991802
Kishoreganj,BD3048,Sylhet,BD6091,False,121.64793130024967,121.64793130024967,121.64793130024967,121.64793130024967,3857123,3267626,60135109,0.002955506323115775,260.6477813697238,4.801131063743794,15.16543212675189
Kishoreganj,BD3048,Tangail,BD3093,False,95.62339395692577,95.62339395692577,95.62339395692577,95.62339395692577,4037608,3267626,28341843,0.011708880421018118,441.5662219170848,4.560417496783967,15.2111629953813
Kishoreganj,BD3048,Thakurgaon,BD5594,False,317.0125550291472,317.0125550291472,317.0125550291472,317.0125550291472,1533895,3267626,155872878,0.0001960200797490981,15.263098498663517,5.758941378863173,14.243320810065981
Kurigram,BD5549,Bagerhat,BD4001,False,380.57157391062634,380.57157391062634,380.57157391062634,380.57157391062634,1613076,2329160,141228070,0.00018028155303474226,11.137356899291994,5.941674264502185,14.293653473170336
Kurigram,BD5549,Bandarban,BD2003,False,519.6526557541897,519.6526557541897,519.6526557541897,519.6526557541897,481106,2329160,159525082,4.264841678246933e-05,1.7816175037835347,6.253160618680834,13.08384289902944
Kurigram,BD5549,Barguna,BD1004,False,408.266865844553,408.266865844553,408.266865844553,408.266865844553,1010531,2329160,148697500,0.00010250510833192199,6.062634285249526,6.011921043537475,13.825986493237492
Kurigram,BD5549,Barishal,BD1006,False,337.85435098756494,337.85435098756494,337.85435098756494,337.85435098756494,2570446,2329160,126258479,0.0003549878740944058,22.519018209075895,5.822614888374825,14.759589982670962
Kurigram,BD5549,Bhola,BD1009,False,398.532166652345,398.532166652345,398.532166652345,398.532166652345,1932518,2329160,145037728,0.0002045808028205304,12.16737202817083,5.987788214300984,14.474334373759973
Kurigram,BD5549,Bogura,BD5010,False,112.1845075663965,112.1845075663965,112.1845075663965,112.1845075663965,3734297,2329160,17526079,0.018570075149993634,296.7174471684116,4.720144904823981,15.133070139288687
Kurigram,BD5549,Brahmanbaria,BD2012,False,247.88157113049132,247.88157113049132,247.88157113049132,247.88157113049132,3306563,2329160,92314608,0.0008307650060107041,53.81313845780582,5.512951096344319,15.011419839295048
Kurigram,BD5549,Chandpur,BD2013,False,300.4624748003047,300.4624748003047,300.4624748003047,300.4624748003047,2635748,2329160,120546587,0.0003980645795891497,29.196003399641814,5.705322870305091,14.784677570641602
Kurigram,BD5549,Chapainawabganj,BD5070,False,187.14528191222436,187.14528191222436,187.14528191222436,187.14528191222436,1835528,2329160,47152816,0.0016836343500846469,52.408683268222006,5.231885223838824,14.422842736501666
Kurigram,BD5549,Chattogram,BD2015,False,431.03862914890334,431.03862914890334,431.03862914890334,431.03862914890334,9169465,2329160,150355617,0.000864218372773458,49.35277890093658,6.066197712883106,16.031389500109725
Kurigram,BD5549,Chuadanga,BD4018,False,257.4481013595121,257.4481013595121,257.4481013595121,257.4481013595121,1234054,2329160,99478294,0.00027399441128029244,18.618932498093887,5.55081815167184,14.025815242619684
Kurigram,BD5549,Cox's Bazar,BD2022,False,536.3776992795941,536.3776992795941,536.3776992795941,536.3776992795941,2823268,2329160,160006188,0.00024526585839268884,9.813200662956362,6.284838575747582,14.853405637196515
Kurigram,BD5549,Cumilla,BD2019,False,294.8063970242205,294.8063970242205,294.8063970242205,294.8063970242205,6212216,2329160,112250643,0.0010454410748227559,71.47805752357061,5.686318859619168,15.642028234056378
Kurigram,BD5549,Dhaka,BD3026,False,229.9167435362776,229.9167435362776,229.9167435362776,229.9167435362776,14734701,2329160,69416709,0.005531274439476677,278.7405343178766,5.4377172587660665,16.50571588212586
Kurigram,BD5549,Dinajpur,BD5527,False,92.72163459919199,92.72163459919199,92.72163459919199,92.72163459919199,3315236,2329160,13254412,0.02621877207032591,385.6135545820749,4.529601828289301,15.014039370621646
Kurigram,BD5549,Faridpur,BD3029,False,257.6233730948465,257.6233730948465,257.6233730948465,257.6233730948465,2162879,2329160,100712348,0.0004647137161549089,32.58829954190433,5.551498724177957,14.586950762547518
Kurigram,BD5549,Feni,BD2030,False,355.9173495774267,355.9173495774267,355.9173495774267,355.9173495774267,1648896,2329160,130766873,0.00021414850476567535,13.016521711661321,5.87469853978942,14.315616531026453
Kurigram,BD5549,Gaibandha,BD5532,False,58.040106125094255,58.040106125094255,58.040106125094255,58.040106125094255,2562233,2329160,4598020,0.09078667741594446,760.6103392037755,4.061134256496298,14.756389701878161
Kurigram,BD5549,Gazipur,BD3033,False,202.95050690522046,202.95050690522046,202.95050690522046,202.95050690522046,5263450,2329160,57861090,0.00311178423377356,127.78804351061318,5.3129621409670325,15.476297263245858
Kurigram,BD5549,Gopalganj,BD3035,False,299.45053604007893,299.45053604007893,299.45053604007893,299.45053604007893,1295057,2329160,119251530,0.00020190981549594766,14.442377547413678,5.7019492487909496,14.07406526759114
Kurigram,BD5549,Habiganj,BD6036,False,235.84675479916942,235.84675479916942,235.84675479916942,235.84675479916942,2358886,2329160,85341228,0.0006960967392341409,42.40793672292895,5.463182250039123,14.673700031660417
Kurigram,BD5549,Jamalpur,BD4539,False,92.3311595643286,92.3311595643286,92.3311595643286,92.3311595643286,2499738,2329160,10754674,0.028555632100509574,293.2229189027546,4.525381674617497,14.731696484346525
Kurigram,BD5549,Jashore,BD4041,False,305.0594083697193,305.0594083697193,305.0594083697193,305.0594083697193,3076144,2329160,123182335,0.0004439389596323412,33.05504969527385,5.720506539180014,14.939187422556142
Kurigram,BD5549,Jhalokati,BD1042,False,361.39416909005496,361.39416909005496,361.39416909005496,361.39416909005496,661160,2329160,132415769,8.440249208449062e-05,5.062258154956239,5.88996924380012,13.40175114703129
Kurigram,BD5549,Jhenaidah,BD4044,False,263.3185480625656,263.3185480625656,263.3185480625656,263.3185480625656,2005849,2329160,105533758,0.00039423133774189813,28.929127318524603,5.573364508618826,14.511577970493308
Kurigram,BD5549,Joypurhat,BD5038,False,99.09806774467471,99.09806774467471,99.09806774467471,99.09806774467471,956431,2329160,16569648,0.005936677199047194,97.39199700861533,4.59610994311028,13.770963927257238
Kurigram,BD5549,Khagrachhari,BD2046,False,370.88106128049975,370.88106128049975,370.88106128049975,370.88106128049975,714119,2329160,136888509,8.538059362413668e-05,5.1916006018891885,5.915881421667191,13.478804894101042
Kurigram,BD5549,Khulna,BD4047,False,370.15095268567984,370.15095268567984,370.15095268567984,370.15095268567984,2613385,2329160,134275124,0.0003200693147160226,19.074170090815457,5.9139109026685315,14.776156873871212
Kurigram,BD5549,Kishoreganj,BD3048,False,201.4330151620428,201.4330151620428,201.4330151620428,201.4330151620428,3267626,2329160,54593464,0.0022213684899693473,80.53247304965392,5.305456895161714,14.999574285328466
Kurigram,BD5549,Kurigram,BD5549,True,0.0,28.983832535010208,1.0,24.598630740804957,2329160,2329160,0,0.5,2772.6030691257447,3.366738175733489,14.66101824551926
Kurigram,BD5549,Kushtia,BD4050,False,218.63954236320464,218.63954236320464,218.63954236320464,218.63954236320464,2149692,2329160,64682565,0.0010803410617438024,44.969578912912965,5.387424448511167,14.580835134027797
Kurigram,BD5549,Lakshmipur,BD2051,False,343.27861337932205,343.27861337932205,343.27861337932205,343.27861337932205,1937948,2329160,128828925,0.00025857186296075253,16.445558431577062,5.838542401346639,14.477140239287523
Kurigram,BD5549,Lalmonirhat,BD5552,False,54.90774078356304,54.90774078356304,54.90774078356304,54.90774078356304,1428406,2329160,3169614,0.087343108785995,473.7885012799666,4.0056543364553265,14.172069695197669
Kurigram,BD5549,Madaripur,BD3054,False,290.15075971107785,290.15075971107785,290.15075971107785,290.15075971107785,1293027,2329160,109663054,0.00023738088978419685,15.358902007258871,5.670400648972248,14.07249653920651
Kurigram,BD5549,Magura,BD4055,False,262.5164102975979,262.5164102975979,262.5164102975979,262.5164102975979,1033115,2329160,104500643,0.00020882543644822123,14.991177736079269,5.570313595497091,13.848089068139739
Kurigram,BD5549,Manikganj,BD3056,False,218.1484732657037,218.1484732657037,218.1484732657037,218.1484732657037,1558025,2329160,63124540,0.0008273489993806995,32.73935102005981,5.385175900992315,14.258929551497186
Kurigram,BD5549,Meherpur,BD4057,False,243.50471187487133,243.50471187487133,243.50471187487133,243.50471187487133,705356,2329160,87700114,0.0002011179656967548,11.895799242681077,5.495136292950912,13.466457918881725
Kurigram,BD5549,Moulvibazar,BD6058,False,266.907700081199,266.907700081199,266.907700081199,266.907700081199,2123447,2329160,107539607,0.0004019561406744207,29.807065344879327,5.586902906055016,14.568551269629545
Kurigram,BD5549,Munshiganj,BD3059,False,262.3700465535688,262.3700465535688,262.3700465535688,262.3700465535688,1625416,2329160,102875227,0.00033685079438487567,23.61217676492107,5.569755898700338,14.301274340983566
Kurigram,BD5549,Mymensingh,BD4561,False,142.1934359289385,142.1934359289385,142.1934359289385,142.1934359289385,5899005,2329160,26758713,0.013500844382351891,291.755913390907,4.957188355466414,15.590294250586142
Kurigram,BD5549,Naogaon,BD5064,False,137.22273169202467,137.22273169202467,137.22273169202467,137.22273169202467,2784599,2329160,23974114,0.00847696151649091,147.88037448617908,4.921605384454368,14.839614435339252
Kurigram,BD5549,Narail,BD4065,False,296.22736649212226,296.22736649212226,296.22736649212226,296.22736649212226,788671,2329160,118462859,0.00012508128974289683,8.987636856287091,5.691127289504118,13.57810452934276
Kurigram,BD5549,Narayanganj,BD3067,False,246.7308069644595,246.7308069644595,246.7308069644595,246.7308069644595,3909138,2329160,88405470,0.0010602669653862525,64.21466833729603,5.508297891962919,15.178827447298536
Kurigram,BD5549,Narsingdi,BD3068,False,226.80303974391896,226.80303974391896,226.80303974391896,226.80303974391896,2584452,2329160,66832257,0.0012131290729811522,50.24244071841617,5.424081974514746,14.765024051188075
Kurigram,BD5549,Natore,BD5069,False,168.48901412002814,168.48901412002814,168.48901412002814,168.48901412002814,1859922,2329160,42377885,0.0020808469437376565,65.51663043556869,5.126870549566204,14.436045109326196
Kurigram,BD5549,Netrakona,BD4572,False,154.4400851606724,154.4400851606724,154.4400851606724,154.4400851606724,2324853,2329160,32657718,0.004148052386554844,97.47100250609574,5.039806222811789,14.659167369198306
Kurigram,BD5549,Nilphamari,BD5573,False,80.78345444136271,80.78345444136271,80.78345444136271,80.78345444136271,2092568,2329160,7160253,0.04434623010854517,320.6525801686228,4.391772172793136,14.553902577830893
Kurigram,BD5549,Noakhali,BD2075,False,373.77762764606865,373.77762764606865,373.77762764606865,373.77762764606865,3625442,2329160,137602628,0.00042035753001458203,25.94982032458961,5.9236610420961995,15.103486769872411
Kurigram,BD5549,Pabna,BD5076,False,195.85969595831207,195.85969595831207,195.85969595831207,195.85969595831207,2909624,2329160,51683840,0.0022042100692385613,75.84845142305501,5.277398565949526,14.8835344211774
Kurigram,BD5549,Panchagarh,BD5577,False,124.53741035467948,124.53741035467948,124.53741035467948,124.53741035467948,1179843,2329160,21260376,0.004703152125418692,76.07195172591133,4.824606155544796,13.98089193674234
Kurigram,BD5549,Patuakhali,BD1078,False,406.7782187377024,406.7782187377024,406.7782187377024,406.7782187377024,1727254,2329160,146970246,0.0001784201221722413,10.438565643418968,6.00826811981493,14.362043422168306
Kurigram,BD5549,Pirojpur,BD1079,False,363.56960906224094,363.56960906224094,363.56960906224094,363.56960906224094,1198195,2329160,133076929,0.00015087744202590535,9.064677479788072,5.895970775372852,13.996326815697198
Kurigram,BD5549,Rajbari,BD3082,False,229.94875939960937,229.94875939960937,229.94875939960937,229.94875939960937,1189818,2329160,84151410,0.0003655176777886424,22.501858694591128,5.437856498883792,13.989310912214547
Kurigram,BD5549,Rajshahi,BD5081,False,181.05565782118444,181.05565782118444,181.05565782118444,181.05565782118444,2915009,2329160,44237807,0.0029465528587822106,88.92332607940034,5.198804485771345,14.885383465240523
Kurigram,BD5549,Rangamati,BD2084,False,420.796678739109,420.796678739109,420.796678739109,420.796678739109,647586,2329160,149708031,6.497573459196249e-05,3.657234808066648,6.042149768662098,13.381006882269048
Kurigram,BD5549,Rangpur,BD5585,False,48.52397156688319,48.52397156688319,48.52397156688319,48.52397156688319,3169614,2329160,0,0.5764219442370244,1346.1507493715044,3.8820579349486297,14.9691203718778
Kurigram,BD5549,Satkhira,BD4087,False,383.36469797996995,383.36469797996995,383.36469797996995,383.36469797996995,2196582,2329160,142841146,0.00023914925859283,14.945938243160091,5.948986750159358,14.602413073820426
Kurigram,BD5549,Shariatpur,BD3086,False,292.02490095640144,292.02490095640144,292.02490095640144,292.02490095640144,1294562,2329160,110956081,0.00023229548769166964,15.180395417414664,5.676839075880334,14.073682971966935
Kurigram,BD5549,Sherpur,BD4589,False,87.65886426439627,87.65886426439627,87.65886426439627,87.65886426439627,1501853,2329160,9252821,0.023083883612237958,195.45003268811732,4.473452738762496,14.22221023700936
Kurigram,BD5549,Sirajganj,BD5088,False,156.01828741315902,156.01828741315902,156.01828741315902,156.01828741315902,3357706,2329160,34982571,0.005153810331621187,137.94045491257654,5.049973227386418,15.026768560672359
Kurigram,BD5549,Sunamganj,BD6090,False,191.14242714068683,191.14242714068683,191.14242714068683,191.14242714068683,2695496,2329160,48988344,0.00226503120890017,73.77759582669104,5.2530188419926676,14.80709278991802
Kurigram,BD5549,Sylhet,BD6091,False,249.97676505808042,249.97676505808042,249.97676505808042,249.97676505808042,3857123,2329160,95621171,0.0009009015347292773,61.72544096311387,5.5213679737754005,15.16543212675189
Kurigram,BD5549,Tangail,BD3093,False,162.55995094288954,162.55995094288954,162.55995094288954,162.55995094288954,4037608,2329160,38340277,0.005172248111362508,152.79073959607155,5.091046862611587,15.2111629953813
Kurigram,BD5549,Thakurgaon,BD5594,False,136.75070977137406,136.75070977137406,136.75070977137406,136.75070977137406,1533895,2329160,22440219,0.005483653785574754,82.0231518395118,4.918159631572892,14.243320810065981
Kushtia,BD4050,Bagerhat,BD4001,False,187.64545877454225,187.64545877454225,187.64545877454225,187.64545877454225,1613076,2149692,91185875,0.00039128674620328684,45.81194310500769,5.2345543247794915,14.293653473170336
Kushtia,BD4050,Bandarban,BD2003,False,415.4119354084112,415.4119354084112,415.4119354084112,415.4119354084112,481106,2149692,162527818,3.802607380935692e-05,2.7879362096720506,6.029270643355706,13.08384289902944
Kushtia,BD4050,Barguna,BD1004,False,227.7980418259889,227.7980418259889,227.7980418259889,227.7980418259889,1010531,2149692,121959075,0.00013989401060425326,19.473753475801235,5.42845945495326,13.825986493237492
Kushtia,BD4050,Barishal,BD1006,False,182.81817787454708,182.81817787454708,182.81817787454708,182.81817787454708,2570446,2149692,87417234,0.0006695780909803349,76.90768387454611,5.208492095402932,14.759589982670962
Kushtia,BD4050,Bhola,BD1009,False,248.5439064454631,248.5439064454631,248.5439064454631,248.5439064454631,1932518,2149692,129751729,0.00023533366227832642,31.28364203071727,5.515619515826804,14.474334373759973
Kushtia,BD4050,Bogura,BD5010,False,106.55849692569154,106.55849692569154,106.55849692569154,106.55849692569154,3734297,2149692,24796172,0.009710360380457663,328.87638042189303,4.668694101265528,15.133070139288687
Kushtia,BD4050,Brahmanbaria,BD2012,False,209.54170340043433,209.54170340043433,209.54170340043433,209.54170340043433,3306563,2149692,105848335,0.0005913221486026788,75.30708924365484,5.344922781129318,15.011419839295048
Kushtia,BD4050,Chandpur,BD2013,False,192.2956244367744,192.2956244367744,192.2956244367744,192.2956244367744,2635748,2149692,96775347,0.0005639593978479454,71.27957164307062,5.259033898496935,14.784677570641602
Kushtia,BD4050,Chapainawabganj,BD5070,False,116.90311030345896,116.90311030345896,116.90311030345896,116.90311030345896,1835528,2149692,35352676,0.0026746529319464766,134.31016470053046,4.761345474654948,14.422842736501666
Kushtia,BD4050,Chattogram,BD2015,False,331.21769463481326,331.21769463481326,331.21769463481326,331.21769463481326,9169465,2149692,149887499,0.0008042432619913736,83.58280409439406,5.802775846913746,16.031389500109725
Kushtia,BD4050,Chuadanga,BD4018,False,39.211638039271925,39.211638039271925,39.211638039271925,39.211638039271925,1234054,2149692,705356,0.2272317673326344,802.6093116632319,3.668973591490608,14.025815242619684
Kushtia,BD4050,Cox's Bazar,BD2022,False,413.41092231413126,413.41092231413126,413.41092231413126,413.41092231413126,2823268,2149692,159704550,0.0002277036373439499,16.51916962526318,6.024442067590789,14.853405637196515
Kushtia,BD4050,Cumilla,BD2019,False,211.89709278951509,211.89709278951509,211.89709278951509,211.89709278951509,6212216,2149692,109154898,0.001020962368153015,138.35553921881174,5.356100745451562,15.642028234056378
Kushtia,BD4050,Dhaka,BD3026,False,125.87906741414264,125.87906741414264,125.87906741414264,125.87906741414264,14734701,2149692,37188204,0.014891183368270947,929.8958167294531,4.835321663637961,16.50571588212586
Kushtia,BD4050,Dinajpur,BD5527,False,191.277736714946,191.277736714946,191.277736714946,191.277736714946,3315236,2149692,92798951,0.0007638498958035541,90.6119759407556,5.253726490765899,15.014039370621646
Kushtia,BD4050,Faridpur,BD3029,False,96.72826241272581,96.72826241272581,96.72826241272581,96.72826241272581,2162879,2149692,21844622,0.007408136731194653,231.16679471869585,4.571905628761387,14.586950762547518
Kushtia,BD4050,Feni,BD2030,False,264.57302751962965,264.57302751962965,264.57302751962965,264.57302751962965,1648896,2149692,140364071,0.0001725281292193282,23.556031720474344,5.578117309673266,14.315616531026453
Kushtia,BD4050,Gaibandha,BD5532,False,160.60844400648986,160.60844400648986,160.60844400648986,160.60844400648986,2562233,2149692,70059724,0.001020150083321326,99.33032835004576,5.078969378004029,14.756389701878161
Kushtia,BD4050,Gazipur,BD3033,False,145.85560881758033,145.85560881758033,145.85560881758033,145.85560881758033,5263450,2149692,57967158,0.002878747783441771,247.41397849537924,4.982617151642743,15.476297263245858
Kushtia,BD4050,Gopalganj,BD3035,False,127.5467141263432,127.5467141263432,127.5467141263432,127.5467141263432,1295057,2149692,51922905,0.0009298904194532041,79.60683070060387,4.8484826828004275,14.07406526759114
Kushtia,BD4050,Habiganj,BD6036,False,249.33054143318407,249.33054143318407,249.33054143318407,249.33054143318407,2358886,2149692,131684247,0.0002782035736554114,37.945125417469704,5.518779491783183,14.673700031660417
Kushtia,BD4050,Jamalpur,BD4539,False,143.5192814359933,143.5192814359933,143.5192814359933,143.5192814359933,2499738,2149692,55467420,0.0015513972961232994,121.35955899604988,4.966469391581072,14.731696484346525
Kushtia,BD4050,Jashore,BD4041,False,93.94671454894639,93.94671454894639,93.94671454894639,93.94671454894639,3076144,2149692,17210453,0.015223807044737917,348.5326498024513,4.542727755039874,14.939187422556142
Kushtia,BD4050,Jhalokati,BD1042,False,191.40221112214977,191.40221112214977,191.40221112214977,191.40221112214977,661160,2149692,96114187,0.00014621188528726964,18.047317962484826,5.254377031314455,13.40175114703129
Kushtia,BD4050,Jhenaidah,BD4044,False,48.69055952672156,48.69055952672156,48.69055952672156,48.69055952672156,2005849,2149692,4849034,0.06842144874192302,846.0746944380181,3.885485161743319,14.511577970493308
Kushtia,BD4050,Joypurhat,BD5038,False,130.22246241953337,130.22246241953337,130.22246241953337,130.22246241953337,956431,2149692,53217962,0.0006592947490911483,56.4003549893694,4.869244237317639,13.770963927257238
Kushtia,BD4050,Khagrachhari,BD2046,False,310.37691246080436,310.37691246080436,310.37691246080436,310.37691246080436,714119,2149692,145316257,7.025306698309242e-05,7.412961951084777,5.737787405583989,13.478804894101042
Kushtia,BD4050,Khulna,BD4047,False,167.22971151868765,167.22971151868765,167.22971151868765,167.22971151868765,2613385,2149692,80022815,0.0008063609794003886,93.44939905310275,5.119368385334362,14.776156873871212
Kushtia,BD4050,Kishoreganj,BD3048,False,201.2668165997134,201.2668165997134,201.2668165997134,201.2668165997134,3267626,2149692,102580709,0.0006210406037658584,80.66552933411302,5.304631473551586,14.999574285328466
Kushtia,BD4050,Kurigram,BD5549,False,218.63954236320464,218.63954236320464,218.63954236320464,218.63954236320464,2329160,2149692,117691967,0.0003419796516813645,48.72388436148079,5.387424448511167,14.66101824551926
Kushtia,BD4050,Kushtia,BD4050,True,0.0,25.15576398304912,1.0,20.567914867787298,2149692,2149692,0,0.5,3397.0443544422,3.2250870545037222,14.580835134027797
Kushtia,BD4050,Lakshmipur,BD2051,False,219.46915746583784,219.46915746583784,219.46915746583784,219.46915746583784,1937948,2149692,120021127,0.0002747567772164456,40.23417743492941,5.391211709958284,14.477140239287523
Kushtia,BD4050,Lalmonirhat,BD5552,False,238.94696206585493,238.94696206585493,238.94696206585493,238.94696206585493,1428406,2149692,126789428,0.00018267275564468733,25.017772509383427,5.476241611262054,14.172069695197669
Kushtia,BD4050,Madaripur,BD3054,False,140.42113700285762,140.42113700285762,140.42113700285762,140.42113700285762,1293027,2149692,54174393,0.0008565213694375226,65.57565286964896,4.944646028713832,14.07249653920651
Kushtia,BD4050,Magura,BD4055,False,67.85631592136176,67.85631592136176,67.85631592136176,67.85631592136176,1033115,2149692,9904623,0.01407757985320718,224.37171785105195,4.217392468483036,13.848089068139739
Kushtia,BD4050,Manikganj,BD3056,False,94.72734576619301,94.72734576619301,94.72734576619301,94.72734576619301,1558025,2149692,20286597,0.006221445469325463,173.62956801314678,4.551002720558908,14.258929551497186
Kushtia,BD4050,Meherpur,BD4057,False,35.07256686342463,35.07256686342463,35.07256686342463,35.07256686342463,705356,2149692,0,0.2470557412694988,573.4205609705224,3.557419254043491,13.466457918881725
Kushtia,BD4050,Moulvibazar,BD6058,False,299.92682330827597,299.92682330827597,299.92682330827597,299.92682330827597,2123447,2149692,143192810,0.00021297728374860896,23.60536990359088,5.7035385225965705,14.568551269629545
Kushtia,BD4050,Munshiganj,BD3059,False,148.7521877055587,148.7521877055587,148.7521877055587,148.7521877055587,1625416,2149692,63230608,0.0007975942408462357,73.45778135259103,5.002281751581848,14.301274340983566
Kushtia,BD4050,Mymensingh,BD4561,False,166.63265858135574,166.63265858135574,166.63265858135574,166.63265858135574,5899005,2149692,72621957,0.0021023376506192947,212.45087172287822,5.1157917404214865,15.590294250586142
Kushtia,BD4050,Naogaon,BD5064,False,111.99846509913687,111.99846509913687,111.99846509913687,111.99846509913687,2784599,2149692,32568077,0.004597570555890279,221.99261196484272,4.718485166729195,14.839614435339252
Kushtia,BD4050,Narail,BD4065,False,104.93731090449748,104.93731090449748,104.93731090449748,104.93731090449748,788671,2149692,24007501,0.0024054086131071605,71.62027925154483,4.65336313285398,13.57810452934276
Kushtia,BD4050,Narayanganj,BD3067,False,159.83531719424474,159.83531719424474,159.83531719424474,159.83531719424474,3909138,2149692,64856024,0.0017685126759284246,153.01552885432298,5.07414401763828,15.178827447298536
Kushtia,BD4050,Narsingdi,BD3068,False,178.1690695649976,178.1690695649976,178.1690695649976,178.1690695649976,2584452,2149692,84832782,0.0007131243825612513,81.41489114482542,5.182732928506779,14.765024051188075
Kushtia,BD4050,Natore,BD5069,False,51.285522559090914,51.285522559090914,51.285522559090914,51.285522559090914,1859922,2149692,6854883,0.040869387368475,707.1396048384513,3.937408501023851,14.436045109326196
Kushtia,BD4050,Netrakona,BD4572,False,212.54209727899274,212.54209727899274,212.54209727899274,212.54209727899274,2324853,2149692,115367114,0.00035486563646062807,51.46424125949372,5.359140073586617,14.659167369198306
Kushtia,BD4050,Nilphamari,BD5573,False,233.8829165777495,233.8829165777495,233.8829165777495,233.8829165777495,2092568,2149692,122969606,0.0002826206545073322,38.25450421391924,5.45482063363227,14.553902577830893
Kushtia,BD4050,Noakhali,BD2075,False,254.53816928295564,254.53816928295564,254.53816928295564,254.53816928295564,3625442,2149692,134043133,0.00040927862015589805,55.95709102369909,5.539450802281243,15.103486769872411
Kushtia,BD4050,Pabna,BD5076,False,39.655714554859145,39.655714554859145,39.655714554859145,39.655714554859145,2909624,2149692,1939410,0.21855773208881543,1850.2282629804422,3.6802350626607736,14.8835344211774
Kushtia,BD4050,Panchagarh,BD5577,False,266.4793984308041,266.4793984308041,266.4793984308041,266.4793984308041,1179843,2149692,142012967,0.00012104728259131649,16.614869773792723,5.585296936418167,13.98089193674234
Kushtia,BD4050,Patuakhali,BD1078,False,238.62818557741124,238.62818557741124,238.62818557741124,238.62818557741124,1727254,2149692,125062174,0.00022637065235824781,30.33281588025985,5.474906631678801,14.362043422168306
Kushtia,BD4050,Pirojpur,BD1079,False,183.6009407588191,183.6009407588191,183.6009407588191,183.6009407588191,1198195,2149692,89987680,0.00029951650007757586,35.54493289294487,5.212764602131973,13.996326815697198
Kushtia,BD4050,Rajbari,BD3082,False,59.02755490101164,59.02755490101164,59.02755490101164,59.02755490101164,1189818,2149692,8714805,0.01953010663587067,341.484461762824,4.078004367100653,13.989310912214547
Kushtia,BD4050,Rajshahi,BD5081,False,71.09621516649366,71.09621516649366,71.09621516649366,71.09621516649366,2915009,2149692,10937738,0.029920964442641716,576.6959970885022,4.264034102853526,14.885383465240523
Kushtia,BD4050,Rangamati,BD2084,False,354.00064269006725,354.00064269006725,354.00064269006725,354.00064269006725,647586,2149692,159056964,5.335395719948715e-05,5.16760548222426,5.869298728640791,13.381006882269048
Kushtia,BD4050,Rangpur,BD5585,False,193.23206254544354,193.23206254544354,193.23206254544354,193.23206254544354,3169614,2149692,99411095,0.0006405953660284136,84.88833147805309,5.263891863213535,14.9691203718778
Kushtia,BD4050,Satkhira,BD4087,False,171.7223537582767,171.7223537582767,171.7223537582767,171.7223537582767,2196582,2149692,82636200,0.0006402776041327532,74.48927634790054,5.145878950217211,14.602413073820426
Kushtia,BD4050,Shariatpur,BD3086,False,160.0165845070319,160.0165845070319,160.0165845070319,160.0165845070319,1294562,2149692,68765162,0.0005434605817112904,50.55834651613569,5.075277463031158,14.073682971966935
Kushtia,BD4050,Sherpur,BD4589,False,167.20791054929643,167.20791054929643,167.20791054929643,167.20791054929643,1501853,2149692,78520962,0.0004870365471053616,53.7172518891819,5.119238011429134,14.22221023700936
Kushtia,BD4050,Sirajganj,BD5088,False,78.43250575214441,78.43250575214441,78.43250575214441,78.43250575214441,3357706,2149692,13852747,0.023298293979839367,545.8213090875248,4.362238455613167,15.026768560672359
Kushtia,BD4050,Sunamganj,BD6090,False,260.9811827750881,260.9811827750881,260.9811827750881,260.9811827750881,2695496,2149692,137668575,0.0002907998709782673,39.57494332856451,5.564448308076433,14.80709278991802
Kushtia,BD4050,Sylhet,BD6091,False,320.0109086807633,320.0109086807633,320.0109086807633,320.0109086807633,3857123,2149692,146030376,0.0003680443047911772,37.66464880541806,5.7683550848401195,15.16543212675189
Kushtia,BD4050,Tangail,BD3093,False,110.1968045725323,110.1968045725323,110.1968045725323,110.1968045725323,4037608,2149692,28530469,0.008148749154056003,332.49578922257734,4.702267899678915,15.2111629953813
Kushtia,BD4050,Thakurgaon,BD5594,False,239.80265602163703,239.80265602163703,239.80265602163703,239.80265602163703,1533895,2149692,128217834,0.00019175777143362035,26.67396972043945,5.4798163185188855,14.243320810065981
Lakshmipur,BD2051,Bagerhat,BD4001,False,128.42949008869792,128.42949008869792,128.42949008869792,128.42949008869792,1613076,1937948,65311785,0.0006750277872275205,97.79695056371243,4.85538003847291,14.293653473170336
Lakshmipur,BD2051,Bandarban,BD2003,False,196.46022518621777,196.46022518621777,196.46022518621777,196.46022518621777,481106,1937948,96961606,9.486077819317915e-05,12.464977477304155,5.280459994465235,13.08384289902944
Lakshmipur,BD2051,Barguna,BD1004,False,112.57046852223225,112.57046852223225,112.57046852223225,112.57046852223225,1010531,1937948,40798540,0.0010474769282060664,79.74449159869586,4.723579412410395,13.825986493237492
Lakshmipur,BD2051,Barishal,BD1006,False,53.43624243857804,53.43624243857804,53.43624243857804,53.43624243857804,2570446,1937948,6261190,0.056413556528906755,900.1951349707498,3.978489213106907,14.759589982670962
Lakshmipur,BD2051,Bhola,BD1009,False,63.097736692617985,63.097736692617985,63.097736692617985,63.097736692617985,1932518,1937948,11775094,0.017455839851474593,485.39576724270296,4.144684900324128,14.474334373759973
Lakshmipur,BD2051,Bogura,BD5010,False,262.1875847007891,262.1875847007891,262.1875847007891,262.1875847007891,3734297,1937948,133383849,0.0003845857540329261,54.32310809499665,5.569060219715734,15.133070139288687
Lakshmipur,BD2051,Brahmanbaria,BD2012,False,120.26755190616095,120.26755190616095,120.26755190616095,120.26755190616095,3306563,1937948,57257891,0.0017319327845224581,228.60191285740552,4.78971886013208,15.011419839295048
Lakshmipur,BD2051,Chandpur,BD2013,False,43.33124103271472,43.33124103271472,43.33124103271472,43.33124103271472,2635748,1937948,3625442,0.11197944318922787,1403.7883384328043,3.76887387676134,14.784677570641602
Lakshmipur,BD2051,Chapainawabganj,BD5070,False,332.6318174291107,332.6318174291107,332.6318174291107,332.6318174291107,1835528,1937948,146336418,0.0001598187536451941,16.589505334082574,5.807036224928811,14.422842736501666
Lakshmipur,BD2051,Chattogram,BD2015,False,112.1072320895542,112.1072320895542,112.1072320895542,112.1072320895542,9169465,1937948,31629075,0.012387237398410416,729.5864121317867,4.719455842622954,16.031389500109725
Lakshmipur,BD2051,Chuadanga,BD4018,False,220.05927003017547,220.05927003017547,220.05927003017547,220.05927003017547,1234054,1937948,119030307,0.00016178023275900907,25.483250775625724,5.3938969192962825,14.025815242619684
Lakshmipur,BD2051,Cox's Bazar,BD2022,False,199.9543837255617,199.9543837255617,199.9543837255617,199.9543837255617,2823268,1937948,100352336,0.00050886329874638,70.61390776054161,5.298089259161333,14.853405637196515
Lakshmipur,BD2051,Cumilla,BD2019,False,63.28921078593981,63.28921078593981,63.28921078593981,63.28921078593981,6212216,1937948,13707612,0.03520396528832364,1550.9121120881568,4.147714868902858,15.642028234056378
Lakshmipur,BD2051,Dhaka,BD3026,False,117.15160659799942,117.15160659799942,117.15160659799942,117.15160659799942,14734701,1937948,42523190,0.010849549169874654,1073.6057525138767,4.763468878884518,16.50571588212586
Lakshmipur,BD2051,Dinajpur,BD5527,False,369.69520837153647,369.69520837153647,369.69520837153647,369.69520837153647,3315236,1937948,153670720,0.00025979665746350434,24.256425724588016,5.9126789050025925,15.014039370621646
Lakshmipur,BD2051,Faridpur,BD3029,False,122.75044047585546,122.75044047585546,122.75044047585546,122.75044047585546,2162879,1937948,60564454,0.0010370661682140585,143.54435082264712,4.810153355066199,14.586950762547518
Lakshmipur,BD2051,Feni,BD2030,False,58.23793332655246,58.23793332655246,58.23793332655246,58.23793332655246,1648896,1937948,8831636,0.023892853153744488,486.16238588980957,4.064536917794391,14.315616531026453
Lakshmipur,BD2051,Gaibandha,BD5532,False,300.6744426064787,300.6744426064787,300.6744426064787,300.6744426064787,2562233,1937948,140033155,0.00024198740186719334,28.341680068813762,5.706028093387625,14.756389701878161
Lakshmipur,BD2051,Gazipur,BD3033,False,140.56242016325635,140.56242016325635,140.56242016325635,140.56242016325635,5263450,1937948,67713532,0.0019548520510900944,266.3986682968102,4.9456516617389825,15.476297263245858
Lakshmipur,BD2051,Gopalganj,BD3035,False,100.72979532402226,100.72979532402226,100.72979532402226,100.72979532402226,1295057,1937948,30334018,0.002316822455383136,127.63593985270235,4.612441638025813,14.07406526759114
Lakshmipur,BD2051,Habiganj,BD6036,False,174.2788250681576,174.2788250681576,174.2788250681576,174.2788250681576,2358886,1937948,86362681,0.0005710470388960672,77.66363365431528,5.160656459593269,14.673700031660417
Lakshmipur,BD2051,Jamalpur,BD4539,False,253.1566714002472,253.1566714002472,253.1566714002472,253.1566714002472,2499738,1937948,129382258,0.00027566663995810966,39.00459193480062,5.534008551614975,14.731696484346525
Lakshmipur,BD2051,Jashore,BD4041,False,173.4889317759971,173.4889317759971,173.4889317759971,173.4889317759971,3076144,1937948,83286537,0.0007921740261574771,102.20287571126246,5.1561138035537155,14.939187422556142
Lakshmipur,BD2051,Jhalokati,BD1042,False,77.49337801136905,77.49337801136905,77.49337801136905,77.49337801136905,661160,1937948,19919828,0.0026031239808711,110.09748181218524,4.350192487694075,13.40175114703129
Lakshmipur,BD2051,Jhenaidah,BD4044,False,192.56321139065204,192.56321139065204,192.56321139065204,192.56321139065204,2005849,1937948,94955757,0.0004056490471521721,54.09431131990318,5.260424470686457,14.511577970493308
Lakshmipur,BD2051,Joypurhat,BD5038,False,303.85752652898617,303.85752652898617,303.85752652898617,303.85752652898617,956431,1937948,142595388,8.814451420726184e-05,10.358900166130654,5.716558928815919,13.770963927257238
Lakshmipur,BD2051,Khagrachhari,BD2046,False,116.21194800586704,116.21194800586704,116.21194800586704,116.21194800586704,714119,1937948,41809071,0.0007115143584320256,52.87727012745237,4.755415661901853,13.478804894101042
Lakshmipur,BD2051,Khulna,BD4047,False,151.8441148638976,151.8441148638976,151.8441148638976,151.8441148638976,2613385,1937948,75182593,0.0008236302663987874,113.34633068527835,5.022854434493745,14.776156873871212
Lakshmipur,BD2051,Kishoreganj,BD3048,False,165.2953236709448,165.2953236709448,165.2953236709448,165.2953236709448,3267626,1937948,80018911,0.0009066189063457841,119.59450030397079,5.107733714474874,14.999574285328466
Lakshmipur,BD2051,Kurigram,BD5549,False,343.27861337932205,343.27861337932205,343.27861337932205,343.27861337932205,2329160,1937948,148171946,0.00019725856957972717,19.76541005047196,5.838542401346639,14.66101824551926
Lakshmipur,BD2051,Kushtia,BD4050,False,219.46915746583784,219.46915746583784,219.46915746583784,219.46915746583784,2149692,1937948,114555762,0.00030142015728882216,44.63024258568768,5.391211709958284,14.580835134027797
Lakshmipur,BD2051,Lakshmipur,BD2051,True,0.0,22.6378680512217,1.0,17.98252447007203,1937948,1937948,0,0.5,3781.560659101653,3.1196240815520944,14.477140239287523
Lakshmipur,BD2051,Lalmonirhat,BD5552,False,388.87478803252236,388.87478803252236,388.87478803252236,388.87478803252236,1428406,1937948,156985956,0.00010862488751334356,9.445655259840253,5.963257410138957,14.172069695197669
Lakshmipur,BD2051,Madaripur,BD3054,False,79.43970397702981,79.43970397702981,79.43970397702981,79.43970397702981,1293027,1937948,20580988,0.004673116925129117,204.89547119558415,4.374998293358245,14.07249653920651
Lakshmipur,BD2051,Magura,BD4055,False,157.77977663974016,157.77977663974016,157.77977663974016,157.77977663974016,1033115,1937948,77795978,0.0003108948055303086,41.49979901011711,5.061200242022261,13.848089068139739
Lakshmipur,BD2051,Manikganj,BD3056,False,140.59190603885344,140.59190603885344,140.59190603885344,140.59190603885344,1558025,1937948,72976982,0.0005270360123325899,78.82314962135806,4.945861410428277,14.258929551497186
Lakshmipur,BD2051,Meherpur,BD4057,False,241.21925064561853,241.21925064561853,241.21925064561853,241.21925064561853,705356,1937948,122959857,8.713549634499803e-05,12.12228351373021,5.485706273631818,13.466457918881725
Lakshmipur,BD2051,Moulvibazar,BD6058,False,206.98958950580172,206.98958950580172,206.98958950580172,206.98958950580172,2123447,1937948,109074609,0.00032765032575291864,49.561497396358874,5.332668499758168,14.568551269629545
Lakshmipur,BD2051,Munshiganj,BD3059,False,83.53557033068904,83.53557033068904,83.53557033068904,83.53557033068904,1625416,1937948,21874015,0.005200428028840548,232.92797246398726,4.425272533132285,14.301274340983566
Lakshmipur,BD2051,Mymensingh,BD4561,False,205.61199624089662,205.61199624089662,205.61199624089662,205.61199624089662,5899005,1937948,103175604,0.00097969313730907,139.53458502749612,5.32599087935404,15.590294250586142
Lakshmipur,BD2051,Naogaon,BD5064,False,309.1990256675893,309.1990256675893,309.1990256675893,309.1990256675893,2784599,1937948,143551819,0.0002501533126608443,29.126374508644602,5.733985165568552,14.839614435339252
Lakshmipur,BD2051,Narail,BD4065,False,133.22159130831116,133.22159130831116,133.22159130831116,133.22159130831116,788671,1937948,66924861,0.0003186565928766266,44.43719507184573,4.892013841879248,13.57810452934276
Lakshmipur,BD2051,Narayanganj,BD3067,False,96.70819334279865,96.70819334279865,96.70819334279865,96.70819334279865,3909138,1937948,25226685,0.008974811152251601,417.9789993844726,4.571698128371445,15.178827447298536
Lakshmipur,BD2051,Narsingdi,BD3068,False,123.77170468869033,123.77170468869033,123.77170468869033,123.77170468869033,2584452,1937948,62727333,0.0011517251664079906,168.70413432244433,4.818438777493283,14.765024051188075
Lakshmipur,BD2051,Natore,BD5069,False,244.67753171734338,244.67753171734338,244.67753171734338,244.67753171734338,1859922,1937948,123665213,0.00022513958602054924,31.06751738473158,5.499941146524493,14.436045109326196
Lakshmipur,BD2051,Netrakona,BD4572,False,220.05707724646552,220.05707724646552,220.05707724646552,220.05707724646552,2324853,1937948,116705454,0.00031392261996816975,48.00923843255545,5.393886954732487,14.659167369198306
Lakshmipur,BD2051,Nilphamari,BD5573,False,399.19277139724664,399.19277139724664,399.19277139724664,399.19277139724664,2092568,1937948,158414362,0.00015568273637677797,13.131497120863953,5.989444436551034,14.553902577830893
Lakshmipur,BD2051,Noakhali,BD2075,False,35.277992210752394,35.277992210752394,35.277992210752394,35.277992210752394,3625442,1937948,0,0.6516605882384661,2913.085568088141,3.563259319393082,15.103486769872411
Lakshmipur,BD2051,Pabna,BD5076,False,197.916170507733,197.916170507733,197.916170507733,197.916170507733,2909624,1937948,97442712,0.0005546802836648297,74.2804133808109,5.2878435597693025,14.8835344211774
Lakshmipur,BD2051,Panchagarh,BD5577,False,442.16660916359893,442.16660916359893,442.16660916359893,442.16660916359893,1179843,1937948,162040825,8.442624477508628e-05,6.034653434809513,6.091686754861276,13.98089193674234
Lakshmipur,BD2051,Patuakhali,BD1078,False,90.9696228938762,90.9696228938762,90.9696228938762,90.9696228938762,1727254,1937948,23499431,0.004844200654759798,208.71968868787684,4.510525636435428,14.362043422168306
Lakshmipur,BD2051,Pirojpur,BD1079,False,97.02452813125768,97.02452813125768,97.02452813125768,97.02452813125768,1198195,1937948,29135823,0.002315529074285013,127.28124784993348,4.574963813870381,13.996326815697198
Lakshmipur,BD2051,Rajbari,BD3082,False,161.58029742214742,161.58029742214742,161.58029742214742,161.58029742214742,1189818,1937948,78829093,0.0003483398628503346,45.57259179527886,5.085002216761265,13.989310912214547
Lakshmipur,BD2051,Rajshahi,BD5081,False,284.63495007033833,284.63495007033833,284.63495007033833,284.63495007033833,2915009,1937948,137118146,0.00028614887117905144,35.980189691423426,5.651207482298432,14.885383465240523
Lakshmipur,BD2051,Rangamati,BD2084,False,146.03749758866783,146.03749758866783,146.03749758866783,146.03749758866783,647586,1937948,74535007,0.00021279510393076357,30.364678431993575,4.983863421531534,13.381006882269048
Lakshmipur,BD2051,Rangpur,BD5585,False,347.8137264819766,347.8137264819766,347.8137264819766,347.8137264819766,3169614,1937948,150501106,0.00025895152080006144,26.200702841105947,5.851667067737075,14.9691203718778
Lakshmipur,BD2051,Satkhira,BD4087,False,185.30507660149684,185.30507660149684,185.30507660149684,185.30507660149684,2196582,1937948,92759175,0.00046393505866384565,63.969474885347864,5.222003529578185,14.602413073820426
Lakshmipur,BD2051,Shariatpur,BD3086,False,60.48836852103316,60.48836852103316,60.48836852103316,60.48836852103316,1294562,1937948,10480532,0.014732034460574778,353.81733975110626,4.102451090702579,14.073682971966935
Lakshmipur,BD2051,Sherpur,BD4589,False,256.17843656215695,256.17843656215695,256.17843656215695,256.17843656215695,1501853,1937948,131881996,0.00016072407904277227,22.884545140223285,5.545874219496386,14.22221023700936
Lakshmipur,BD2051,Sirajganj,BD5088,False,210.20324568678674,210.20324568678674,210.20324568678674,210.20324568678674,3357706,1937948,111198056,0.000493720857479057,75.9912925592487,5.348074899269344,15.026768560672359
Lakshmipur,BD2051,Sunamganj,BD6090,False,232.98409242940699,232.98409242940699,232.98409242940699,232.98409242940699,2695496,1937948,120264361,0.0003422524718555403,49.65764880554421,5.450970178399841,14.80709278991802
Lakshmipur,BD2051,Sylhet,BD6091,False,253.08628754029033,253.08628754029033,253.08628754029033,253.08628754029033,3857123,1937948,125525135,0.00044657009209925376,60.21799034724511,5.533730488052145,15.16543212675189
Lakshmipur,BD2051,Tangail,BD3093,False,184.78583021370508,184.78583021370508,184.78583021370508,184.78583021370508,4037608,1937948,88721567,0.000911414839947319,118.24609877681283,5.219197479935039,15.2111629953813
Lakshmipur,BD2051,Thakurgaon,BD5594,False,428.10727570993646,428.10727570993646,428.10727570993646,428.10727570993646,1533895,1937948,160506930,0.00011159483560688024,8.369324642312726,6.059373808357886,14.243320810065981
Lalmonirhat,BD5552,Bagerhat,BD4001,False,413.84479105932,413.84479105932,413.84479105932,413.84479105932,1613076,1428406,139985845,0.00011391850987279058,9.418458817803643,6.025491002709534,14.293653473170336
Lalmonirhat,BD5552,Bandarban,BD2003,False,570.0481683341309,570.0481683341309,570.0481683341309,570.0481683341309,481106,1428406,160425836,2.6155032038408645e-05,1.4805315412853182,6.34572086310753,13.08384289902944
Lalmonirhat,BD5552,Barguna,BD1004,False,445.2499693642101,445.2499693642101,445.2499693642101,445.2499693642101,1010531,1428406,147871000,6.432140673355424e-05,5.097319363312908,6.098635853363952,13.825986493237492
Lalmonirhat,BD5552,Barishal,BD1006,False,378.49956340075374,378.49956340075374,378.49956340075374,378.49956340075374,2570446,1428406,127159233,0.00021770372549919018,17.942283679213052,5.936214919378169,14.759589982670962
Lalmonirhat,BD5552,Bhola,BD1009,False,441.4111759461508,441.4111759461508,441.4111759461508,441.4111759461508,1932518,1428406,145938482,0.00012546344872557599,9.918292189144362,6.0899768128182625,14.474334373759973
Lalmonirhat,BD5552,Bogura,BD5010,False,138.4792710179897,138.4792710179897,138.4792710179897,138.4792710179897,3734297,1428406,23925170,0.0072328479102098855,194.73289413836977,4.930720646685913,15.133070139288687
Lalmonirhat,BD5552,Brahmanbaria,BD2012,False,299.52692905659995,299.52692905659995,299.52692905659995,299.52692905659995,3306563,1428406,99651259,0.00044763235403058057,36.85573308535847,5.7022043268911675,15.011419839295048
Lalmonirhat,BD5552,Chandpur,BD2013,False,346.804491731008,346.804491731008,346.804491731008,346.804491731008,2635748,1428406,124523485,0.00023246182171399906,21.914645927817663,5.848761196757367,14.784677570641602
Lalmonirhat,BD5552,Chapainawabganj,BD5070,False,178.8114730332944,178.8114730332944,178.8114730332944,178.8114730332944,1835528,1428406,27659467,0.0029148315523355086,57.407713821716364,5.186332027533687,14.422842736501666
Lalmonirhat,BD5552,Chattogram,BD2015,False,481.02150883839727,481.02150883839727,481.02150883839727,481.02150883839727,9169465,1428406,151256371,0.0005299999609214669,39.62917256815786,6.175911986025734,16.031389500109725
Lalmonirhat,BD5552,Chuadanga,BD4018,False,275.7512805375356,275.7512805375356,275.7512805375356,275.7512805375356,1234054,1428406,84362886,0.0002361004761436404,16.229273840232526,5.619499301957954,14.025815242619684
Lalmonirhat,BD5552,Cox's Bazar,BD2022,False,584.8385715789832,584.8385715789832,584.8385715789832,584.8385715789832,2823268,1428406,160906942,0.0001504144085091909,8.254296980963405,6.371335863132916,14.853405637196515
Lalmonirhat,BD5552,Cumilla,BD2019,False,343.86378757303635,343.86378757303635,343.86378757303635,343.86378757303635,6212216,1428406,118311269,0.0005883766731695203,52.5380153178573,5.840245612600567,15.642028234056378
Lalmonirhat,BD5552,Dhaka,BD3026,False,273.00520386525,273.00520386525,273.00520386525,273.00520386525,14734701,1428406,69628185,0.003452593248711065,197.6967257963751,5.609490856780759,16.50571588212586
Lalmonirhat,BD5552,Dinajpur,BD5527,False,65.86463328093893,65.86463328093893,65.86463328093893,65.86463328093893,3315236,1428406,7591342,0.04256308721060957,764.2050328484003,4.187601624928326,15.014039370621646
Lalmonirhat,BD5552,Faridpur,BD3029,False,293.7271640900105,293.7271640900105,293.7271640900105,293.7271640900105,2162879,1428406,97488380,0.00030899403739317356,25.06940344239031,5.682651323168466,14.586950762547518
Lalmonirhat,BD5552,Feni,BD2030,False,405.6077453706524,405.6077453706524,405.6077453706524,405.6077453706524,1648896,1428406,136140367,0.00012297892959667385,10.02260893654423,6.005386548176136,14.315616531026453
Lalmonirhat,BD5552,Gaibandha,BD5532,False,89.20246943324693,89.20246943324693,89.20246943324693,89.20246943324693,2562233,1428406,12086421,0.016844307566866477,322.00666851831835,4.490908723431988,14.756389701878161
Lalmonirhat,BD5552,Gazipur,BD3033,False,250.11138955482355,250.11138955482355,250.11138955482355,250.11138955482355,5263450,1428406,57643910,0.001978270583257054,84.14020457686301,5.521906376849952,15.476297263245858
Lalmonirhat,BD5552,Gopalganj,BD3035,False,335.645045700809,335.645045700809,335.645045700809,335.645045700809,1295057,1428406,117016212,0.0001304328977281506,11.495514176540096,5.816054189962431,14.07406526759114
Lalmonirhat,BD5552,Habiganj,BD6036,False,290.27474299103363,290.27474299103363,290.27474299103363,290.27474299103363,2358886,1428406,90187241,0.0003913621213704202,27.99551457048354,5.6708278641144645,14.673700031660417
Lalmonirhat,BD5552,Jamalpur,BD4539,False,135.80692318711453,135.80692318711453,135.80692318711453,135.80692318711453,2499738,1428406,17138980,0.009128304954651091,135.5347540894831,4.9112341945844324,14.731696484346525
Lalmonirhat,BD5552,Jashore,BD4041,False,330.67797637725033,330.67797637725033,330.67797637725033,330.67797637725033,3076144,1428406,112645506,0.0003287982456762108,28.13170918805261,5.801145020785643,14.939187422556142
Lalmonirhat,BD5552,Jhalokati,BD1042,False,399.8193084288751,399.8193084288751,399.8193084288751,399.8193084288751,661160,1428406,131667627,5.304885069144859e-05,4.135985844917106,5.991012716119921,13.40175114703129
Lalmonirhat,BD5552,Jhenaidah,BD4044,False,286.59551716966257,286.59551716966257,286.59551716966257,286.59551716966257,2005849,1428406,88181392,0.0003489994565983057,24.420775447502958,5.658071873853958,14.511577970493308
Lalmonirhat,BD5552,Joypurhat,BD5038,False,108.98056818299071,108.98056818299071,108.98056818299071,108.98056818299071,956431,1428406,16182549,0.004178030791987982,80.52959379786537,4.691169592785982,13.770963927257238
Lalmonirhat,BD5552,Khagrachhari,BD2046,False,423.4105475468242,423.4105475468242,423.4105475468242,423.4105475468242,714119,1428406,145224363,4.719892138475664e-05,3.983338768702742,6.0483422699323395,13.478804894101042
Lalmonirhat,BD5552,Khulna,BD4047,False,400.0167851396921,400.0167851396921,400.0167851396921,400.0167851396921,2613385,1428406,133526982,0.00020106893052441855,16.33228552277084,5.991506509076797,14.776156873871212
Lalmonirhat,BD5552,Kishoreganj,BD3048,False,254.27777868414384,254.27777868414384,254.27777868414384,254.27777868414384,3267626,1428406,62907360,0.0010731564629966094,50.537706078077285,5.53842728632195,14.999574285328466
Lalmonirhat,BD5552,Kurigram,BD5549,False,54.90774078356304,54.90774078356304,54.90774078356304,54.90774078356304,2329160,1428406,5262182,0.05513054649238994,772.5599203876538,4.0056543364553265,14.66101824551926
Lalmonirhat,BD5552,Kushtia,BD4050,False,238.94696206585493,238.94696206585493,238.94696206585493,238.94696206585493,2149692,1428406,52798722,0.0010044093038285879,37.650713747520996,5.476241611262054,14.580835134027797
Lalmonirhat,BD5552,Lakshmipur,BD2051,False,388.87478803252236,388.87478803252236,388.87478803252236,388.87478803252236,1937948,1428406,129729679,0.0001585745936235882,12.815116094091524,5.963257410138957,14.477140239287523
Lalmonirhat,BD5552,Lalmonirhat,BD5552,True,0.0,30.45034841020601,1.0,18.432313921928653,1428406,1428406,0,0.5,1540.5192639100737,3.4160974361333367,14.172069695197669
Lalmonirhat,BD5552,Madaripur,BD3054,False,330.00345315485373,330.00345315485373,330.00345315485373,330.00345315485373,1293027,1428406,111352479,0.0001435613143686166,11.873277683035406,5.799103118511395,14.07249653920651
Lalmonirhat,BD5552,Magura,BD4055,False,292.0086035417123,292.0086035417123,292.0086035417123,292.0086035417123,1033115,1428406,92546127,0.0001652842950792956,12.115947209956822,5.676783266018168,13.848089068139739
Lalmonirhat,BD5552,Manikganj,BD3056,False,257.041170492881,257.041170492881,257.041170492881,257.041170492881,1558025,1428406,66174986,0.0004759854945338542,23.5813704933201,5.5492362685354895,14.258929551497186
Lalmonirhat,BD5552,Meherpur,BD4057,False,257.8701942026725,257.8701942026725,257.8701942026725,257.8701942026725,705356,1428406,67733011,0.00020850931595164414,10.607329757917775,5.552456335067194,13.466457918881725
Lalmonirhat,BD5552,Moulvibazar,BD6058,False,321.81162905847395,321.81162905847395,321.81162905847395,321.81162905847395,2123447,1428406,108440361,0.00024650799561910157,20.503970016795016,5.77396637143944,14.568551269629545
Lalmonirhat,BD5552,Munshiganj,BD3059,False,306.31068023649027,306.31068023649027,306.31068023649027,306.31068023649027,1625416,1428406,106814945,0.00019522737590441303,17.32368391042634,5.724599881779612,14.301274340983566
Lalmonirhat,BD5552,Mymensingh,BD4561,False,193.29929587073593,193.29929587073593,193.29929587073593,193.29929587073593,5899005,1428406,37627632,0.004799144516386908,157.87676550264936,5.264239743531686,15.590294250586142
Lalmonirhat,BD5552,Naogaon,BD5064,False,138.1987394901664,138.1987394901664,138.1987394901664,138.1987394901664,2784599,1428406,21140571,0.006951255176910494,145.79898450679636,4.928692790381455,14.839614435339252
Lalmonirhat,BD5552,Narail,BD4065,False,327.9900083115355,327.9900083115355,327.9900083115355,327.9900083115355,788671,1428406,110563808,8.919165220585224e-05,7.331192853220365,5.792983145455323,13.57810452934276
Lalmonirhat,BD5552,Narayanganj,BD3067,False,293.294527415544,293.294527415544,293.294527415544,293.294527415544,3909138,1428406,93579242,0.0005941609484725827,45.44363709878274,5.68117731715111,15.178827447298536
Lalmonirhat,BD5552,Narsingdi,BD3068,False,276.58947544242824,276.58947544242824,276.58947544242824,276.58947544242824,2584452,1428406,85596940,0.0004733897818196117,33.78291879481525,5.6225343687686005,14.765024051188075
Lalmonirhat,BD5552,Natore,BD5069,False,187.71123304282395,187.71123304282395,187.71123304282395,187.71123304282395,1859922,1428406,32410004,0.002199320512611373,52.785447345713045,5.234904787528065,14.436045109326196
Lalmonirhat,BD5552,Netrakona,BD4572,False,208.96109801679435,208.96109801679435,208.96109801679435,208.96109801679435,2324853,1428406,47564245,0.0013208414790541617,53.24325701263308,5.342148100748813,14.659167369198306
Lalmonirhat,BD5552,Nilphamari,BD5573,False,30.88879483598569,30.88879483598569,30.88879483598569,30.88879483598569,2092568,1428406,0,0.5943150957661147,2193.1970421598294,3.4303934914716208,14.553902577830893
Lalmonirhat,BD5552,Noakhali,BD2075,False,420.6597794390483,420.6597794390483,420.6597794390483,420.6597794390483,3625442,1428406,141598921,0.00024688990790044317,20.487972478979355,6.041824382125604,15.103486769872411
Lalmonirhat,BD5552,Pabna,BD5076,False,224.0028900079873,224.0028900079873,224.0028900079873,224.0028900079873,2909624,1428406,49889098,0.0014935040598839527,57.98686468739521,5.411658953593184,14.8835344211774
Lalmonirhat,BD5552,Panchagarh,BD5577,False,70.36320155725613,70.36320155725613,70.36320155725613,70.36320155725613,1179843,1428406,10906578,0.010109433148679138,238.30493522761296,4.253670421353424,13.98089193674234
Lalmonirhat,BD5552,Patuakhali,BD1078,False,446.4558155300235,446.4558155300235,446.4558155300235,446.4558155300235,1727254,1428406,148881531,0.00010796185624688929,8.665611969210815,6.101340438040382,14.362043422168306
Lalmonirhat,BD5552,Pirojpur,BD1079,False,399.87637155326615,399.87637155326615,399.87637155326615,399.87637155326615,1198195,1428406,132328787,9.481385274576696e-05,7.4933499902987455,5.991155428218826,13.996326815697198
Lalmonirhat,BD5552,Rajbari,BD3082,False,261.76167430829884,261.76167430829884,261.76167430829884,261.76167430829884,1189818,1428406,68438367,0.0003423396071847976,17.364745197111084,5.5674344497428665,13.989310912214547
Lalmonirhat,BD5552,Rajshahi,BD5081,False,187.0847021825778,187.0847021825778,187.0847021825778,187.0847021825778,2915009,1428406,29494995,0.003979187148812964,83.28433955345226,5.231561467150422,14.885383465240523
Lalmonirhat,BD5552,Rangamati,BD2084,False,473.4306844315157,473.4306844315157,473.4306844315157,473.4306844315157,647586,1428406,150608785,3.9847725852052576e-05,2.8892468367576916,6.160005512113935,13.381006882269048
Lalmonirhat,BD5552,Rangpur,BD5585,False,45.96305364996991,45.96305364996991,45.96305364996991,45.96305364996991,3169614,1428406,2092568,0.1921900664109615,1500.3363381525726,3.8278378922436076,14.9691203718778
Lalmonirhat,BD5552,Satkhira,BD4087,False,409.41787034976716,409.41787034976716,409.41787034976716,409.41787034976716,2196582,1428406,137789263,0.0001593718267850885,13.104300110803457,6.014736322371687,14.602413073820426
Lalmonirhat,BD5552,Shariatpur,BD3086,False,334.766600755483,334.766600755483,334.766600755483,334.766600755483,1294562,1428406,115721650,0.00013326517943889032,11.551506048519498,5.813433574844227,14.073682971966935
Lalmonirhat,BD5552,Sherpur,BD4589,False,137.7405754204916,137.7405754204916,137.7405754204916,137.7405754204916,1501853,1428406,19638718,0.00451192598488533,79.15960902104219,4.925372027692345,14.22221023700936
Lalmonirhat,BD5552,Sirajganj,BD5088,False,189.43147683457585,189.43147683457585,189.43147683457585,189.43147683457585,3357706,1428406,34269926,0.0034399982659697064,93.57037641046796,5.244027359311961,15.026768560672359
Lalmonirhat,BD5552,Sunamganj,BD6090,False,245.94759081027235,245.94759081027235,245.94759081027235,245.94759081027235,2695496,1428406,54948414,0.0011561276393107355,44.56085818050262,5.505118467748251,14.80709278991802
Lalmonirhat,BD5552,Sylhet,BD6091,False,304.0508026932578,304.0508026932578,304.0508026932578,304.0508026932578,3857123,1428406,102957822,0.000487607886007222,41.72258227613881,5.71719480156677,15.16543212675189
Lalmonirhat,BD5552,Tangail,BD3093,False,204.7177527011346,204.7177527011346,204.7177527011346,204.7177527011346,4037608,1428406,43526637,0.0026185837034606294,96.34144178231482,5.321632214364232,15.2111629953813
Lalmonirhat,BD5552,Thakurgaon,BD5594,False,89.30865969808102,89.30865969808102,89.30865969808102,89.30865969808102,1533895,1428406,14648654,0.0077385172966860346,192.3129316298069,4.492098456283677,14.243320810065981
Madaripur,BD3054,Bagerhat,BD4001,False,103.92094708737233,103.92094708737233,103.92094708737233,103.92094708737233,1613076,1293027,53146689,0.0006835170031532935,149.36492926835993,4.643630485940641,14.293653473170336
Madaripur,BD3054,Bandarban,BD2003,False,274.9913710252376,274.9913710252376,274.9913710252376,274.9913710252376,481106,1293027,148335761,2.7696436191401294e-05,6.362131488210334,5.616739719084223,13.08384289902944
Madaripur,BD3054,Barguna,BD1004,False,119.83516959543425,119.83516959543425,119.83516959543425,119.83516959543425,1010531,1293027,69248665,0.0002588738788538487,70.36894682050635,4.786117211842356,13.825986493237492
Madaripur,BD3054,Barishal,BD1006,False,48.68985480205505,48.68985480205505,48.68985480205505,48.68985480205505,2570446,1293027,6377914,0.042306652010955056,1084.255230168382,3.8854706881005154,14.759589982670962
Madaripur,BD3054,Bhola,BD1009,False,114.10524763922227,114.10524763922227,114.10524763922227,114.10524763922227,1932518,1293027,61963451,0.0006059710011181661,148.42679577871345,4.737121247389961,14.474334373759973
Madaripur,BD3054,Bogura,BD5010,False,195.66347133928596,195.66347133928596,195.66347133928596,195.66347133928596,3734297,1293027,115074300,0.0003454908188896876,97.54148143713577,5.2763962005630285,15.133070139288687
Madaripur,BD3054,Brahmanbaria,BD2012,False,124.24752190745609,124.24752190745609,124.24752190745609,124.24752190745609,3306563,1293027,73168820,0.0007383246548138366,214.19105531028026,4.822275720371054,15.011419839295048
Madaripur,BD3054,Chandpur,BD2013,False,62.2125242028285,62.2125242028285,62.2125242028285,62.2125242028285,2635748,1293027,9737031,0.022609889087609383,681.0017692765708,4.130556333219413,14.784677570641602
Madaripur,BD3054,Chapainawabganj,BD5070,False,255.02516915361076,255.02516915361076,255.02516915361076,255.02516915361076,1835528,1293027,139819842,0.00011765833439260245,28.22246383702247,5.541362242850828,14.422842736501666
Madaripur,BD3054,Chattogram,BD2015,False,191.5386087877015,191.5386087877015,191.5386087877015,191.5386087877015,9169465,1293027,105904835,0.0009504612346451022,249.93745300340169,5.255089400768053,16.031389500109725
Madaripur,BD3054,Chuadanga,BD4018,False,141.23026618318661,141.23026618318661,141.23026618318661,141.23026618318661,1234054,1293027,86508161,0.0002041171152910324,61.869785275537566,4.9503916518288005,14.025815242619684
Madaripur,BD3054,Cox's Bazar,BD2022,False,274.43685820760334,274.43685820760334,274.43685820760334,274.43685820760334,2823268,1293027,145512493,0.00016618895441282785,37.48583835206768,5.6147212097452215,14.853405637196515
Madaripur,BD3054,Cumilla,BD2019,False,91.9916175260864,91.9916175260864,91.9916175260864,91.9916175260864,6212216,1293027,38594879,0.004368283629012913,734.0912325768172,4.521697459051035,15.642028234056378
Madaripur,BD3054,Dhaka,BD3026,False,63.86206270841097,63.86206270841097,63.86206270841097,63.86206270841097,14734701,1293027,12372779,0.049089383372213934,3612.895862180207,4.1567254872412,16.50571588212586
Madaripur,BD3054,Dinajpur,BD5527,False,302.3050151468361,302.3050151468361,302.3050151468361,302.3050151468361,3315236,1293027,154315641,0.0001733400961274826,36.276363552927556,5.711436491614179,15.014039370621646
Madaripur,BD3054,Faridpur,BD3029,False,44.16713797599587,44.16713797599587,44.16713797599587,44.16713797599587,2162879,1293027,4215035,0.06618999602043683,1108.7501920488446,3.7879810278558543,14.586950762547518
Madaripur,BD3054,Feni,BD2030,False,129.8633650907072,129.8633650907072,129.8633650907072,129.8633650907072,1648896,1293027,80512991,0.00031229403620767246,97.77322935539995,4.866482859964275,14.315616531026453
Madaripur,BD3054,Gaibandha,BD5532,False,240.81926509827645,240.81926509827645,240.81926509827645,240.81926509827645,2562233,1293027,137257609,0.00016945370486974264,44.18106361517134,5.48404671479542,14.756389701878161
Madaripur,BD3054,Gazipur,BD3033,False,101.96047229743718,101.96047229743718,101.96047229743718,101.96047229743718,5263450,1293027,44807095,0.0028742252619666534,506.2987144595923,4.62458521168076,15.476297263245858
Madaripur,BD3054,Gopalganj,BD3035,False,29.895043795635562,29.895043795635562,29.895043795635562,29.895043795635562,1295057,1293027,1294562,0.16667612126683812,1449.073771399503,3.3976927073137504,14.07406526759114
Madaripur,BD3054,Habiganj,BD6036,False,181.44886357855592,181.44886357855592,181.44886357855592,181.44886357855592,2358886,1293027,102831830,0.00027509127732941853,71.6470721619843,5.200973870638948,14.673700031660417
Madaripur,BD3054,Jamalpur,BD4539,False,197.81960476344616,197.81960476344616,197.81960476344616,197.81960476344616,2499738,1293027,121133450,0.00021133583865333975,63.87866519671895,5.28735552834916,14.731696484346525
Madaripur,BD3054,Jashore,BD4041,False,102.25851890315131,102.25851890315131,102.25851890315131,102.25851890315131,3076144,1293027,50070545,0.001422470229563919,294.1762891920339,4.627504105908702,14.939187422556142
Madaripur,BD3054,Jhalokati,BD1042,False,71.7754030759822,71.7754030759822,71.7754030759822,71.7754030759822,661160,1293027,31016618,0.0008025136489416042,128.33800703288344,4.273541841818349,13.40175114703129
Madaripur,BD3054,Jhenaidah,BD4044,False,114.06548465753396,114.06548465753396,114.06548465753396,114.06548465753396,2005849,1293027,59957602,0.0006694070306533847,154.16640174980265,4.736772710295036,14.511577970493308
Madaripur,BD3054,Joypurhat,BD5038,False,235.60404483962913,235.60404483962913,235.60404483962913,235.60404483962913,956431,1293027,133516579,6.756927469076284e-05,17.230114355163806,5.462152619879758,13.770963927257238
Madaripur,BD3054,Khagrachhari,BD2046,False,182.75061126895906,182.75061126895906,182.75061126895906,182.75061126895906,714119,1293027,105190716,8.08925916192115e-05,21.382225807667318,5.20812244346128,13.478804894101042
Madaripur,BD3054,Khulna,BD4047,False,110.92516458394738,110.92516458394738,110.92516458394738,110.92516458394738,2613385,1293027,57344217,0.0009408640719515446,212.39448244941306,4.708855781004664,14.776156873871212
Madaripur,BD3054,Kishoreganj,BD3048,False,151.1232641447095,151.1232641447095,151.1232641447095,151.1232641447095,3267626,1293027,91099921,0.0004780442839894519,143.07695609745736,5.018095822647051,14.999574285328466
Madaripur,BD3054,Kurigram,BD5549,False,290.15075971107785,290.15075971107785,290.15075971107785,290.15075971107785,2329160,1293027,151986481,0.00012626675916698377,27.666352055469122,5.670400648972248,14.66101824551926
Madaripur,BD3054,Kushtia,BD4050,False,140.42113700285762,140.42113700285762,140.42113700285762,140.42113700285762,2149692,1293027,82161887,0.0003890763089023635,109.02127826306906,4.944646028713832,14.580835134027797
Madaripur,BD3054,Lakshmipur,BD2051,False,79.43970397702981,79.43970397702981,79.43970397702981,79.43970397702981,1937948,1293027,35467113,0.0017615016270106946,307.090856271787,4.374998293358245,14.477140239287523
Madaripur,BD3054,Lalmonirhat,BD5552,False,330.00345315485373,330.00345315485373,330.00345315485373,330.00345315485373,1428406,1293027,157630877,7.24760996820947e-05,13.116401345148919,5.799103118511395,14.172069695197669
Madaripur,BD3054,Madaripur,BD3054,True,0.0,20.863046602913986,1.0,17.200916028669205,1293027,1293027,0,0.5,2970.6544510106264,3.0379794889042406,14.07249653920651
Madaripur,BD3054,Magura,BD4055,False,78.7610189444944,78.7610189444944,78.7610189444944,78.7610189444944,1033115,1293027,34433998,0.001017143551708181,166.54285873157374,4.366418191022109,13.848089068139739
Madaripur,BD3054,Manikganj,BD3056,False,72.98056986371516,72.98056986371516,72.98056986371516,72.98056986371516,1558025,1293027,31677778,0.001769581633844461,292.522934620892,4.2901932394693905,14.258929551497186
Madaripur,BD3054,Meherpur,BD4057,False,161.87555608651203,161.87555608651203,161.87555608651203,161.87555608651203,705356,1293027,94367547,9.893716439657086e-05,26.918187770056313,5.086827867731373,13.466457918881725
Madaripur,BD3054,Moulvibazar,BD6058,False,226.68665572124587,226.68665572124587,226.68665572124587,226.68665572124587,2123447,1293027,131393132,0.00015349794216491913,41.32277845597574,5.423568692619294,14.568551269629545
Madaripur,BD3054,Munshiganj,BD3059,False,42.81706760709549,42.81706760709549,42.81706760709549,42.81706760709549,1625416,1293027,2589619,0.09827555572787011,886.6060472919039,3.756936798964504,14.301274340983566
Madaripur,BD3054,Mymensingh,BD4561,False,166.848144811827,166.848144811827,166.848144811827,166.848144811827,5899005,1293027,95072903,0.0007739913269923872,211.9024607745021,5.117084086237318,15.590294250586142
Madaripur,BD3054,Naogaon,BD5064,False,235.71138186088916,235.71138186088916,235.71138186088916,235.71138186088916,2784599,1293027,134473010,0.00019141263047153258,50.11890281206535,5.462608098385383,14.839614435339252
Madaripur,BD3054,Narail,BD4065,False,60.58678726223773,60.58678726223773,60.58678726223773,60.58678726223773,788671,1293027,8948360,0.009027487416918495,214.8523084614849,4.104076837326567,13.57810452934276
Madaripur,BD3054,Narayanganj,BD3067,False,70.20722825610528,70.20722825610528,70.20722825610528,70.20722825610528,3909138,1293027,27107480,0.0055084614746472044,793.08063711605,4.251451272342254,15.178827447298536
Madaripur,BD3054,Narsingdi,BD3068,False,106.97530769811831,106.97530769811831,106.97530769811831,106.97530769811831,2584452,1293027,54759765,0.0010167291251776702,225.84026873498186,4.672598038654138,14.765024051188075
Madaripur,BD3054,Natore,BD5069,False,169.52142887692028,169.52142887692028,169.52142887692028,169.52142887692028,1859922,1293027,100971908,0.00022585055412472645,64.72104528895426,5.132979342882285,14.436045109326196
Madaripur,BD3054,Netrakona,BD4572,False,196.30077083865822,196.30077083865822,196.30077083865822,196.30077083865822,2324853,1293027,118808597,0.00020444611354988236,60.33252308452263,5.279648028114534,14.659167369198306
Madaripur,BD3054,Nilphamari,BD5573,False,336.1388311356102,336.1388311356102,336.1388311356102,336.1388311356102,2092568,1293027,159059283,0.0001038737786406323,18.52005229233981,5.817524262528191,14.553902577830893
Madaripur,BD3054,Noakhali,BD2075,False,114.24558585505144,114.24558585505144,114.24558585505144,114.24558585505144,3625442,1293027,63895969,0.001044996162201676,277.76793072467274,4.7383503931859305,15.103486769872411
Madaripur,BD3054,Pabna,BD5076,False,122.19960423146416,122.19960423146416,122.19960423146416,122.19960423146416,2909624,1293027,70259196,0.0007061346589172664,194.84859188615732,4.805655808037194,14.8835344211774
Madaripur,BD3054,Panchagarh,BD5577,False,376.9196032952747,376.9196032952747,376.9196032952747,376.9196032952747,1179843,1293027,162685746,5.6330414439807204e-05,8.304753942956543,5.932031910847486,13.98089193674234
Madaripur,BD3054,Patuakhali,BD1078,False,116.71084233283709,116.71084233283709,116.71084233283709,116.71084233283709,1727254,1293027,67521411,0.00046008530361199335,126.80424720399438,4.759699442713247,14.362043422168306
Madaripur,BD3054,Pirojpur,BD1079,False,78.09709914815956,78.09709914815956,78.09709914815956,78.09709914815956,1198195,1293027,33235803,0.0012559038160107222,196.45256230611776,4.35795291336658,13.996326815697198
Madaripur,BD3054,Rajbari,BD3082,False,83.67025745197137,83.67025745197137,83.67025745197137,83.67025745197137,1189818,1293027,37405061,0.000996683762068244,169.95671340940254,4.42688356729538,13.989310912214547
Madaripur,BD3054,Rajshahi,BD5081,False,207.2355297252444,207.2355297252444,207.2355297252444,207.2355297252444,2915009,1293027,123633188,0.0002360059713471794,67.8752541652269,5.33385597119302,14.885383465240523
Madaripur,BD3054,Rangamati,BD2084,False,220.6463568702131,220.6463568702131,220.6463568702131,220.6463568702131,647586,1293027,128050050,4.980233412766778e-05,13.301601385545455,5.3965612246806005,13.381006882269048
Madaripur,BD3054,Rangpur,BD5585,False,286.2563647009133,286.2563647009133,286.2563647009133,286.2563647009133,3169614,1293027,148816867,0.00017812322680452164,38.680855708699404,5.656887789384276,14.9691203718778
Madaripur,BD3054,Satkhira,BD4087,False,140.53450807828082,140.53450807828082,140.53450807828082,140.53450807828082,2196582,1293027,84311579,0.00037788311705020235,111.21963482432069,4.945453067714908,14.602413073820426
Madaripur,BD3054,Shariatpur,BD3086,False,25.070898981126277,25.070898981126277,25.070898981126277,25.070898981126277,1294562,1293027,0,0.5002966081553137,2059.6007477580456,3.2217077703675874,14.073682971966935
Madaripur,BD3054,Sherpur,BD4589,False,207.49637761369206,207.49637761369206,207.49637761369206,207.49637761369206,1501853,1293027,126548197,0.00011744131665057737,34.88240239036282,5.335113882234961,14.22221023700936
Madaripur,BD3054,Sirajganj,BD5088,False,142.6120325695116,142.6120325695116,142.6120325695116,142.6120325695116,3357706,1293027,87742215,0.0005277758239224829,165.093634059033,4.960127884290762,15.026768560672359
Madaripur,BD3054,Sunamganj,BD6090,False,225.77146806693744,225.77146806693744,225.77146806693744,225.77146806693744,2695496,1293027,128697636,0.00020207310005569242,52.88111184219848,5.419523284417722,14.80709278991802
Madaripur,BD3054,Sylhet,BD6091,False,264.5857085757278,264.5857085757278,264.5857085757278,264.5857085757278,3857123,1293027,141655370,0.00023765634112997005,55.09735157238405,5.578165238792585,15.16543212675189
Madaripur,BD3054,Tangail,BD3093,False,127.6976479486155,127.6976479486155,127.6976479486155,127.6976479486155,4037608,1293027,76475383,0.000820622220864198,247.60439889400246,4.849665344298905,15.2111629953813
Madaripur,BD3054,Thakurgaon,BD5594,False,358.98506440107525,358.98506440107525,358.98506440107525,358.98506440107525,1533895,1293027,161151851,7.445769210539061e-05,11.902628302654971,5.883280784283213,14.243320810065981
Magura,BD4055,Bagerhat,BD4001,False,123.39931042282537,123.39931042282537,123.39931042282537,123.39931042282537,1613076,1033115,59765857,0.0004391762305043741,105.93253471721141,4.8154255233100125,14.293653473170336
Magura,BD4055,Bandarban,BD2003,False,351.4653822015439,351.4653822015439,351.4653822015439,351.4653822015439,481106,1033115,163644395,1.827485390630554e-05,3.8947148136006047,5.862111220487559,13.08384289902944
Magura,BD4055,Barguna,BD1004,False,160.99051797785012,160.99051797785012,160.99051797785012,160.99051797785012,1010531,1033115,81110997,0.0001528394145874995,38.989623858959945,5.0813454687025965,13.825986493237492
Magura,BD4055,Barishal,BD1006,False,116.4255565210691,116.4255565210691,116.4255565210691,116.4255565210691,2570446,1033115,47052083,0.0010902294319526573,189.63209345853218,4.7572520689392075,14.759589982670962
Magura,BD4055,Bhola,BD1009,False,181.3518830105799,181.3518830105799,181.3518830105799,181.3518830105799,1932518,1033115,104550903,0.0001758728357633679,58.759678261319785,5.20043924897018,14.474334373759973
Magura,BD4055,Bogura,BD5010,False,153.69244946736546,153.69244946736546,153.69244946736546,153.69244946736546,3734297,1033115,75438752,0.0006289962898091588,158.08977863729564,5.034953524206872,15.133070139288687
Magura,BD4055,Brahmanbaria,BD2012,False,177.28368959833932,177.28368959833932,177.28368959833932,177.28368959833932,3306563,1033115,101244340,0.00031633509119270345,105.20569229211061,5.177751215607348,15.011419839295048
Magura,BD4055,Chandpur,BD2013,False,137.81034078970714,137.81034078970714,137.81034078970714,137.81034078970714,2635748,1033115,67303543,0.0005614476762993585,138.78427859944054,4.925878397779338,14.784677570641602
Magura,BD4055,Chapainawabganj,BD5070,False,184.71331814505825,184.71331814505825,184.71331814505825,184.71331814505825,1835528,1033115,106483421,0.00016128999655452017,53.79780964838392,5.2188049915090176,14.422842736501666
Magura,BD4055,Chattogram,BD2015,False,269.792394262218,269.792394262218,269.792394262218,269.792394262218,9169465,1033115,138788794,0.0004547328321362568,125.97506542541325,5.59765275309542,16.031389500109725
Magura,BD4055,Chuadanga,BD4018,False,62.47662907172407,62.47662907172407,62.47662907172407,62.47662907172407,1234054,1033115,10518418,0.008632220719224513,316.1542219576732,4.134792551958871,14.025815242619684
Magura,BD4055,Cox's Bazar,BD2022,False,347.1383021844004,347.1383021844004,347.1383021844004,347.1383021844004,2823268,1033115,160821127,0.00010943151079065969,23.428637651870808,5.849723265913691,14.853405637196515
Magura,BD4055,Cumilla,BD2019,False,163.25570406044733,163.25570406044733,163.25570406044733,163.25570406044733,6212216,1033115,82121528,0.0008636389439806497,233.08258146791954,5.095317708192056,15.642028234056378
Magura,BD4055,Dhaka,BD3026,False,91.60209393137602,91.60209393137602,91.60209393137602,91.60209393137602,14734701,1033115,20368196,0.019683820444370205,1756.0243138628541,4.5174541309316485,16.50571588212586
Magura,BD4055,Dinajpur,BD5527,False,251.79775340638662,251.79775340638662,251.79775340638662,251.79775340638662,3315236,1033115,129734783,0.0001953384879660409,52.28904956211334,5.528626199435363,15.014039370621646
Magura,BD4055,Faridpur,BD3029,False,41.51897695191297,41.51897695191297,41.51897695191297,41.51897695191297,2162879,1033115,3984338,0.06202304054880049,1254.6972221558826,3.726150598667577,14.586950762547518
Magura,BD4055,Feni,BD2030,False,208.1305178609105,208.1305178609105,208.1305178609105,208.1305178609105,1648896,1033115,120232534,0.00011428805937974205,38.064640706637164,5.33816537262788,14.315616531026453
Magura,BD4055,Gaibandha,BD5532,False,206.45650881987436,206.45650881987436,206.45650881987436,206.45650881987436,2562233,1033115,117670301,0.00018389345610880553,60.11203935480753,5.330089779177697,14.756389701878161
Magura,BD4055,Gazipur,BD3033,False,126.0907693073912,126.0907693073912,126.0907693073912,126.0907693073912,5263450,1033115,62040093,0.0012615966079733815,331.05786717547846,4.837002038922698,15.476297263245858
Magura,BD4055,Gopalganj,BD3035,False,60.60872909921541,60.60872909921541,60.60872909921541,60.60872909921541,1295057,1033115,9223361,0.011292751191436072,352.5482220734591,4.104438927243359,14.07406526759114
Magura,BD4055,Habiganj,BD6036,False,227.5331739629425,227.5331739629425,227.5331739629425,227.5331739629425,2358886,1033115,124206283,0.00015249998986917578,45.56354462961658,5.427296047377688,14.673700031660417
Magura,BD4055,Jamalpur,BD4539,False,175.18956675761865,175.18956675761865,175.18956675761865,175.18956675761865,2499738,1033115,95960003,0.00026761493146447614,81.447548129694,5.165868626258878,14.731696484346525
Magura,BD4055,Jashore,BD4041,False,47.37536624328736,47.37536624328736,47.37536624328736,47.37536624328736,3076144,1033115,6147217,0.04315316317131488,1370.5708821877379,3.858102394101729,14.939187422556142
Magura,BD4055,Jhalokati,BD1042,False,123.54752061891837,123.54752061891837,123.54752061891837,123.54752061891837,661160,1033115,61378933,0.0001735169414810778,43.31501831764717,4.816625864397712,13.40175114703129
Magura,BD4055,Jhenaidah,BD4044,False,35.683484049971206,35.683484049971206,35.683484049971206,35.683484049971206,2005849,1033115,1189818,0.22044752799202447,1575.3016714118503,3.5746879500850857,14.511577970493308
Magura,BD4055,Joypurhat,BD5038,False,186.84095233130301,186.84095233130301,186.84095233130301,186.84095233130301,956431,1033115,111586575,7.725043821924643e-05,27.39740941240513,5.230257732662787,13.770963927257238
Magura,BD4055,Khagrachhari,BD2046,False,259.0505256612372,259.0505256612372,259.0505256612372,259.0505256612372,714119,1033115,135745515,3.923026218865051e-05,10.641470180283429,5.557023122447069,13.478804894101042
Magura,BD4055,Khulna,BD4047,False,108.12480876114296,108.12480876114296,108.12480876114296,108.12480876114296,2613385,1033115,41380581,0.0014137484716077976,223.53868375093722,4.683286196567408,14.776156873871212
Magura,BD4055,Kishoreganj,BD3048,False,185.1549308177231,185.1549308177231,185.1549308177231,185.1549308177231,3267626,1033115,108318949,0.0002741193529314417,95.31511556008424,5.221192938480695,14.999574285328466
Magura,BD4055,Kurigram,BD5549,False,262.5164102975979,262.5164102975979,262.5164102975979,262.5164102975979,2329160,1033115,136459634,0.00012516790053181148,33.797642601033175,5.570313595497091,14.66101824551926
Magura,BD4055,Kushtia,BD4050,False,67.85631592136176,67.85631592136176,67.85631592136176,67.85631592136176,2149692,1033115,11752472,0.011630299422594689,466.86969687853104,4.217392468483036,14.580835134027797
Magura,BD4055,Lakshmipur,BD2051,False,157.77977663974016,157.77977663974016,157.77977663974016,157.77977663974016,1937948,1033115,79173049,0.0003038831375487726,77.8465635404175,5.061200242022261,14.477140239287523
Magura,BD4055,Lalmonirhat,BD5552,False,292.0086035417123,292.0086035417123,292.0086035417123,292.0086035417123,1428406,1033115,152174274,6.228888978726325e-05,16.751757249082228,5.676783266018168,14.172069695197669
Magura,BD4055,Madaripur,BD3054,False,78.7610189444944,78.7610189444944,78.7610189444944,78.7610189444944,1293027,1033115,18369813,0.003326622474457464,208.44186077746488,4.366418191022109,14.07249653920651
Magura,BD4055,Magura,BD4055,True,0.0,17.542088022334298,1.0,16.54625730132756,1033115,1033115,0,0.5,3357.26865305156,2.864603023321543,13.848089068139739
Magura,BD4055,Manikganj,BD3056,False,68.89851160158888,68.89851160158888,68.89851160158888,68.89851160158888,1558025,1033115,16811788,0.004648808168714917,328.2122164440831,4.232634575487134,14.258929551497186
Magura,BD4055,Meherpur,BD4057,False,83.67818159050195,83.67818159050195,83.67818159050195,83.67818159050195,705356,1033115,19662840,0.0016452472842525148,100.73581327551096,4.426978269565468,13.466457918881725
Magura,BD4055,Moulvibazar,BD6058,False,277.2831805768178,277.2831805768178,277.2831805768178,277.2831805768178,2123447,1033115,147958259,9.743655188970486e-05,27.61813650228946,5.6250392965334255,14.568551269629545
Magura,BD4055,Munshiganj,BD3059,False,100.72835786906943,100.72835786906943,100.72835786906943,100.72835786906943,1625416,1033115,35102897,0.0012306216932852188,160.19945072494636,4.612427367519208,14.301274340983566
Magura,BD4055,Mymensingh,BD4561,False,172.3494932944216,172.3494932944216,172.3494932944216,172.3494932944216,5899005,1033115,90060998,0.0006897571315337343,198.5906249147127,5.149524352978405,15.590294250586142
Magura,BD4055,Naogaon,BD5064,False,176.11520502957836,176.11520502957836,176.11520502957836,176.11520502957836,2784599,1033115,98459741,0.00028270892520177094,89.77779971003913,5.171138354929708,14.839614435339252
Magura,BD4055,Narail,BD4065,False,37.890933550673125,37.890933550673125,37.890933550673125,37.890933550673125,788671,1033115,3195667,0.03840130017614252,549.31980957118,3.6347118631717787,13.57810452934276
Magura,BD4055,Narayanganj,BD3067,False,120.69830327700227,120.69830327700227,120.69830327700227,120.69830327700227,3909138,1033115,53660137,0.0012600291551986239,268.33583347449553,4.793294070647615,15.178827447298536
Magura,BD4055,Narsingdi,BD3068,False,149.86482884070023,149.86482884070023,149.86482884070023,149.86482884070023,2584452,1033115,72854300,0.00047254695802063836,115.07183179407042,5.00973374676256,14.765024051188075
Magura,BD4055,Natore,BD5069,False,110.01342871652764,110.01342871652764,110.01342871652764,110.01342871652764,1859922,1033115,43993966,0.0009101587139421881,153.67503862899733,4.700602437582512,14.436045109326196
Magura,BD4055,Netrakona,BD4572,False,213.74725506160766,213.74725506160766,213.74725506160766,213.74725506160766,2324853,1033115,121881430,0.00015602705658813074,50.88554206652747,5.364794265917372,14.659167369198306
Magura,BD4055,Nilphamari,BD5573,False,291.5276003014119,291.5276003014119,291.5276003014119,291.5276003014119,2092568,1033115,150081706,9.33773349188443e-05,24.62182409045272,5.675134685018145,14.553902577830893
Magura,BD4055,Noakhali,BD2075,False,192.01521962895282,192.01521962895282,192.01521962895282,192.01521962895282,3625442,1033115,112543006,0.00028137738771980193,98.33081865045386,5.2575746377869645,15.103486769872411
Magura,BD4055,Pabna,BD5076,False,68.00661123790205,68.00661123790205,68.00661123790205,68.00661123790205,2909624,1033115,13902164,0.011278673015673762,629.121607142417,4.219604924536946,14.8835344211774
Magura,BD4055,Panchagarh,BD5577,False,327.6548246282663,327.6548246282663,327.6548246282663,327.6548246282663,1179843,1033115,159641284,4.687077311393723e-05,10.989832817901135,5.791960690322208,13.98089193674234
Magura,BD4055,Patuakhali,BD1078,False,170.8181984730475,170.8181984730475,170.8181984730475,170.8181984730475,1727254,1033115,88333744,0.0002191987478529082,59.19539631619879,5.140599824115634,14.362043422168306
Magura,BD4055,Pirojpur,BD1079,False,116.21019261504678,116.21019261504678,116.21019261504678,116.21019261504678,1198195,1033115,45853888,0.0005490504954920242,88.72358074406466,4.75540055670735,13.996326815697198
Magura,BD4055,Rajbari,BD3082,False,34.208973440184785,34.208973440184785,34.208973440184785,34.208973440184785,1189818,1033115,0,0.5352469012786261,1016.7178565039567,3.532487990944561,13.989310912214547
Magura,BD4055,Rajshahi,BD5081,False,138.734799781867,138.734799781867,138.734799781867,138.734799781867,2915009,1033115,69939291,0.0005742864456362487,151.4499298422989,4.932564195503702,14.885383465240523
Magura,BD4055,Rangamati,BD2084,False,298.8677752758367,298.8677752758367,298.8677752758367,298.8677752758367,647586,1033115,153602680,2.786192434430743e-05,7.250021087058477,5.700001252423452,13.381006882269048
Magura,BD4055,Rangpur,BD5585,False,246.16747545403635,246.16747545403635,246.16747545403635,246.16747545403635,3169614,1033115,126565169,0.0001962497295834295,52.30521996553538,5.5060120988254955,14.9691203718778
Magura,BD4055,Satkhira,BD4087,False,121.83021782888305,121.83021782888305,121.83021782888305,121.83021782888305,2196582,1033115,57569275,0.0006369194671141013,147.991706812411,4.802628418338805,14.602413073820426
Magura,BD4055,Shariatpur,BD3086,False,101.85954978255607,101.85954978255607,101.85954978255607,101.85954978255607,1294562,1033115,36728313,0.0009068500091702181,124.77263599084121,4.623594901483566,14.073682971966935
Magura,BD4055,Sherpur,BD4589,False,193.48646719305887,193.48646719305887,193.48646719305887,193.48646719305887,1501853,1033115,116168448,0.0001115268595057843,40.116795656948106,5.2652075730373555,14.22221023700936
Magura,BD4055,Sirajganj,BD5088,False,106.80371601166085,106.80371601166085,106.80371601166085,106.80371601166085,3357706,1033115,38022875,0.002094100708876587,294.3539988081622,4.670992720037468,15.026768560672359
Magura,BD4055,Sunamganj,BD6090,False,255.4777912603572,255.4777912603572,255.4777912603572,255.4777912603572,2695496,1033115,133050019,0.0001518430634227459,41.29832009635204,5.543135483205716,14.80709278991802
Magura,BD4055,Sylhet,BD6091,False,306.64201967695107,306.64201967695107,306.64201967695107,306.64201967695107,3857123,1033115,155784161,0.000158150862865071,41.02042493062723,5.725681007526447,15.16543212675189
Magura,BD4055,Tangail,BD3093,False,116.64961570974599,116.64961570974599,116.64961570974599,116.64961570974599,4037608,1033115,49622529,0.0015056056352178533,296.7273154399289,4.759174704074923,15.2111629953813
Magura,BD4055,Thakurgaon,BD5594,False,303.82759935972416,303.82759935972416,303.82759935972416,303.82759935972416,1533895,1033115,154250266,6.507668395118024e-05,16.616562579941238,5.716460433170687,14.243320810065981
Manikganj,BD3056,Bagerhat,BD4001,False,165.31913985727937,165.31913985727937,165.31913985727937,165.31913985727937,1613076,1558025,105103600,0.00021761762320800197,59.02127072531572,5.107877786734275,14.293653473170336
Manikganj,BD3056,Bandarban,BD2003,False,335.41629181486104,335.41629181486104,335.41629181486104,335.41629181486104,481106,1558025,160296217,2.8528439247413993e-05,4.276342354026276,5.815372422493438,13.08384289902944
Manikganj,BD3056,Barguna,BD1004,False,190.14905604091928,190.14905604091928,190.14905604091928,190.14905604091928,1010531,1558025,125889696,9.616786644581081e-05,27.94867949111526,5.247808270075432,13.825986493237492
Manikganj,BD3056,Barishal,BD1006,False,121.5864815396763,121.5864815396763,121.5864815396763,121.5864815396763,2570446,1558025,79126043,0.0005961936279165715,173.87530407646156,4.800625791803338,14.759589982670962
Manikganj,BD3056,Bhola,BD1009,False,185.88175898648163,185.88175898648163,185.88175898648163,185.88175898648163,1932518,1558025,119534428,0.00020210991600390084,55.93066727902583,5.225110767193747,14.474334373759973
Manikganj,BD3056,Bogura,BD5010,False,123.41795868159085,123.41795868159085,123.41795868159085,123.41795868159085,3734297,1558025,81696489,0.0008033634944099779,245.16142545624817,4.815576633148223,15.133070139288687
Manikganj,BD3056,Brahmanbaria,BD2012,False,115.90901328673935,115.90901328673935,115.90901328673935,115.90901328673935,3306563,1558025,66339638,0.0010655912053651176,246.1174372152433,4.752805515110898,15.011419839295048
Manikganj,BD3056,Chandpur,BD2013,False,105.03327956919495,105.03327956919495,105.03327956919495,105.03327956919495,2635748,1558025,51634765,0.0013828315599193224,238.91863967494686,4.654277248218076,14.784677570641602
Manikganj,BD3056,Chapainawabganj,BD5070,False,196.42252729925536,196.42252729925536,196.42252729925536,196.42252729925536,1835528,1558025,126900227,0.00017086367539619133,47.57495919976026,5.280268090459067,14.422842736501666
Manikganj,BD3056,Chattogram,BD2015,False,247.77261980739613,247.77261980739613,247.77261980739613,247.77261980739613,9169465,1558025,144244454,0.0006322668761379528,149.3610546220419,5.512511469980447,16.031389500109725
Manikganj,BD3056,Chuadanga,BD4018,False,115.16078840077846,115.16078840077846,115.16078840077846,115.16078840077846,1234054,1558025,62029440,0.00046646371917514036,93.0518271312285,4.746329311854428,14.025815242619684
Manikganj,BD3056,Cox's Bazar,BD2022,False,340.48161434825863,340.48161434825863,340.48161434825863,340.48161434825863,2823268,1558025,160777323,0.00016406358473538489,24.353690071237857,5.830361128091372,14.853405637196515
Manikganj,BD3056,Cumilla,BD2019,False,119.37012714701235,119.37012714701235,119.37012714701235,119.37012714701235,6212216,1558025,72913827,0.0016107978043055653,435.96862403743484,4.782228978256856,15.642028234056378
Manikganj,BD3056,Dhaka,BD3026,False,31.285289215775048,31.285289215775048,31.285289215775048,31.285289215775048,14734701,1558025,0,0.9043729698762503,15054.314309942036,3.4431479939585006,16.50571588212586
Manikganj,BD3056,Dinajpur,BD5527,False,230.7035687025889,230.7035687025889,230.7035687025889,230.7035687025889,3315236,1558025,137072095,0.0002624883810413181,62.288206273047926,5.441133634078655,15.014039370621646
Manikganj,BD3056,Faridpur,BD3029,False,42.121792363985804,42.121792363985804,42.121792363985804,42.121792363985804,2162879,1558025,15924519,0.00981161800990663,1219.0416330274918,3.7405652401112395,14.586950762547518
Manikganj,BD3056,Feni,BD2030,False,176.33739529381282,176.33739529381282,176.33739529381282,176.33739529381282,1648896,1558025,115688950,0.00018428893791448992,53.02789913313523,5.172399178617573,14.315616531026453
Manikganj,BD3056,Gaibandha,BD5532,False,167.87453436728526,167.87453436728526,167.87453436728526,167.87453436728526,2562233,1558025,106716676,0.00033264541794250494,90.91781254465032,5.123216881152498,14.756389701878161
Manikganj,BD3056,Gazipur,BD3033,False,57.74465198748221,57.74465198748221,57.74465198748221,57.74465198748221,5263450,1558025,22125006,0.011962222217891711,1578.5086463761113,4.056030738836313,15.476297263245858
Manikganj,BD3056,Gopalganj,BD3035,False,82.26440726193908,82.26440726193908,82.26440726193908,82.26440726193908,1295057,1558025,42811044,0.0009958819017592737,191.36606997022642,4.409938538584905,14.07406526759114
Manikganj,BD3056,Habiganj,BD6036,False,161.19625285625213,161.19625285625213,161.19625285625213,161.19625285625213,2358886,1558025,101788283,0.00033642640982714734,90.78144029464349,5.082622584493742,14.673700031660417
Manikganj,BD3056,Jamalpur,BD4539,False,125.99464322465434,125.99464322465434,125.99464322465434,125.99464322465434,2499738,1558025,85430786,0.0005003086979090706,157.46728153993752,4.836239391957683,14.731696484346525
Manikganj,BD3056,Jashore,BD4041,False,115.2360863375991,115.2360863375991,115.2360863375991,115.2360863375991,3076144,1558025,63263494,0.0010889477792174103,231.64859003366882,4.746982948667748,14.939187422556142
Manikganj,BD3056,Jhalokati,BD1042,False,143.36014425731196,143.36014425731196,143.36014425731196,143.36014425731196,661160,1558025,92075681,0.00011667041223539361,32.16990010618712,4.965359955485265,13.40175114703129
Manikganj,BD3056,Jhenaidah,BD4044,False,96.25180319549207,96.25180319549207,96.25180319549207,96.25180319549207,2005849,1558025,49628916,0.0011477854420696538,216.51126003968065,4.566967707491024,14.511577970493308
Manikganj,BD3056,Joypurhat,BD5038,False,164.24689522287338,164.24689522287338,164.24689522287338,164.24689522287338,956431,1558025,104147169,0.00013216715532183472,35.45351558817647,5.101370754433387,13.770963927257238
Manikganj,BD3056,Khagrachhari,BD2046,False,217.7292377263283,217.7292377263283,217.7292377263283,217.7292377263283,714119,1558025,134028816,6.020444444892937e-05,15.063888205027352,5.383252262053774,13.478804894101042
Manikganj,BD3056,Khulna,BD4047,False,161.0625588159091,161.0625588159091,161.0625588159091,161.0625588159091,2613385,1558025,99174898,0.00039112125127840067,100.74284356563089,5.081792853586963,14.776156873871212
Manikganj,BD3056,Kishoreganj,BD3048,False,116.85989926554507,116.85989926554507,116.85989926554507,116.85989926554507,3267626,1558025,69646201,0.0009600831351088509,239.27720541120777,4.760975775116208,14.999574285328466
Manikganj,BD3056,Kurigram,BD5549,False,218.1484732657037,218.1484732657037,218.1484732657037,218.1484732657037,2329160,1558025,134742935,0.00019205129118189746,48.943493732053405,5.385175900992315,14.66101824551926
Manikganj,BD3056,Kushtia,BD4050,False,94.72734576619301,94.72734576619301,94.72734576619301,94.72734576619301,2149692,1558025,47479224,0.0013343365668628082,239.56617725730814,4.551002720558908,14.580835134027797
Manikganj,BD3056,Lakshmipur,BD2051,False,140.59190603885344,140.59190603885344,140.59190603885344,140.59190603885344,1937948,1558025,90137733,0.00035166980756680475,98.04410401785056,4.945861410428277,14.477140239287523
Manikganj,BD3056,Lalmonirhat,BD5552,False,257.041170492881,257.041170492881,257.041170492881,257.041170492881,1428406,1558025,153413919,9.181957669839344e-05,21.619531843764634,5.5492362685354895,14.172069695197669
Manikganj,BD3056,Madaripur,BD3054,False,72.98056986371516,72.98056986371516,72.98056986371516,72.98056986371516,1293027,1558025,40223455,0.00111938086954893,242.76892385170208,4.2901932394693905,14.07249653920651
Manikganj,BD3056,Magura,BD4055,False,68.89851160158888,68.89851160158888,68.89851160158888,68.89851160158888,1033115,1558025,35832634,0.0011203660768349998,217.63512394963425,4.232634575487134,13.848089068139739
Manikganj,BD3056,Manikganj,BD3056,True,0.0,20.452291132790837,1.0,18.969147635077306,1558025,1558025,0,0.5,3724.6930599459,3.0180949120465583,14.258929551497186
Manikganj,BD3056,Meherpur,BD4057,False,126.50841999174663,126.50841999174663,126.50841999174663,126.50841999174663,705356,1558025,87930524,0.0001361564220215948,44.07268419698494,4.840308867152054,13.466457918881725
Manikganj,BD3056,Moulvibazar,BD6058,False,211.6178242279636,211.6178242279636,211.6178242279636,211.6178242279636,2123447,1558025,128735755,0.00019175543189147275,47.41731255502859,5.354781931918405,14.568551269629545
Manikganj,BD3056,Munshiganj,BD3059,False,59.32786486248979,59.32786486248979,59.32786486248979,59.32786486248979,1625416,1558025,27388456,0.0028616781687223437,461.7927312273257,4.083079092137563,14.301274340983566
Manikganj,BD3056,Mymensingh,BD4561,False,106.76984616846309,106.76984616846309,106.76984616846309,106.76984616846309,5899005,1558025,56130435,0.0025054903199738508,517.4656549846013,4.670675547414265,15.590294250586142
Manikganj,BD3056,Naogaon,BD5064,False,168.83111731895164,168.83111731895164,168.83111731895164,168.83111731895164,2784599,1558025,109278909,0.00034450215000345817,97.69170145381882,5.128898909479118,14.839614435339252
Manikganj,BD3056,Narail,BD4065,False,87.86101052790514,87.86101052790514,87.86101052790514,87.86101052790514,788671,1558025,46690553,0.0005193494517551633,102.16531629098644,4.475756140051092,13.57810452934276
Manikganj,BD3056,Narayanganj,BD3067,False,65.33552681973212,65.33552681973212,65.33552681973212,65.33552681973212,3909138,1558025,31923496,0.004865047957690591,915.761133846979,4.179535943770231,15.178827447298536
Manikganj,BD3056,Narsingdi,BD3068,False,85.54813206862464,85.54813206862464,85.54813206862464,85.54813206862464,2584452,1558025,44106101,0.0018276087334047112,353.14040288976446,4.449079165717884,14.765024051188075
Manikganj,BD3056,Natore,BD5069,False,105.94829037853623,105.94829037853623,105.94829037853623,105.94829037853623,1859922,1558025,54270513,0.0008997543458454594,165.69401634250679,4.662951148468369,14.436045109326196
Manikganj,BD3056,Netrakona,BD4572,False,145.79635733635638,145.79635733635638,145.79635733635638,145.79635733635638,2324853,1558025,93935036,0.00038777491199758755,109.37099191137612,4.982210835286845,14.659167369198306
Manikganj,BD3056,Nilphamari,BD5573,False,263.3943531705801,263.3943531705801,263.3943531705801,263.3943531705801,2092568,1558025,155489911,0.0001304490857087684,30.16245310272502,5.573652350850753,14.553902577830893
Manikganj,BD3056,Noakhali,BD2075,False,175.4010300967954,175.4010300967954,175.4010300967954,175.4010300967954,3625442,1558025,112063508,0.00042400706448078893,117.84107142840391,5.167074952764597,15.103486769872411
Manikganj,BD3056,Pabna,BD5076,False,61.88236257897872,61.88236257897872,61.88236257897872,61.88236257897872,2909624,1558025,29013872,0.0044287761100147835,759.8066638194992,4.12523520498538,14.8835344211774
Manikganj,BD3056,Panchagarh,BD5577,False,304.6915641679514,304.6915641679514,304.6915641679514,304.6915641679514,1179843,1558025,159116374,7.068509922016625e-05,12.708765305327464,5.719299999910841,13.98089193674234
Manikganj,BD3056,Patuakhali,BD1078,False,189.47937982316927,189.47937982316927,189.47937982316927,189.47937982316927,1727254,1558025,124162442,0.00016795485785210405,48.109661135971216,5.2442802050038,14.362043422168306
Manikganj,BD3056,Pirojpur,BD1079,False,145.74842895779668,145.74842895779668,145.74842895779668,145.74842895779668,1198195,1558025,92736841,0.0002073204117081732,56.405277306603935,4.981882046152244,13.996326815697198
Manikganj,BD3056,Rajbari,BD3082,False,41.548775149187854,41.548775149187854,41.548775149187854,41.548775149187854,1189818,1558025,14734701,0.006508135299289373,689.2298593739591,3.726868041906363,13.989310912214547
Manikganj,BD3056,Rajshahi,BD5081,False,148.7541385903084,148.7541385903084,148.7541385903084,148.7541385903084,2915009,1558025,96259889,0.0004609188702520226,131.73518486437922,5.002294866494557,14.885383465240523
Manikganj,BD3056,Rangamati,BD2084,False,263.2441355354394,263.2441355354394,263.2441355354394,263.2441355354394,647586,1558025,154842325,4.1077302824809614e-05,9.345015831997246,5.573081873597624,13.381006882269048
Manikganj,BD3056,Rangpur,BD5585,False,213.30924144636086,213.30924144636086,213.30924144636086,213.30924144636086,3169614,1558025,130859202,0.0002750545080329507,69.66057161582395,5.36274295058827,14.9691203718778
Manikganj,BD3056,Satkhira,BD4087,False,182.558467747298,182.558467747298,182.558467747298,182.558467747298,2196582,1558025,117337846,0.00023770482258586836,65.90880788938482,5.207070492932717,14.602413073820426
Manikganj,BD3056,Shariatpur,BD3086,False,81.16274997712034,81.16274997712034,81.16274997712034,81.16274997712034,1294562,1558025,41516482,0.0010553503180126486,196.5211730490765,4.396456397788222,14.073682971966935
Manikganj,BD3056,Sherpur,BD4589,False,138.27628633133764,138.27628633133764,138.27628633133764,138.27628633133764,1501853,1558025,88635880,0.0002829276635580162,78.54743579482704,4.929253758541052,14.22221023700936
Manikganj,BD3056,Sirajganj,BD5088,False,70.49941117883068,70.49941117883068,70.49941117883068,70.49941117883068,3357706,1558025,36865749,0.003258616482637049,675.5720714885774,4.255604357710021,15.026768560672359
Manikganj,BD3056,Sunamganj,BD6090,False,186.58431772819802,186.58431772819802,186.58431772819802,186.58431772819802,2695496,1558025,121466946,0.0002715275224059027,77.42628361390327,5.228883242696067,14.80709278991802
Manikganj,BD3056,Sylhet,BD6091,False,238.50727468995046,238.50727468995046,238.50727468995046,238.50727468995046,3857123,1558025,140387331,0.00029037004635564884,67.80476707640784,5.4743998117078805,15.16543212675189
Manikganj,BD3056,Tangail,BD3093,False,57.19065476749141,57.19065476749141,57.19065476749141,57.19065476749141,4037608,1558025,18087398,0.013520722720189681,1234.4514516513218,4.046390506847372,15.2111629953813
Manikganj,BD3056,Thakurgaon,BD5594,False,288.3324245552732,288.3324245552732,288.3324245552732,288.3324245552732,1533895,1558025,157582479,9.346362917637715e-05,18.450522266462226,5.66411406642738,14.243320810065981
Meherpur,BD4057,Bagerhat,BD4001,False,190.35747531222066,190.35747531222066,190.35747531222066,190.35747531222066,1613076,705356,74967122,0.00019454806446651354,44.51587941216951,5.24890375346387,14.293653473170336
Meherpur,BD4057,Bandarban,BD2003,False,435.07074850472753,435.07074850472753,435.07074850472753,435.07074850472753,481106,705356,163972154,1.2477098727572488e-05,2.5416807703993416,6.075508658104947,13.08384289902944
Meherpur,BD4057,Barguna,BD1004,False,233.91979066809424,233.91979066809424,233.91979066809424,233.91979066809424,1010531,705356,104025045,6.43638635514419e-05,18.467823174256413,5.454978281674276,13.825986493237492
Meherpur,BD4057,Barishal,BD1006,False,199.50463354449144,199.50463354449144,199.50463354449144,199.50463354449144,2570446,705356,83189384,0.0002499429187591009,64.58066476711728,5.295837461847128,14.759589982670962
Meherpur,BD4057,Bhola,BD1009,False,263.18119771710496,263.18119771710496,263.18119771710496,263.18119771710496,1932518,705356,131196065,7.721757846705073e-05,27.900618427761714,5.572842759654359,14.474334373759973
Meherpur,BD4057,Bogura,BD5010,False,133.26173687898532,133.26173687898532,133.26173687898532,133.26173687898532,3734297,705356,30860635,0.002363847981424164,210.27997512737196,4.89231514081041,15.133070139288687
Meherpur,BD4057,Brahmanbaria,BD2012,False,242.27174392086715,242.27174392086715,242.27174392086715,242.27174392086715,3306563,705356,116453366,0.00016525272459874248,56.3340883841907,5.4900600049301245,15.011419839295048
Meherpur,BD4057,Chandpur,BD2013,False,218.21757748167045,218.21757748167045,218.21757748167045,218.21757748167045,2635748,705356,101389297,0.00017387473728731315,55.35086665986374,5.385492626899044,14.784677570641602
Meherpur,BD4057,Chapainawabganj,BD5070,False,111.88727500652259,111.88727500652259,111.88727500652259,111.88727500652259,1835528,705356,18373227,0.003244769524447916,146.62216238186275,4.717491891304834,14.422842736501666
Meherpur,BD4057,Chattogram,BD2015,False,353.3090366501073,353.3090366501073,353.3090366501073,353.3090366501073,9169465,705356,147474712,0.0002773940325401369,73.45722296819442,5.867343131875828,16.031389500109725
Meherpur,BD4057,Chuadanga,BD4018,False,25.14747955734389,25.14747955734389,25.14747955734389,25.14747955734389,1234054,705356,0,0.6363038243589545,1951.3952185176247,3.224757675115951,14.025815242619684
Meherpur,BD4057,Cox's Bazar,BD2022,False,429.7021543781905,429.7021543781905,429.7021543781905,429.7021543781905,2823268,705356,161148886,7.471401801857156e-05,15.290336511516292,6.063092304448135,14.853405637196515
Meherpur,BD4057,Cumilla,BD2019,False,240.36431246330238,240.36431246330238,240.36431246330238,240.36431246330238,6212216,705356,108303202,0.000348869923327722,107.52428747804419,5.482155740989343,15.642028234056378
Meherpur,BD4057,Dhaka,BD3026,False,157.05979486802661,157.05979486802661,157.05979486802661,157.05979486802661,14734701,705356,40884028,0.004436832764157151,597.3258031072263,5.056626591871933,16.50571588212586
Meherpur,BD4057,Dinajpur,BD5527,False,204.28827344019447,204.28827344019447,204.28827344019447,204.28827344019447,3315236,705356,92319995,0.0002609229074526963,79.43786690457826,5.319532101449797,15.014039370621646
Meherpur,BD4057,Faridpur,BD3029,False,120.49434634265769,120.49434634265769,120.49434634265769,120.49434634265769,2162879,705356,24355132,0.0022361927096056127,148.97002266316264,4.791602833511818,14.586950762547518
Meherpur,BD4057,Feni,BD2030,False,289.86993424767746,289.86993424767746,289.86993424767746,289.86993424767746,1648896,705356,140292754,5.782633628106943e-05,19.62397222249099,5.669432319778933,14.315616531026453
Meherpur,BD4057,Gaibandha,BD5532,False,185.78776263668175,185.78776263668175,185.78776263668175,185.78776263668175,2562233,705356,72404889,0.00032667115665194435,74.2308461169799,5.224604961114231,14.756389701878161
Meherpur,BD4057,Gazipur,BD3033,False,179.81931089384025,179.81931089384025,179.81931089384025,179.81931089384025,5263450,705356,65846877,0.000776778040797752,162.77880042128547,5.19195251834953,15.476297263245858
Meherpur,BD4057,Gopalganj,BD3035,False,143.72553174365555,143.72553174365555,143.72553174365555,143.72553174365555,1295057,705356,34594932,0.0007071200542244587,62.69328628595101,4.967905451232242,14.07406526759114
Meherpur,BD4057,Habiganj,BD6036,False,283.7180102227126,283.7180102227126,283.7180102227126,283.7180102227126,2358886,705356,137933868,8.511692150276147e-05,29.304420805830286,5.6479808231368445,14.673700031660417
Meherpur,BD4057,Jamalpur,BD4539,False,174.63032520742732,174.63032520742732,174.63032520742732,174.63032520742732,2499738,705356,61721723,0.00043501650043026747,81.97004371055608,5.162671312215537,14.731696484346525
Meherpur,BD4057,Jashore,BD4041,False,91.69813235979034,91.69813235979034,91.69813235979034,91.69813235979034,3076144,705356,15297083,0.007106941335577738,365.83536073837666,4.518502012204307,14.939187422556142
Meherpur,BD4057,Jhalokati,BD1042,False,203.05194081195276,203.05194081195276,203.05194081195276,203.05194081195276,661160,705356,91658835,5.4276269210546284e-05,16.03586092817286,5.31346181238238,13.40175114703129
Meherpur,BD4057,Jhenaidah,BD4044,False,51.48149207004251,51.48149207004251,51.48149207004251,51.48149207004251,2005849,705356,3383746,0.056768633317071805,756.8258990175585,3.941222365797472,14.511577970493308
Meherpur,BD4057,Joypurhat,BD5038,False,149.33112257493363,149.33112257493363,149.33112257493363,149.33112257493363,956431,705356,39927597,0.0003992097460683659,42.88969761907252,5.00616613945158,13.770963927257238
Meherpur,BD4057,Khagrachhari,BD2046,False,338.27131893961183,338.27131893961183,338.27131893961183,338.27131893961183,714119,705356,146760593,2.3051405650170413e-05,6.240799565286645,5.823848292232875,13.478804894101042
Meherpur,BD4057,Khulna,BD4047,False,165.4848339735476,165.4848339735476,165.4848339735476,165.4848339735476,2613385,705356,59108338,0.000493671572857293,95.430455531413,5.108879552996066,14.776156873871212
Meherpur,BD4057,Kishoreganj,BD3048,False,235.95829941676803,235.95829941676803,235.95829941676803,235.95829941676803,3267626,705356,105035576,0.00019995716897661594,58.68969168497321,5.463655092026212,14.999574285328466
Meherpur,BD4057,Kurigram,BD5549,False,243.50471187487133,243.50471187487133,243.50471187487133,243.50471187487133,2329160,705356,119759929,0.00011106240024928261,39.28118533631678,5.495136292950912,14.66101824551926
Meherpur,BD4057,Kushtia,BD4050,False,35.07256686342463,35.07256686342463,35.07256686342463,35.07256686342463,2149692,705356,1234054,0.19119962260813017,1747.5963804856615,3.557419254043491,14.580835134027797
Meherpur,BD4057,Lakshmipur,BD2051,False,241.21925064561853,241.21925064561853,241.21925064561853,241.21925064561853,1937948,705356,114515418,0.00010126166655661929,33.30567130763251,5.485706273631818,14.477140239287523
Meherpur,BD4057,Lalmonirhat,BD5552,False,257.8701942026725,257.8701942026725,257.8701942026725,257.8701942026725,1428406,705356,129767659,5.854500644374344e-05,21.48074655945125,5.552456335067194,14.172069695197669
Meherpur,BD4057,Madaripur,BD3054,False,161.87555608651203,161.87555608651203,161.87555608651203,161.87555608651203,1293027,705356,55618729,0.0002810414175895771,49.34521515058014,5.086827867731373,14.07249653920651
Meherpur,BD4057,Magura,BD4055,False,83.67818159050195,83.67818159050195,83.67818159050195,83.67818159050195,1033115,705356,13074150,0.003570191181327935,147.5448989334882,4.426978269565468,13.848089068139739
Meherpur,BD4057,Manikganj,BD3056,False,126.50841999174663,126.50841999174663,126.50841999174663,126.50841999174663,1558025,705356,29302610,0.0011601838069407132,97.34991096128402,4.840308867152054,14.258929551497186
Meherpur,BD4057,Meherpur,BD4057,True,0.0,15.14974643119444,1.0,13.75167344758498,705356,705356,0,0.5,3073.24820870584,2.717983794600421,13.466457918881725
Meherpur,BD4057,Moulvibazar,BD6058,False,334.36476574045463,334.36476574045463,334.36476574045463,334.36476574045463,2123447,705356,144637146,6.988201330971312e-05,18.993299318713404,5.812232510050513,14.568551269629545
Meherpur,BD4057,Munshiganj,BD3059,False,176.71160444319239,176.71160444319239,176.71160444319239,176.71160444319239,1625416,705356,64221461,0.00026532987431996183,52.05163675419061,5.174519050305611,14.301274340983566
Meherpur,BD4057,Mymensingh,BD4561,False,201.4618133900604,201.4618133900604,201.4618133900604,201.4618133900604,5899005,705356,85759830,0.0005210053926758876,145.3427210761733,5.305599851715265,15.590294250586142
Meherpur,BD4057,Naogaon,BD5064,False,123.0130591177953,123.0130591177953,123.0130591177953,123.0130591177953,2784599,705356,26518011,0.0024043220024291415,184.0179656946276,4.812290521425995,14.839614435339252
Meherpur,BD4057,Narail,BD4065,False,115.6777807121806,115.6777807121806,115.6777807121806,115.6777807121806,788671,705356,23566461,0.0009145604658680817,58.938078882608124,4.750808573511527,13.57810452934276
Meherpur,BD4057,Narayanganj,BD3067,False,190.56214360177376,190.56214360177376,190.56214360177376,190.56214360177376,3909138,705356,76580198,0.00043940339079292314,107.64844064519326,5.249978354503491,15.178827447298536
Meherpur,BD4057,Narsingdi,BD3068,False,211.31248485033456,211.31248485033456,211.31248485033456,211.31248485033456,2584452,705356,95635231,0.00019127636825056905,57.87861852940874,5.35333800877492,14.765024051188075
Meherpur,BD4057,Natore,BD5069,False,75.7330437614918,75.7330437614918,75.7330437614918,75.7330437614918,1859922,705356,11214228,0.007987453624487502,324.2827953079951,4.327214574599726,14.436045109326196
Meherpur,BD4057,Netrakona,BD4572,False,247.44697544924247,247.44697544924247,247.44697544924247,247.44697544924247,2324853,705356,123622984,0.00010414000267929174,37.96917826446603,5.511196318446826,14.659167369198306
Meherpur,BD4057,Nilphamari,BD5573,False,249.0382824952353,249.0382824952353,249.0382824952353,249.0382824952353,2092568,705356,127675091,8.811875710388672e-05,33.740176848578244,5.517606629607947,14.553902577830893
Meherpur,BD4057,Noakhali,BD2075,False,275.6356229232687,275.6356229232687,275.6356229232687,275.6356229232687,3625442,705356,133128583,0.0001390044431874282,47.71888333115777,5.619079786676625,15.103486769872411
Meherpur,BD4057,Pabna,BD5076,False,74.70965605836815,74.70965605836815,74.70965605836815,74.70965605836815,2909624,705356,5389595,0.03739485013732368,521.2948041390405,4.313609348287756,14.8835344211774
Meherpur,BD4057,Panchagarh,BD5577,False,277.3074385212366,277.3074385212366,277.3074385212366,277.3074385212366,1179843,705356,136754025,4.366888291148314e-05,15.34267839299555,5.625126777077087,13.98089193674234
Meherpur,BD4057,Patuakhali,BD1078,False,248.53458024331684,248.53458024331684,248.53458024331684,248.53458024331684,1727254,705356,125947837,7.49289325277981e-05,27.962922567566476,5.515581991764118,14.362043422168306
Meherpur,BD4057,Pirojpur,BD1079,False,192.15396438365943,192.15396438365943,192.15396438365943,192.15396438365943,1198195,705356,80489336,0.00012633349431414586,32.45105384789792,5.258296948511056,13.996326815697198
Meherpur,BD4057,Rajbari,BD3082,False,87.26357337662976,87.26357337662976,87.26357337662976,87.26357337662976,1189818,705356,14107265,0.003540550623420289,156.24802939663374,4.468933117769556,13.989310912214547
Meherpur,BD4057,Rajshahi,BD5081,False,74.8965297209435,74.8965297209435,74.8965297209435,74.8965297209435,2915009,705356,8299219,0.019156843294112567,519.6566737174854,4.316107557286168,14.885383465240523
Meherpur,BD4057,Rangamati,BD2084,False,380.2167998496147,380.2167998496147,380.2167998496147,380.2167998496147,647586,705356,160501300,1.750647712993371e-05,4.479554727768572,5.940741615952433,13.381006882269048
Meherpur,BD4057,Rangpur,BD5585,False,213.16159888085198,213.16159888085198,213.16159888085198,213.16159888085198,3169614,705356,98219683,0.0002213632456557192,69.75710333050597,5.3620505582488835,14.9691203718778
Meherpur,BD4057,Satkhira,BD4087,False,163.0240791801887,163.0240791801887,163.0240791801887,163.0240791801887,2196582,705356,56911756,0.0004495765754824115,82.65019998817743,5.093897914928327,14.602413073820426
Meherpur,BD4057,Shariatpur,BD3086,False,183.7956448428107,183.7956448428107,183.7956448428107,183.7956448428107,1294562,705356,71110327,0.00017391365615945166,38.32237552118276,5.213824514552773,14.073682971966935
Meherpur,BD4057,Sherpur,BD4589,False,199.18701513687282,199.18701513687282,199.18701513687282,199.18701513687282,1501853,705356,81687531,0.00015325383051809766,37.853442280406554,5.294244157970001,14.22221023700936
Meherpur,BD4057,Sirajganj,BD5088,False,112.35116093279936,112.35116093279936,112.35116093279936,112.35116093279936,3357706,705356,20208755,0.004665619677571779,266.0036145321185,4.721629331758185,15.026768560672359
Meherpur,BD4057,Sunamganj,BD6090,False,296.0336527316301,296.0336527316301,296.0336527316301,296.0336527316301,2695496,705356,141941650,9.170473575971157e-05,30.75788889784956,5.690473139522566,14.80709278991802
Meherpur,BD4057,Sylhet,BD6091,False,355.0345119280579,355.0345119280579,355.0345119280579,355.0345119280579,3857123,705356,156644177,0.00010725645178760532,30.60006471587649,5.872215001448933,15.16543212675189
Meherpur,BD4057,Tangail,BD3093,False,145.25187825762794,145.25187825762794,145.25187825762794,145.25187825762794,4037608,705356,35889989,0.0019152624122614052,191.37298821824822,4.978469326854113,15.2111629953813
Meherpur,BD4057,Thakurgaon,BD5594,False,246.9427606836639,246.9427606836639,246.9427606836639,246.9427606836639,1533895,705356,122089089,7.08688101251145e-05,25.153767003137787,5.509156571649731,14.243320810065981
Moulvibazar,BD6058,Bagerhat,BD4001,False,323.0397248343803,323.0397248343803,323.0397248343803,323.0397248343803,1613076,2123447,138977369,0.00017009849847074158,15.457632087874874,5.7777753027637075,14.293653473170336
Moulvibazar,BD6058,Bandarban,BD2003,False,300.7728687692431,300.7728687692431,300.7728687692431,300.7728687692431,481106,2123447,128190734,5.993747243577549e-05,5.318185197335011,5.706355391096937,13.08384289902944
Moulvibazar,BD6058,Barguna,BD1004,False,318.19745978050605,318.19745978050605,318.19745978050605,318.19745978050605,1010531,2123447,130677689,0.00012075226769969891,9.98059020822532,5.7626721327810175,13.825986493237492
Moulvibazar,BD6058,Barishal,BD1006,False,245.21947203991834,245.21947203991834,245.21947203991834,245.21947203991834,2570446,2123447,96123527,0.0005510552546942652,42.74630483670928,5.502153613796126,14.759589982670962
Moulvibazar,BD6058,Bhola,BD1009,False,267.2456499423026,267.2456499423026,267.2456499423026,267.2456499423026,1932518,2123447,112714162,0.0003060194845623762,27.058409072803993,5.588168272662494,14.474334373759973
Moulvibazar,BD6058,Bogura,BD5010,False,259.1821060939312,259.1821060939312,259.1821060939312,259.1821060939312,3734297,2123447,101178848,0.000717146756468945,55.59027552673728,5.557530926963647,15.133070139288687
Moulvibazar,BD6058,Brahmanbaria,BD2012,False,102.7440545755922,102.7440545755922,102.7440545755922,102.7440545755922,3306563,2123447,12179131,0.0278782643325649,313.2300366300656,4.632240988690947,15.011419839295048
Moulvibazar,BD6058,Chandpur,BD2013,False,177.61424262196311,177.61424262196311,177.61424262196311,177.61424262196311,2635748,2123447,44041823,0.0024842828993991064,83.5503568451492,5.179614022286113,14.784677570641602
Moulvibazar,BD6058,Chapainawabganj,BD5070,False,370.07247588466197,370.07247588466197,370.07247588466197,370.07247588466197,1835528,2123447,158485903,0.00014939139847622057,13.40255019689438,5.913698867225494,14.422842736501666
Moulvibazar,BD6058,Chattogram,BD2015,False,226.6724235427195,226.6724235427195,226.6724235427195,226.6724235427195,9169465,2123447,80140450,0.0025886387907368934,178.46235556503456,5.423505907162106,16.031389500109725
Moulvibazar,BD6058,Chuadanga,BD4018,False,326.2203426904975,326.2203426904975,326.2203426904975,326.2203426904975,1234054,2123447,140590445,0.00012755687395081837,11.596103550559475,5.787573050874259,14.025815242619684
Moulvibazar,BD6058,Cox's Bazar,BD2022,False,333.55645732039375,333.55645732039375,333.55645732039375,333.55645732039375,2823268,2123447,144739508,0.0002727089800287659,25.375429428390376,5.80981213834572,14.853405637196515
Moulvibazar,BD6058,Cumilla,BD2019,False,146.58167237119434,146.58167237119434,146.58167237119434,146.58167237119434,6212216,2123447,21109118,0.01928335000849377,289.1260368313184,4.9875827637053325,15.642028234056378
Moulvibazar,BD6058,Dhaka,BD3026,False,185.6823886123577,185.6823886123577,185.6823886123577,185.6823886123577,14734701,2123447,48302987,0.009522168351230806,427.3659321098568,5.224037626017205,16.50571588212586
Moulvibazar,BD6058,Dinajpur,BD5527,False,340.05644339365523,340.05644339365523,340.05644339365523,340.05644339365523,3315236,2123447,150881517,0.0002943304892982677,28.668992642761616,5.829111613813414,15.014039370621646
Moulvibazar,BD6058,Faridpur,BD3029,False,238.54894341924143,238.54894341924143,238.54894341924143,238.54894341924143,2162879,2123447,93960648,0.00048652253700089224,38.00819357969114,5.474574502772854,14.586950762547518
Moulvibazar,BD6058,Feni,BD2030,False,172.45160170035118,172.45160170035118,172.45160170035118,172.45160170035118,1648896,2123447,42392927,0.001703725124302674,55.44454192188296,5.150116627251293,14.315616531026453
Moulvibazar,BD6058,Gaibandha,BD5532,False,259.5111927715597,259.5111927715597,259.5111927715597,259.5111927715597,2562233,2123447,104913145,0.0004637905282620066,38.04577478528889,5.55879983374345,14.756389701878161
Moulvibazar,BD6058,Gazipur,BD3033,False,154.95984101933297,154.95984101933297,154.95984101933297,154.95984101933297,5263450,2123447,33220339,0.007787452828169225,219.19577427431494,5.043165993151731,15.476297263245858
Moulvibazar,BD6058,Gopalganj,BD3035,False,255.8044594440615,255.8044594440615,255.8044594440615,255.8044594440615,1295057,2123447,99883791,0.0002609692580098243,19.791224313463257,5.544413322315933,14.07406526759114
Moulvibazar,BD6058,Habiganj,BD6036,False,50.67115031929862,50.67115031929862,50.67115031929862,50.67115031929862,2358886,2123447,3857123,0.10043106751299836,918.724769927479,3.925356721406931,14.673700031660417
Moulvibazar,BD6058,Jamalpur,BD4539,False,216.03858127524353,216.03858127524353,216.03858127524353,216.03858127524353,2499738,2123447,77640712,0.0008089447268563318,53.558925919891884,5.375457008749062,14.731696484346525
Moulvibazar,BD6058,Jashore,BD4041,False,318.85777120090177,318.85777120090177,318.85777120090177,318.85777120090177,3076144,2123447,131688220,0.00035660655973600416,30.256079286794595,5.764745145056094,14.939187422556142
Moulvibazar,BD6058,Jhalokati,BD1042,False,275.94867590493436,275.94867590493436,275.94867590493436,275.94867590493436,661160,2123447,114646680,0.0001023840779722734,8.682602960104866,5.620214891558849,13.40175114703129
Moulvibazar,BD6058,Jhenaidah,BD4044,False,307.70203088188333,307.70203088188333,307.70203088188333,307.70203088188333,2005849,2123447,128671840,0.0002452142908220246,21.185441105953817,5.729131882507331,14.511577970493308
Moulvibazar,BD6058,Joypurhat,BD5038,False,293.9286178694861,293.9286178694861,293.9286178694861,293.9286178694861,956431,2123447,120187743,0.00013470380511327934,11.070567878372136,5.683336941496581,13.770963927257238
Moulvibazar,BD6058,Khagrachhari,BD2046,False,146.39018197136363,146.39018197136363,146.39018197136363,146.39018197136363,714119,2123447,20394999,0.0028985209016642627,33.32319901749627,4.986275536241251,13.478804894101042
Moulvibazar,BD6058,Khulna,BD4047,False,336.53357045599824,336.53357045599824,336.53357045599824,336.53357045599824,2613385,2123447,148268132,0.00024116583309138545,23.07526024218324,5.818697907722389,14.776156873871212
Moulvibazar,BD6058,Kishoreganj,BD3048,False,99.18366556134939,99.18366556134939,99.18366556134939,99.18366556134939,3267626,2123447,8911505,0.04396316953509833,332.16359621138275,4.596973339052659,14.999574285328466
Moulvibazar,BD6058,Kurigram,BD5549,False,266.907700081199,266.907700081199,266.907700081199,266.907700081199,2329160,2123447,110385002,0.0003827995949191983,32.69468195753373,5.586902906055016,14.66101824551926
Moulvibazar,BD6058,Kushtia,BD4050,False,299.92682330827597,299.92682330827597,299.92682330827597,299.92682330827597,2149692,2123447,126041042,0.00027331173352728355,23.897123327679047,5.7035385225965705,14.580835134027797
Moulvibazar,BD6058,Lakshmipur,BD2051,False,206.98958950580172,206.98958950580172,206.98958950580172,206.98958950580172,1937948,2123447,70519297,0.0007595649147116671,45.231929384759255,5.332668499758168,14.477140239287523
Moulvibazar,BD6058,Lalmonirhat,BD5552,False,321.81162905847395,321.81162905847395,321.81162905847395,321.81162905847395,1428406,2123447,134764364,0.00016019730679050633,13.792665320024518,5.77396637143944,14.172069695197669
Moulvibazar,BD6058,Madaripur,BD3054,False,226.68665572124587,226.68665572124587,226.68665572124587,226.68665572124587,1293027,2123447,89309915,0.00032384782354092,25.16260978427761,5.423568692619294,14.07249653920651
Moulvibazar,BD6058,Magura,BD4055,False,277.2831805768178,277.2831805768178,277.2831805768178,277.2831805768178,1033115,2123447,115307840,0.00015769517515039355,13.43697822105415,5.6250392965334255,13.848089068139739
Moulvibazar,BD6058,Manikganj,BD3056,False,211.6178242279636,211.6178242279636,211.6178242279636,211.6178242279636,1558025,2123447,72457245,0.000582617982243182,34.791241972862245,5.354781931918405,14.258929551497186
Moulvibazar,BD6058,Meherpur,BD4057,False,334.36476574045463,334.36476574045463,334.36476574045463,334.36476574045463,705356,2123447,147562776,6.653412372865594e-05,6.309099136569178,5.812232510050513,13.466457918881725
Moulvibazar,BD6058,Moulvibazar,BD6058,True,0.0,31.090901750748188,1.0,26.54851437528964,2123447,2123447,0,0.5,2196.720429526,3.43691522817716,14.568551269629545
Moulvibazar,BD6058,Munshiganj,BD3059,False,185.53983107574436,185.53983107574436,185.53983107574436,185.53983107574436,1625416,2123447,46677571,0.001402551501087974,47.21611139337881,5.223269581778146,14.301274340983566
Moulvibazar,BD6058,Mymensingh,BD4561,False,152.28117821473415,152.28117821473415,152.28117821473415,152.28117821473415,5899005,2123447,27321334,0.012036460432080235,254.38195905761108,5.025728668644426,15.590294250586142
Moulvibazar,BD6058,Naogaon,BD5064,False,323.0113158002388,323.0113158002388,323.0113158002388,323.0113158002388,2784599,2123447,136192770,0.0003029712794287731,26.688685812225728,5.777687356046272,14.839614435339252
Moulvibazar,BD6058,Narail,BD4065,False,281.0328540845514,281.0328540845514,281.0328540845514,281.0328540845514,788671,2123447,116340955,0.00011854407493453276,9.985772874657714,5.638471580949678,13.57810452934276
Moulvibazar,BD6058,Narayanganj,BD3067,False,159.73475492566214,159.73475492566214,159.73475492566214,159.73475492566214,3909138,2123447,38483789,0.00459197183774844,153.20825375512166,5.073514657878557,15.178827447298536
Moulvibazar,BD6058,Narsingdi,BD3068,False,127.4228554815308,127.4228554815308,127.4228554815308,127.4228554815308,2584452,2123447,17810547,0.012225796330606336,159.17461359058254,4.84751112643199,14.765024051188075
Moulvibazar,BD6058,Natore,BD5069,False,286.56769629575393,286.56769629575393,286.56769629575393,286.56769629575393,1859922,2123447,117129626,0.00027344868185341106,22.648542891284116,5.657974795488574,14.436045109326196
Moulvibazar,BD6058,Netrakona,BD4572,False,116.57085655663238,116.57085655663238,116.57085655663238,116.57085655663238,2324853,2123447,15485694,0.014063856592529272,171.08641357160698,4.758499298907081,14.659167369198306
Moulvibazar,BD6058,Nilphamari,BD5573,False,345.8934477748325,345.8934477748325,345.8934477748325,345.8934477748325,2092568,2123447,154196753,0.00017943853745714666,17.49020537501788,5.84613077322203,14.553902577830893
Moulvibazar,BD6058,Noakhali,BD2075,False,214.39154615991487,214.39154615991487,214.39154615991487,214.39154615991487,3625442,2123447,74015270,0.0012676198827421812,78.87613995872523,5.367803998194978,15.103486769872411
Moulvibazar,BD6058,Pabna,BD5076,False,260.829273217441,260.829273217441,260.829273217441,260.829273217441,2909624,2123447,107475378,0.0005010571458447448,42.76851862543829,5.563866067685525,14.8835344211774
Moulvibazar,BD6058,Panchagarh,BD5577,False,390.9343231114181,390.9343231114181,390.9343231114181,390.9343231114181,1179843,2123447,160321431,9.425636878688734e-05,7.719987834190034,5.968539574294509,13.98089193674234
Moulvibazar,BD6058,Patuakhali,BD1078,False,297.9591664286839,297.9591664286839,297.9591664286839,297.9591664286839,1727254,2123447,121144174,0.00023804354642191183,19.45551385833273,5.696956451709465,14.362043422168306
Moulvibazar,BD6058,Pirojpur,BD1079,False,291.9980555846914,291.9980555846914,291.9980555846914,291.9980555846914,1198195,2123447,118989548,0.00017175603001134225,14.052952683620822,5.676747143289575,13.996326815697198
Moulvibazar,BD6058,Rajbari,BD3082,False,253.14774838242138,253.14774838242138,253.14774838242138,253.14774838242138,1189818,2123447,98693973,0.000245671847988835,18.56660068082126,5.5339733039754995,13.989310912214547
Moulvibazar,BD6058,Rajshahi,BD5081,False,330.3225519245906,330.3225519245906,330.3225519245906,330.3225519245906,2915009,2123447,141824499,0.00029279495617715143,26.715508805596006,5.8000696071613085,14.885383465240523
Moulvibazar,BD6058,Rangamati,BD2084,False,187.2316797590904,187.2316797590904,187.2316797590904,187.2316797590904,647586,2123447,63037688,0.00032067624260575,18.473057585535035,5.232346779208119,13.381006882269048
Moulvibazar,BD6058,Rangpur,BD5585,False,299.48076301473395,299.48076301473395,299.48076301473395,299.48076301473395,3169614,2123447,122871428,0.0004201340545475659,35.340160255619175,5.702050185157869,14.9691203718778
Moulvibazar,BD6058,Satkhira,BD4087,False,367.1325499217708,367.1325499217708,367.1325499217708,367.1325499217708,2196582,2123447,156289321,0.00018332759412527684,16.29677385515528,5.905722954296829,14.602413073820426
Moulvibazar,BD6058,Shariatpur,BD3086,False,205.62456024498746,205.62456024498746,205.62456024498746,205.62456024498746,1294562,2123447,69224735,0.0005303824293485604,30.617722445253065,5.326051982891149,14.073682971966935
Moulvibazar,BD6058,Sherpur,BD4589,False,197.52810534871657,197.52810534871657,197.52810534871657,197.52810534871657,1501853,2123447,67722882,0.0006399445655400119,38.491924938962676,5.285880879779822,14.22221023700936
Moulvibazar,BD6058,Sirajganj,BD5088,False,234.6336135327996,234.6336135327996,234.6336135327996,234.6336135327996,3357706,2123447,90602942,0.0008002565563543246,60.99050207605083,5.4580252061467105,15.026768560672359
Moulvibazar,BD6058,Sunamganj,BD6090,False,76.82870825635847,76.82870825635847,76.82870825635847,76.82870825635847,2695496,2123447,6216009,0.06219735945005493,456.65858753290536,4.34157837572712,14.80709278991802
Moulvibazar,BD6058,Sylhet,BD6091,False,49.330641857932854,49.330641857932854,49.330641857932854,49.330641857932854,3857123,2123447,0,0.6449423717137329,1585.0025155438504,3.898545426673928,15.16543212675189
Moulvibazar,BD6058,Tangail,BD3093,False,194.55921259279359,194.55921259279359,194.55921259279359,194.55921259279359,4037608,2123447,63685274,0.0018652564151770616,106.66465974705905,5.270736551651981,15.2111629953813
Moulvibazar,BD6058,Thakurgaon,BD5594,False,396.36152866396844,396.36152866396844,396.36152866396844,396.36152866396844,1533895,2123447,161501274,0.00012052770956498055,9.763659883388463,5.982326745939666,14.243320810065981
Munshiganj,BD3059,Bagerhat,BD4001,False,146.07350451921005,146.07350451921005,146.07350451921005,146.07350451921005,1613076,1625416,89748475,0.00030858524665431357,75.59828304738174,4.984109950628109,14.293653473170336
Munshiganj,BD3059,Bandarban,BD2003,False,276.41771686272864,276.41771686272864,276.41771686272864,276.41771686272864,481106,1625416,150678878,3.3605572645533546e-05,6.29664229379976,5.621913188474338,13.08384289902944
Munshiganj,BD3059,Barguna,BD1004,False,156.93873349139696,156.93873349139696,156.93873349139696,156.93873349139696,1010531,1625416,100176735,0.00015693164549438488,41.02885090880487,5.0558554966489035,13.825986493237492
Munshiganj,BD3059,Barishal,BD1006,False,79.80262800597588,79.80262800597588,79.80262800597588,79.80262800597588,2570446,1625416,42943255,0.0019886661797196255,403.6213193418766,4.379556436319216,14.759589982670962
Munshiganj,BD3059,Bhola,BD1009,False,136.22844946623533,136.22844946623533,136.22844946623533,136.22844946623533,1932518,1625416,85457071,0.00040522295015446195,104.13288977899454,4.914333251978156,14.474334373759973
Munshiganj,BD3059,Bogura,BD5010,False,178.7502959553635,178.7502959553635,178.7502959553635,178.7502959553635,3734297,1625416,109702308,0.0004738469155101323,116.87330265372431,5.185989837267088,15.133070139288687
Munshiganj,BD3059,Brahmanbaria,BD2012,False,82.79584054830305,82.79584054830305,82.79584054830305,82.79584054830305,3306563,1625416,45513701,0.002260142950326442,482.3472010600711,4.4163778252055215,15.011419839295048
Munshiganj,BD3059,Chandpur,BD2013,False,45.70990192781261,45.70990192781261,45.70990192781261,45.70990192781261,2635748,1625416,21231428,0.0073525528792627885,1261.48853167776,3.8223149468111086,14.784677570641602
Munshiganj,BD3059,Chapainawabganj,BD5070,False,255.44834511965868,255.44834511965868,255.44834511965868,255.44834511965868,1835528,1625416,143344576,0.00014018612901616677,28.12903456901302,5.543020217461279,14.422842736501666
Munshiganj,BD3059,Chattogram,BD2015,False,188.49499586653494,188.49499586653494,188.49499586653494,188.49499586653494,9169465,1625416,120452130,0.0009302149509443588,258.0740556900694,5.239071459408549,16.031389500109725
Munshiganj,BD3059,Chuadanga,BD4018,False,160.20752969755065,160.20752969755065,160.20752969755065,160.20752969755065,1234054,1625416,101187266,0.00018750961641732193,48.08042703011764,5.076470035387076,14.025815242619684
Munshiganj,BD3059,Cox's Bazar,BD2022,False,283.12966510368216,283.12966510368216,283.12966510368216,283.12966510368216,2823268,1625416,151159984,0.0001930194151839085,35.219351519500634,5.64590497328895,14.853405637196515
Munshiganj,BD3059,Cumilla,BD2019,False,63.66396910913829,63.66396910913829,63.66396910913829,63.66396910913829,6212216,1625416,27588080,0.009756834947255176,1532.70694639118,4.153618768467351,15.642028234056378
Munshiganj,BD3059,Dhaka,BD3026,False,33.635125445939394,33.635125445939394,33.635125445939394,33.635125445939394,14734701,1625416,5203700,0.16263564284158671,13024.324974892997,3.515570921095689,16.50571588212586
Munshiganj,BD3059,Dinajpur,BD5527,False,286.2118228819204,286.2118228819204,286.2118228819204,286.2118228819204,3315236,1625416,153983252,0.00021789936767534494,40.47056899098181,5.656732176129081,15.014039370621646
Munshiganj,BD3059,Faridpur,BD3029,False,59.20962683108747,59.20962683108747,59.20962683108747,59.20962683108747,2162879,1625416,23867176,0.00498656747274169,616.9466012836183,4.081084144059502,14.586950762547518
Munshiganj,BD3059,Feni,BD2030,False,117.30104398129886,117.30104398129886,117.30104398129886,117.30104398129886,1648896,1625416,61736210,0.0006506505901718609,119.83660855504702,4.764743655716148,14.315616531026453
Munshiganj,BD3059,Gaibandha,BD5532,False,217.67462990015048,217.67462990015048,217.67462990015048,217.67462990015048,2562233,1625416,133184190,0.00022488712853516282,54.07580470112156,5.38300142447274,14.756389701878161
Munshiganj,BD3059,Gazipur,BD3033,False,63.74113275984857,63.74113275984857,63.74113275984857,63.74113275984857,5263450,1625416,33800296,0.0059352319917281415,1295.480700357196,4.154830080400913,15.476297263245858
Munshiganj,BD3059,Gopalganj,BD3035,False,70.5603729634626,70.5603729634626,70.5603729634626,70.5603729634626,1295057,1625416,41648198,0.0010914417520743098,260.11604872770187,4.256468697447925,14.07406526759114
Munshiganj,BD3059,Habiganj,BD6036,False,139.1803581490852,139.1803581490852,139.1803581490852,139.1803581490852,2358886,1625416,87389589,0.0004713962721614591,121.77301344965194,4.935770632693212,14.673700031660417
Munshiganj,BD3059,Jamalpur,BD4539,False,171.0340864522552,171.0340864522552,171.0340864522552,171.0340864522552,2499738,1625416,104995361,0.0003492293797147761,85.45336077638869,5.1418628726159845,14.731696484346525
Munshiganj,BD3059,Jashore,BD4041,False,135.84014558131148,135.84014558131148,135.84014558131148,135.84014558131148,3076144,1625416,82380927,0.0006834839007646117,166.70567527327202,4.91147879427412,14.939187422556142
Munshiganj,BD3059,Jhalokati,BD1042,False,108.61937918144355,108.61937918144355,108.61937918144355,108.61937918144355,661160,1625416,61075050,0.0002705042041112669,56.03920151409866,4.687849837081652,13.40175114703129
Munshiganj,BD3059,Jhenaidah,BD4044,False,135.65544059479873,135.65544059479873,135.65544059479873,135.65544059479873,2005849,1625416,80375078,0.0004732975090602956,108.99932381838298,4.910118145892239,14.511577970493308
Munshiganj,BD3059,Joypurhat,BD5038,False,220.5532898338421,220.5532898338421,220.5532898338421,220.5532898338421,956431,1625416,135746423,8.18105885283597e-05,19.66194892674761,5.396139342938643,13.770963927257238
Munshiganj,BD3059,Khagrachhari,BD2046,False,161.76715009509118,161.76715009509118,161.76715009509118,161.76715009509118,714119,1625416,102421320,0.00010648970493377187,27.28914439121108,5.0861579561689965,13.478804894101042
Munshiganj,BD3059,Khulna,BD4047,False,153.63686545403402,153.63686545403402,153.63686545403402,153.63686545403402,2613385,1625416,95238497,0.00044084095533079365,110.71654329111502,5.034591801382275,14.776156873871212
Munshiganj,BD3059,Kishoreganj,BD3048,False,108.58157836727756,108.58157836727756,108.58157836727756,108.58157836727756,3267626,1625416,57807424,0.0014252781305199589,277.15329251385543,4.687501764817384,14.999574285328466
Munshiganj,BD3059,Kurigram,BD5549,False,262.3700465535688,262.3700465535688,262.3700465535688,262.3700465535688,2329160,1625416,145180104,0.0001729190421620857,33.83536130675689,5.569755898700338,14.66101824551926
Munshiganj,BD3059,Kushtia,BD4050,False,148.7521877055587,148.7521877055587,148.7521877055587,148.7521877055587,2149692,1625416,93088805,0.0003808584274214974,97.15150146880191,5.002281751581848,14.580835134027797
Munshiganj,BD3059,Lakshmipur,BD2051,False,83.53557033068904,83.53557033068904,83.53557033068904,83.53557033068904,1937948,1625416,48820264,0.0011920297540332755,277.7149347494052,4.425272533132285,14.477140239287523
Munshiganj,BD3059,Lalmonirhat,BD5552,False,306.31068023649027,306.31068023649027,306.31068023649027,306.31068023649027,1428406,1625416,157298488,9.110700089083341e-05,15.223951308315192,5.724599881779612,14.172069695197669
Munshiganj,BD3059,Madaripur,BD3054,False,42.81706760709549,42.81706760709549,42.81706760709549,42.81706760709549,1293027,1625416,19938401,0.004264127896759777,705.2997863388257,3.756936798964504,14.07249653920651
Munshiganj,BD3059,Magura,BD4055,False,100.72835786906943,100.72835786906943,100.72835786906943,100.72835786906943,1033115,1625416,52736701,0.0005576278439181434,101.82282907003682,4.612427367519208,13.848089068139739
Munshiganj,BD3059,Manikganj,BD3056,False,59.32786486248979,59.32786486248979,59.32786486248979,59.32786486248979,1558025,1625416,26030055,0.0031345439301537457,442.64644870633373,4.083079092137563,14.258929551497186
Munshiganj,BD3059,Meherpur,BD4057,False,176.71160444319239,176.71160444319239,176.71160444319239,176.71160444319239,705356,1625416,108996952,9.309505529775366e-05,22.588023185688385,5.174519050305611,13.466457918881725
Munshiganj,BD3059,Moulvibazar,BD6058,False,185.53983107574436,185.53983107574436,185.53983107574436,185.53983107574436,2123447,1625416,118328683,0.0002356975524265144,61.683230686750996,5.223269581778146,14.568551269629545
Munshiganj,BD3059,Munshiganj,BD3059,True,0.0,18.361164764992193,1.0,15.608442230623805,1625416,1625416,0,0.5,4821.299101705827,2.9102378235391417,14.301274340983566
Munshiganj,BD3059,Mymensingh,BD4561,False,130.4753601058627,130.4753601058627,130.4753601058627,130.4753601058627,5899005,1625416,74476073,0.0015365039171001207,346.5147740297733,4.871184397486294,15.590294250586142
Munshiganj,BD3059,Naogaon,BD5064,False,227.75418467808535,227.75418467808535,227.75418467808535,227.75418467808535,2784599,1625416,140559977,0.00021958066482316325,53.68215383172696,5.428266909969447,14.839614435339252
Munshiganj,BD3059,Narail,BD4065,False,96.1306601163532,96.1306601163532,96.1306601163532,96.1306601163532,788671,1625416,51948030,0.0004401639384425003,85.34380912056766,4.565708308967215,13.57810452934276
Munshiganj,BD3059,Narayanganj,BD3067,False,27.390430520418704,27.390430520418704,27.390430520418704,27.390430520418704,3909138,1625416,0,0.7063149081208712,5210.546609391631,3.3101937013120533,15.178827447298536
Munshiganj,BD3059,Narsingdi,BD3068,False,64.1871839287444,64.1871839287444,64.1871839287444,64.1871839287444,2584452,1625416,39063746,0.0023857838183162306,627.2949998782153,4.161803563489614,14.765024051188075
Munshiganj,BD3059,Natore,BD5069,False,165.25121931619802,165.25121931619802,165.25121931619802,165.25121931619802,1859922,1625416,103135439,0.0002706564521165726,68.1091383753305,5.107466857319993,14.436045109326196
Munshiganj,BD3059,Netrakona,BD4572,False,155.71228819914057,155.71228819914057,155.71228819914057,155.71228819914057,2324853,1625416,97851882,0.0003731462602173118,95.88479063144429,5.048009998006682,14.659167369198306
Munshiganj,BD3059,Nilphamari,BD5573,False,315.85620972955684,315.85620972955684,315.85620972955684,315.85620972955684,2092568,1625416,158726894,0.00013057585168982705,20.974940649727653,5.755287077526805,14.553902577830893
Munshiganj,BD3059,Noakhali,BD2075,False,117.44587234311545,117.44587234311545,117.44587234311545,117.44587234311545,3625442,1625416,63385106,0.0013206571931176885,262.8363609442276,4.765977566537725,15.103486769872411
Munshiganj,BD3059,Pabna,BD5076,False,120.26614764562387,120.26614764562387,120.26614764562387,120.26614764562387,2909624,1625416,68208743,0.0009309741255896783,201.16391099513947,4.78970718392588,14.8835344211774
Munshiganj,BD3059,Panchagarh,BD5577,False,358.6617650997128,358.6617650997128,358.6617650997128,358.6617650997128,1179843,1625416,162353357,7.081086235406814e-05,9.171789046278688,5.882379785881371,13.98089193674234
Munshiganj,BD3059,Patuakhali,BD1078,False,148.44531896928845,148.44531896928845,148.44531896928845,148.44531896928845,1727254,1625416,91361551,0.00031877441951054633,78.38323664276739,5.000216668003195,14.362043422168306
Munshiganj,BD3059,Pirojpur,BD1079,False,118.53141986588716,118.53141986588716,118.53141986588716,118.53141986588716,1198195,1625416,67010548,0.00040632391868808767,85.28261910196423,4.775178071977623,13.996326815697198
Munshiganj,BD3059,Rajbari,BD3082,False,90.02404020676346,90.02404020676346,90.02404020676346,90.02404020676346,1189818,1625416,50758212,0.0006891280209189202,146.8126693710415,4.500076748070313,13.989310912214547
Munshiganj,BD3059,Rajshahi,BD5081,False,207.60986608585344,207.60986608585344,207.60986608585344,207.60986608585344,2915009,1625416,130269181,0.00026647507050506827,67.63070635386538,5.335660674660811,14.885383465240523
Munshiganj,BD3059,Rangamati,BD2084,False,205.47990037262676,205.47990037262676,205.47990037262676,205.47990037262676,647586,1625416,129621595,6.080587675012992e-05,15.33764771215484,5.325348220747026,13.381006882269048
Munshiganj,BD3059,Rangpur,BD5585,False,264.6222035020954,264.6222035020954,264.6222035020954,264.6222035020954,3169614,1625416,147509264,0.0002268193556858202,45.26409207039987,5.578303161622507,14.9691203718778
Munshiganj,BD3059,Satkhira,BD4087,False,182.64540281118232,182.64540281118232,182.64540281118232,182.64540281118232,2196582,1625416,113436605,0.0002646276604435509,65.84608062976451,5.207546583535993,14.602413073820426
Munshiganj,BD3059,Shariatpur,BD3086,False,30.968185556461233,30.968185556461233,30.968185556461233,30.968185556461233,1294562,1625416,3909138,0.05567244133987895,1349.8680983015504,3.4329604051348572,14.073682971966935
Munshiganj,BD3059,Sherpur,BD4589,False,176.52896917395813,176.52896917395813,176.52896917395813,176.52896917395813,1501853,1625416,107495099,0.00020222861106521377,48.19427550776727,5.173484994202497,14.22221023700936
Munshiganj,BD3059,Sirajganj,BD5088,False,127.17034347006373,127.17034347006373,127.17034347006373,127.17034347006373,3357706,1625416,71118367,0.000985866615742512,207.62085645555726,4.845527474902356,15.026768560672359
Munshiganj,BD3059,Sunamganj,BD6090,False,183.16102577775047,183.16102577775047,183.16102577775047,183.16102577775047,2695496,1625416,115633187,0.00031148950127720537,80.34753500389756,5.210365688219546,14.80709278991802
Munshiganj,BD3059,Sylhet,BD6091,False,222.15891067211157,222.15891067211157,222.15891067211157,222.15891067211157,3857123,1625416,136702854,0.00031875873203409533,78.15126530627619,5.4033929396380875,15.16543212675189
Munshiganj,BD3059,Tangail,BD3093,False,101.68393849466435,101.68393849466435,101.68393849466435,101.68393849466435,4037608,1625416,53769816,0.001993378701133445,390.49855726749445,4.621869360342933,15.2111629953813
Munshiganj,BD3059,Thakurgaon,BD5594,False,344.7691933004267,344.7691933004267,344.7691933004267,344.7691933004267,1533895,1625416,160819462,9.359798679468843e-05,12.904427036560447,5.842875188221406,14.243320810065981
Mymensingh,BD4561,Bagerhat,BD4001,False,268.3628380009495,268.3628380009495,268.3628380009495,268.3628380009495,1613076,5899005,139590743,0.00044461098858769046,22.3980431841051,5.592339937988856,14.293653473170336
Mymensingh,BD4561,Bandarban,BD2003,False,377.4707313014882,377.4707313014882,377.4707313014882,377.4707313014882,481106,5899005,155955237,0.00010801457342641574,3.37655795333391,5.9334930327070525,13.08384289902944
Mymensingh,BD4561,Barguna,BD1004,False,286.16527422248555,286.16527422248555,286.16527422248555,286.16527422248555,1010531,5899005,143578659,0.00026500231619290836,12.340017561632013,5.656569525807211,13.825986493237492
Mymensingh,BD4561,Barishal,BD1006,False,210.0840760425317,210.0840760425317,210.0840760425317,210.0840760425317,2570446,5899005,114908604,0.0010173140451581167,58.240113764965386,5.347507812701239,14.759589982670962
Mymensingh,BD4561,Bhola,BD1009,False,264.62801696498303,264.62801696498303,264.62801696498303,264.62801696498303,1932518,5899005,135044840,0.0005661034616118542,27.59636643542966,5.5783251302969195,14.474334373759973
Mymensingh,BD4561,Bogura,BD5010,False,106.91395135343927,106.91395135343927,106.91395135343927,106.91395135343927,3734297,5899005,47132071,0.007317684567637284,326.6931997279876,4.672024317966769,15.133070139288687
Mymensingh,BD4561,Brahmanbaria,BD2012,False,106.2331896491074,106.2331896491074,106.2331896491074,106.2331896491074,3306563,5899005,42267483,0.007867389889496125,292.9924025610431,4.665636580219978,15.011419839295048
Mymensingh,BD4561,Chandpur,BD2013,False,162.28361935058976,162.28361935058976,162.28361935058976,162.28361935058976,2635748,5899005,89386837,0.001666386801747961,100.08166354963777,5.089345541211237,14.784677570641602
Mymensingh,BD4561,Chapainawabganj,BD5070,False,218.65349575859162,218.65349575859162,218.65349575859162,218.65349575859162,1835528,5899005,121220514,0.0006605248986795871,38.39265653355867,5.387488265650592,14.422842736501666
Mymensingh,BD4561,Chattogram,BD2015,False,288.8626926620533,288.8626926620533,288.8626926620533,288.8626926620533,9169465,5899005,144589190,0.0022512854703018023,109.89073714688733,5.665951463315004,16.031389500109725
Mymensingh,BD4561,Chuadanga,BD4018,False,201.0685791896965,201.0685791896965,201.0685791896965,201.0685791896965,1234054,5899005,111031246,0.0005268654760529863,30.524302294749848,5.3036460398654945,14.025815242619684
Mymensingh,BD4561,Cox's Bazar,BD2022,False,394.70482761682246,394.70482761682246,394.70482761682246,394.70482761682246,2823268,5899005,156436343,0.0006211786759981124,18.122046029943316,5.978138213698188,14.853405637196515
Mymensingh,BD4561,Cumilla,BD2019,False,153.21858298357392,153.21858298357392,153.21858298357392,153.21858298357392,6212216,5899005,74853322,0.005218288031624088,264.6206091148095,5.031865548798774,15.642028234056378
Mymensingh,BD4561,Dhaka,BD3026,False,103.01421508576,103.01421508576,103.01421508576,103.01421508576,14734701,5899005,27532782,0.05397784217410945,1388.5036057755767,4.634866989248416,16.50571588212586
Mymensingh,BD4561,Dinajpur,BD5527,False,194.96185205527505,194.96185205527505,194.96185205527505,194.96185205527505,3315236,5899005,107716010,0.001472077253135836,87.21981599454548,5.272803908939839,15.014039370621646
Mymensingh,BD4561,Faridpur,BD3029,False,148.29428499828896,148.29428499828896,148.29428499828896,148.29428499828896,2162879,5899005,70566996,0.0021220739813176425,98.35204515370374,4.999198711639957,14.586950762547518
Mymensingh,BD4561,Feni,BD2030,False,213.84243212215944,213.84243212215944,213.84243212215944,213.84243212215944,1648896,5899005,119571618,0.0006098425650434581,36.05832045801581,5.365239445326401,14.315616531026453
Mymensingh,BD4561,Gaibandha,BD5532,False,114.42638342469051,114.42638342469051,114.42638342469051,114.42638342469051,2562233,5899005,57134392,0.0036555418843953512,195.68893819024427,4.739931676697692,14.756389701878161
Mymensingh,BD4561,Gazipur,BD3033,False,66.81215662557715,66.81215662557715,66.81215662557715,66.81215662557715,5263450,5899005,13631678,0.06411843423605632,1179.1241126847758,4.201885049398095,15.476297263245858
Mymensingh,BD4561,Gopalganj,BD3035,False,185.17901788854874,185.17901788854874,185.17901788854874,185.17901788854874,1295057,5899005,102198027,0.0006460527244482149,37.766377575809344,5.221323021455501,14.07406526759114
Mymensingh,BD4561,Habiganj,BD6036,False,107.80822853140269,107.80822853140269,107.80822853140269,107.80822853140269,2358886,5899005,50866368,0.004146068856416192,202.9565785952258,4.6803539870219355,14.673700031660417
Mymensingh,BD4561,Jamalpur,BD4539,False,66.19400061695632,66.19400061695632,66.19400061695632,66.19400061695632,2499738,5899005,11131940,0.044331974930761256,570.5020809680904,4.192589833714752,14.731696484346525
Mymensingh,BD4561,Jashore,BD4041,False,219.70908451925047,219.70908451925047,219.70908451925047,219.70908451925047,3076144,5899005,123056042,0.0010657873004559421,63.72511571910701,5.392304328190905,14.939187422556142
Mymensingh,BD4561,Jhalokati,BD1042,False,237.74396807779164,237.74396807779164,237.74396807779164,237.74396807779164,661160,5899005,130471747,0.00020870957919429665,11.697351943197225,5.47119433024263,13.40175114703129
Mymensingh,BD4561,Jhenaidah,BD4044,False,191.38985495036886,191.38985495036886,191.38985495036886,191.38985495036886,2005849,5899005,103493084,0.0009709881564136915,54.75961798040344,5.254312473175035,14.511577970493308
Mymensingh,BD4561,Joypurhat,BD5038,False,142.6129648458197,142.6129648458197,142.6129648458197,142.6129648458197,956431,5899005,69610565,0.0009771517926251772,47.025738732367635,4.960134421419812,13.770963927257238
Mymensingh,BD4561,Khagrachhari,BD2046,False,230.4314456873265,230.4314456873265,230.4314456873265,230.4314456873265,714119,5899005,126132186,0.0002403552570706394,13.448910365487649,5.439953402526687,13.478804894101042
Mymensingh,BD4561,Khulna,BD4047,False,267.16198040277317,267.16198040277317,267.16198040277317,267.16198040277317,2613385,5899005,136977358,0.0007416335705567264,36.61458244875837,5.587855142626686,14.776156873871212
Mymensingh,BD4561,Kishoreganj,BD3048,False,63.16880948923481,63.16880948923481,63.16880948923481,63.16880948923481,3267626,5899005,7864314,0.08223357763575181,818.8926232751561,4.145810658591413,14.999574285328466
Mymensingh,BD4561,Kurigram,BD5549,False,142.1934359289385,142.1934359289385,142.1934359289385,142.1934359289385,2329160,5899005,67281405,0.0024864587110111523,115.19674983044851,4.957188355466414,14.66101824551926
Mymensingh,BD4561,Kushtia,BD4050,False,166.63265858135574,166.63265858135574,166.63265858135574,166.63265858135574,2149692,5899005,92022585,0.0012940977565400597,77.42050385373423,5.1157917404214865,14.580835134027797
Mymensingh,BD4561,Lakshmipur,BD2051,False,205.61199624089662,205.61199624089662,205.61199624089662,205.61199624089662,1937948,5899005,112970656,0.0007960779059472417,45.840064550693896,5.32599087935404,14.477140239287523
Mymensingh,BD4561,Lalmonirhat,BD5552,False,193.29929587073593,193.29929587073593,193.29929587073593,193.29929587073593,1428406,5899005,105498933,0.0006704135176183056,38.22884013568006,5.264239743531686,14.172069695197669
Mymensingh,BD4561,Madaripur,BD3054,False,166.848144811827,166.848144811827,166.848144811827,166.848144811827,1293027,5899005,94172277,0.0007519549632246836,46.447765877105056,5.117084086237318,14.07249653920651
Mymensingh,BD4561,Magura,BD4055,False,172.3494932944216,172.3494932944216,172.3494932944216,172.3494932944216,1033115,5899005,98249903,0.0005563283493447957,34.77992533635137,5.149524352978405,13.848089068139739
Mymensingh,BD4561,Manikganj,BD3056,False,106.76984616846309,106.76984616846309,106.76984616846309,106.76984616846309,1558025,5899005,45574046,0.003366997826455428,136.6712567809967,4.670675547414265,14.258929551497186
Mymensingh,BD4561,Meherpur,BD4057,False,201.4618133900604,201.4618133900604,201.4618133900604,201.4618133900604,705356,5899005,112265300,0.00029623051945145866,17.378924135071134,5.305599851715265,13.466457918881725
Mymensingh,BD4561,Moulvibazar,BD6058,False,152.28117821473415,152.28117821473415,152.28117821473415,152.28117821473415,2123447,5899005,72729875,0.0019727999779866907,91.56910492786616,5.025728668644426,14.568551269629545
Mymensingh,BD4561,Munshiganj,BD3059,False,130.4753601058627,130.4753601058627,130.4753601058627,130.4753601058627,1625416,5899005,62606249,0.001995774300067793,95.47892533476036,4.871184397486294,14.301274340983566
Mymensingh,BD4561,Mymensingh,BD4561,True,0.0,37.528541665934554,1.0,33.853993977989454,5899005,5899005,0,0.5,4188.46979202995,3.6251017545697906,15.590294250586142
Mymensingh,BD4561,Naogaon,BD5064,False,170.7429538959974,170.7429538959974,170.7429538959974,170.7429538959974,2784599,5899005,95465304,0.0015559715153468483,95.51621000673383,5.140159231983037,14.839614435339252
Mymensingh,BD4561,Narail,BD4065,False,194.61462231456179,194.61462231456179,194.61462231456179,194.61462231456179,788671,5899005,106927339,0.00036293461432741335,20.823078497318757,5.271021307291608,13.57810452934276
Mymensingh,BD4561,Narayanganj,BD3067,False,109.56527165213909,109.56527165213909,109.56527165213909,109.56527165213909,3909138,5899005,53225254,0.006187615843682569,325.63806276194316,4.696520459813974,15.178827447298536
Mymensingh,BD4561,Narsingdi,BD3068,False,84.98293621302898,84.98293621302898,84.98293621302898,84.98293621302898,2584452,5899005,18895128,0.022458839397101363,357.85328335997946,4.442450485902297,14.765024051188075
Mymensingh,BD4561,Natore,BD5069,False,140.26995954681516,140.26995954681516,140.26995954681516,140.26995954681516,1859922,5899005,65421483,0.002102153142458575,94.52907060603538,4.943568848336409,14.436045109326196
Mymensingh,BD4561,Netrakona,BD4572,False,46.132768151008946,46.132768151008946,46.132768151008946,46.132768151008946,2324853,5899005,0,0.2826961506387878,1092.3868616114098,3.83152350337847,14.659167369198306
Mymensingh,BD4561,Nilphamari,BD5573,False,210.74061612725566,210.74061612725566,210.74061612725566,210.74061612725566,2092568,5899005,117479050,0.0007974039269367672,47.117592176719114,5.35062806980408,14.553902577830893
Mymensingh,BD4561,Noakhali,BD2075,False,233.98003166284457,233.98003166284457,233.98003166284457,233.98003166284457,3625442,5899005,126846305,0.0011814063599968176,66.22216436115382,5.455235776942314,15.103486769872411
Mymensingh,BD4561,Pabna,BD5076,False,127.76395954797837,127.76395954797837,127.76395954797837,127.76395954797837,2909624,5899005,59696625,0.0038195908665414353,178.2461446497194,4.850184495505241,14.8835344211774
Mymensingh,BD4561,Panchagarh,BD5577,False,256.30900749928657,256.30900749928657,256.30900749928657,256.30900749928657,1179843,5899005,133864997,0.00035331456549602005,17.959592665438958,5.546383777111769,13.98089193674234
Mymensingh,BD4561,Patuakhali,BD1078,False,278.9201462791664,278.9201462791664,278.9201462791664,278.9201462791664,1727254,5899005,141203819,0.0004653966489484364,22.202221880249677,5.630925526801139,14.362043422168306
Mymensingh,BD4561,Pirojpur,BD1079,False,244.8229301573516,244.8229301573516,244.8229301573516,244.8229301573516,1198195,5899005,131132907,0.00037314867650788,19.990484499403625,5.500535215194939,13.996326815697198
Mymensingh,BD4561,Rajbari,BD3082,False,139.2841059258928,139.2841059258928,139.2841059258928,139.2841059258928,1189818,5899005,64231665,0.0014032563138715313,61.330628220045,4.936515774677146,13.989310912214547
Mymensingh,BD4561,Rajshahi,BD5081,False,181.56386127138364,181.56386127138364,181.56386127138364,181.56386127138364,2915009,5899005,99283018,0.00151238852995006,88.42622390249306,5.201607444554144,14.885383465240523
Mymensingh,BD4561,Rangamati,BD2084,False,280.4851117908872,280.4851117908872,280.4851117908872,280.4851117908872,647586,5899005,142931073,0.00017171538345215644,8.231478037099889,5.636520646159755,13.381006882269048
Mymensingh,BD4561,Rangpur,BD5585,False,159.8688977566324,159.8688977566324,159.8688977566324,159.8688977566324,3169614,5899005,84922661,0.0021903227426191764,124.01619863391198,5.074354090330104,14.9691203718778
Mymensingh,BD4561,Satkhira,BD4087,False,289.32739990425404,289.32739990425404,289.32739990425404,289.32739990425404,2196582,5899005,153758655,0.0005014323379684413,26.24026955617533,5.667558918538602,14.602413073820426
Mymensingh,BD4561,Shariatpur,BD3086,False,161.4382227958281,161.4382227958281,161.4382227958281,161.4382227958281,1294562,5899005,88092275,0.0008526792196489649,49.67182524005394,5.0841225480946814,14.073682971966935
Mymensingh,BD4561,Sherpur,BD4589,False,55.59903248545957,55.59903248545957,55.59903248545957,55.59903248545957,1501853,5899005,2324853,0.1107667026168765,485.83965305745016,4.018165799764477,14.22221023700936
Mymensingh,BD4561,Sirajganj,BD5088,False,90.54565558256145,90.54565558256145,90.54565558256145,90.54565558256145,3357706,5899005,21479580,0.02353742628433464,409.5504728521869,4.5058542050730965,15.026768560672359
Mymensingh,BD4561,Sunamganj,BD6090,False,96.34496059917323,96.34496059917323,96.34496059917323,96.34496059917323,2695496,5899005,24837286,0.015474135858294168,290.38935010140824,4.567935090422187,14.80709278991802
Mymensingh,BD4561,Sylhet,BD6091,False,159.21838693170974,159.21838693170974,159.21838693170974,159.21838693170974,3857123,5899005,81065538,0.0028807831580332835,152.15178401823243,5.070276762543353,15.16543212675189
Mymensingh,BD4561,Tangail,BD3093,False,57.836635048078755,57.836635048078755,57.836635048078755,57.836635048078755,4037608,5899005,3826706,0.1779337698989687,1207.0301461288063,4.057622399257731,15.2111629953813
Mymensingh,BD4561,Thakurgaon,BD5594,False,253.84474919369322,253.84474919369322,253.84474919369322,253.84474919369322,1533895,5899005,132331102,0.00046835636223428425,23.804510917559714,5.536722856498335,14.243320810065981
Naogaon,BD5064,Bagerhat,BD4001,False,298.7659415813637,298.7659415813637,298.7659415813637,298.7659415813637,1613076,2784599,129062238,0.00025526833137988275,18.0714355927278,5.699660462763879,14.293653473170336
Naogaon,BD5064,Bandarban,BD2003,False,504.15673487556944,504.15673487556944,504.15673487556944,504.15673487556944,481106,2784599,159069643,5.0987797628349835e-05,1.8928213538240397,6.222887201622493,13.08384289902944
Naogaon,BD5064,Barguna,BD1004,False,336.98511769061207,336.98511769061207,336.98511769061207,336.98511769061207,1010531,2784599,138593832,0.00013978250595698952,8.89873344262737,5.820038768221775,13.825986493237492
Naogaon,BD5064,Barishal,BD1006,False,282.94827672814387,282.94827672814387,282.94827672814387,282.94827672814387,2570446,2784599,118420221,0.00047710875744007026,32.10660448864649,5.645264113194103,14.759589982670962
Naogaon,BD5064,Bhola,BD1009,False,349.3354575280402,349.3354575280402,349.3354575280402,349.3354575280402,1932518,2784599,146605955,0.0002380443749749444,15.835734443706315,5.856032656904429,14.474334373759973
Naogaon,BD5064,Bogura,BD5010,False,63.82990971292665,63.82990971292665,63.82990971292665,63.82990971292665,3734297,2784599,5706968,0.10016226056106696,916.5589350998927,4.156221884774198,15.133070139288687
Naogaon,BD5064,Brahmanbaria,BD2012,False,258.4851979067736,258.4851979067736,258.4851979067736,258.4851979067736,3306563,2784599,102613561,0.0008036334803084411,49.48863155500826,5.554838430826482,15.011419839295048
Naogaon,BD5064,Chandpur,BD2013,False,273.33637626806893,273.33637626806893,273.33637626806893,273.33637626806893,2635748,2784599,108615620,0.0005777482707086227,35.278411415132055,5.610703184216279,14.784677570641602
Naogaon,BD5064,Chapainawabganj,BD5070,False,53.28328787886752,53.28328787886752,53.28328787886752,53.28328787886752,1835528,2784599,3871440,0.09043155069704548,646.5155619316783,3.975622733766389,14.422842736501666
Naogaon,BD5064,Chattogram,BD2015,False,416.10221884012,416.10221884012,416.10221884012,416.10221884012,9169465,2784599,149252592,0.0010417748138328267,52.95950702915106,6.030930948443123,16.031389500109725
Naogaon,BD5064,Chuadanga,BD4018,False,143.92175110482972,143.92175110482972,143.92175110482972,143.92175110482972,1234054,2784599,44893876,0.001473514291840346,59.5773655366089,4.969269756778025,14.025815242619684
Naogaon,BD5064,Cox's Bazar,BD2022,False,508.75206820536636,508.75206820536636,508.75206820536636,508.75206820536636,2823268,2784599,159550749,0.0002932246234755976,10.907864394539688,6.231960802017075,14.853405637196515
Naogaon,BD5064,Cumilla,BD2019,False,282.9538037542719,282.9538037542719,282.9538037542719,282.9538037542719,6212216,2784599,120990667,0.0010751617642508293,77.59173708483456,5.645283646701114,15.642028234056378
Naogaon,BD5064,Dhaka,BD3026,False,195.89390129269648,195.89390129269648,195.89390129269648,195.89390129269648,14734701,2784599,66419914,0.007063251580075519,383.97194755166305,5.277573192728764,16.50571588212586
Naogaon,BD5064,Dinajpur,BD5527,False,81.27635228405401,81.27635228405401,81.27635228405401,81.27635228405401,3315236,2784599,11301187,0.03766355157473206,501.8639975473075,4.397855104428102,15.014039370621646
Naogaon,BD5064,Faridpur,BD3029,False,192.66124041820092,192.66124041820092,192.66124041820092,192.66124041820092,2162879,2784599,58993585,0.001524684189946099,58.26979896977712,5.260933415688284,14.586950762547518
Naogaon,BD5064,Feni,BD2030,False,343.1455152489182,343.1455152489182,343.1455152489182,343.1455152489182,1648896,2784599,139604363,0.00022387363398408596,14.003500459856218,5.838154599908663,14.315616531026453
Naogaon,BD5064,Gaibandha,BD5532,False,87.9650092609815,87.9650092609815,87.9650092609815,87.9650092609815,2562233,2784599,14616423,0.020538805056640307,331.1301415977003,4.476939113371303,14.756389701878161
Naogaon,BD5064,Gazipur,BD3033,False,193.12214427881682,193.12214427881682,193.12214427881682,193.12214427881682,5263450,2784599,61156464,0.003312217868542234,141.12577894190775,5.26332286063688,15.476297263245858
Naogaon,BD5064,Gopalganj,BD3035,False,231.07175583932752,231.07175583932752,231.07175583932752,231.07175583932752,1295057,2784599,98730915,0.000345526497131921,24.254657974023278,5.442728293624948,14.07406526759114
Naogaon,BD5064,Habiganj,BD6036,False,277.12747905671085,277.12747905671085,277.12747905671085,277.12747905671085,2358886,2784599,111251368,0.0004948732624314224,30.714805574629597,5.624477613522845,14.673700031660417
Naogaon,BD5064,Jamalpur,BD4539,False,110.67856687368007,110.67856687368007,110.67856687368007,110.67856687368007,2499738,2784599,23705976,0.009063853254658319,204.0644900188669,4.706630206458314,14.731696484346525
Naogaon,BD5064,Jashore,BD4041,False,205.78629590506057,205.78629590506057,205.78629590506057,205.78629590506057,3076144,2784599,81154615,0.0011727582994420333,72.63965312033051,5.326838231800176,14.939187422556142
Naogaon,BD5064,Jhalokati,BD1042,False,296.9823541255934,296.9823541255934,296.9823541255934,296.9823541255934,661160,2784599,128401078,0.00010644201746412733,7.496271026205035,5.693672723319094,13.40175114703129
Naogaon,BD5064,Jhenaidah,BD4044,False,160.49039515653456,160.49039515653456,160.49039515653456,160.49039515653456,2005849,2784599,48497591,0.0020439233129157766,77.87537367239041,5.0782340975179245,14.511577970493308
Naogaon,BD5064,Joypurhat,BD5038,False,39.70193437582817,39.70193437582817,39.70193437582817,39.70193437582817,956431,2784599,0,0.25565980492003537,606.7786756670562,3.6813999113380724,13.770963927257238
Naogaon,BD5064,Khagrachhari,BD2046,False,377.975540829249,377.975540829249,377.975540829249,377.975540829249,714119,2784599,148538473,8.643273678492417e-05,4.9985402542111315,5.934829486725084,13.478804894101042
Naogaon,BD5064,Khulna,BD4047,False,279.2162485734637,279.2162485734637,279.2162485734637,279.2162485734637,2613385,2784599,113610254,0.0005253578857720704,33.52138997164954,5.631986566091204,14.776156873871212
Naogaon,BD5064,Kishoreganj,BD3048,False,228.95052101438628,228.95052101438628,228.95052101438628,228.95052101438628,3267626,2784599,95463289,0.0009123035496972094,62.33745542355858,5.433505914769379,14.999574285328466
Naogaon,BD5064,Kurigram,BD5549,False,137.22273169202467,137.22273169202467,137.22273169202467,137.22273169202467,2329160,2784599,37098702,0.0038523897387808437,123.69359216110789,4.921605384454368,14.66101824551926
Naogaon,BD5064,Kushtia,BD4050,False,111.99846509913687,111.99846509913687,111.99846509913687,111.99846509913687,2149692,2784599,26205714,0.006630821252936728,171.37682732771458,4.718485166729195,14.580835134027797
Naogaon,BD5064,Lakshmipur,BD2051,False,309.1990256675893,309.1990256675893,309.1990256675893,309.1990256675893,1937948,2784599,130675314,0.000298635987423728,20.270566507521835,5.733985165568552,14.477140239287523
Naogaon,BD5064,Lalmonirhat,BD5552,False,138.1987394901664,138.1987394901664,138.1987394901664,138.1987394901664,1428406,2784599,39427862,0.0021591374298656945,74.78999463241026,4.928692790381455,14.172069695197669
Naogaon,BD5064,Madaripur,BD3054,False,235.71138186088916,235.71138186088916,235.71138186088916,235.71138186088916,1293027,2784599,100025972,0.00033640833342593043,23.27268470123577,5.462608098385383,14.07249653920651
Naogaon,BD5064,Magura,BD4055,False,176.11520502957836,176.11520502957836,176.11520502957836,176.11520502957836,1033115,2784599,57960470,0.0007665935528704616,33.308491293517335,5.171138354929708,13.848089068139739
Naogaon,BD5064,Manikganj,BD3056,False,168.83111731895164,168.83111731895164,168.83111731895164,168.83111731895164,1558025,2784599,50503440,0.0014844373745456628,54.65997551445866,5.128898909479118,14.258929551497186
Naogaon,BD5064,Meherpur,BD4057,False,123.0130591177953,123.0130591177953,123.0130591177953,123.0130591177953,705356,2784599,31265030,0.0016597456463205429,46.612878985627646,4.812290521425995,13.466457918881725
Naogaon,BD5064,Moulvibazar,BD6058,False,323.0113158002388,323.0113158002388,323.0113158002388,323.0113158002388,2123447,2784599,132613262,0.00031755743890724583,20.35194648202965,5.777687356046272,14.568551269629545
Naogaon,BD5064,Munshiganj,BD3059,False,227.75418467808535,227.75418467808535,227.75418467808535,227.75418467808535,1625416,2784599,93837873,0.0004767885591821572,31.335151579293935,5.428266909969447,14.301274340983566
Naogaon,BD5064,Mymensingh,BD4561,False,170.7429538959974,170.7429538959974,170.7429538959974,170.7429538959974,5899005,2784599,52061465,0.004930431521668089,202.3453288645054,5.140159231983037,15.590294250586142
Naogaon,BD5064,Naogaon,BD5064,True,0.0,31.923048313066836,1.0,30.151517425578483,2784599,2784599,0,0.5,2732.4608768516982,3.4633282665515766,14.839614435339252
Naogaon,BD5064,Narail,BD4065,False,214.0057534660656,214.0057534660656,214.0057534660656,214.0057534660656,788671,2784599,86555612,0.00027273920916869536,17.220468912346377,5.366002900015894,13.57810452934276
Naogaon,BD5064,Narayanganj,BD3067,False,226.63719914444215,226.63719914444215,226.63719914444215,226.63719914444215,3909138,2784599,87344283,0.001284328750774712,76.10595033015713,5.423350497276299,15.178827447298536
Naogaon,BD5064,Narsingdi,BD3068,False,227.66366485315888,227.66366485315888,227.66366485315888,227.66366485315888,2584452,2784599,91253421,0.0007920443727298512,49.86330092660194,5.4278693856905385,14.765024051188075
Naogaon,BD5064,Natore,BD5069,False,66.95038718849307,66.95038718849307,66.95038718849307,66.95038718849307,1859922,2784599,9441265,0.030074384501269317,414.9430984196299,4.2039518553690485,14.436045109326196
Naogaon,BD5064,Netrakona,BD4572,False,211.1510400765938,211.1510400765938,211.1510400765938,211.1510400765938,2324853,2784599,84230759,0.0008327512158187287,52.144564869887,5.352573707139045,14.659167369198306
Naogaon,BD5064,Nilphamari,BD5573,False,126.36508836050143,126.36508836050143,126.36508836050143,126.36508836050143,2092568,2784599,31970386,0.004550053309079356,131.04648270391803,4.839175243883023,14.553902577830893
Naogaon,BD5064,Noakhali,BD2075,False,344.16363172854875,344.16363172854875,344.16363172854875,344.16363172854875,3625442,2784599,141253259,0.00047465100013541575,30.607722122321334,5.841117217906063,15.103486769872411
Naogaon,BD5064,Pabna,BD5076,False,113.8980291426685,113.8980291426685,113.8980291426685,113.8980291426685,2909624,2784599,28355406,0.007641321472336749,224.28718068951687,4.735303566902803,14.8835344211774
Naogaon,BD5064,Panchagarh,BD5577,False,155.06830279850362,155.06830279850362,155.06830279850362,155.06830279850362,1179843,2784599,47317748,0.0012786811093807708,49.06571738167177,5.0438656830718775,13.98089193674234
Naogaon,BD5064,Patuakhali,BD1078,False,344.8436684702835,344.8436684702835,344.8436684702835,344.8436684702835,1727254,2784599,144878701,0.0002180334678081804,14.524851272000076,5.843091179465987,14.362043422168306
Naogaon,BD5064,Pirojpur,BD1079,False,291.8557017453023,291.8557017453023,291.8557017453023,291.8557017453023,1198195,2784599,127202883,0.00019566007419196272,14.066664799789288,5.676259508019877,13.996326815697198
Naogaon,BD5064,Rajbari,BD3082,False,154.00969504801384,154.00969504801384,154.00969504801384,154.00969504801384,1189818,2784599,46127930,0.0013519636306803654,50.16310526653036,5.037015555289288,13.989310912214547
Naogaon,BD5064,Rajshahi,BD5081,False,49.29704043366013,49.29704043366013,49.29704043366013,49.29704043366013,2915009,2784599,956431,0.32598342162956867,1199.4943479820813,3.897864047475066,14.885383465240523
Naogaon,BD5064,Rangamati,BD2084,False,426.190874344097,426.190874344097,426.190874344097,426.190874344097,647586,2784599,158422057,6.911193597209959e-05,3.5652431872195773,6.054887307760241,13.381006882269048
Naogaon,BD5064,Rangpur,BD5585,False,96.63141013176202,96.63141013176202,96.63141013176202,96.63141013176202,3169614,2784599,17178656,0.019112090207130623,339.4452548989994,4.570903845010006,14.9691203718778
Naogaon,BD5064,Satkhira,BD4087,False,282.65743411472386,282.65743411472386,282.65743411472386,282.65743411472386,2196582,2784599,116223639,0.0004240461916071457,27.493282587809475,5.644235684260382,14.602413073820426
Naogaon,BD5064,Shariatpur,BD3086,False,249.08705253791655,249.08705253791655,249.08705253791655,249.08705253791655,1294562,2784599,101318999,0.00032853886214822105,20.865103699718034,5.517802443951876,14.073682971966935
Naogaon,BD5064,Sherpur,BD4589,False,134.86525755338968,134.86525755338968,134.86525755338968,134.86525755338968,1501853,2784599,35596849,0.002731980769121868,82.57094484968674,4.904276187815621,14.22221023700936
Naogaon,BD5064,Sirajganj,BD5088,False,102.65406495726748,102.65406495726748,102.65406495726748,102.65406495726748,3357706,2784599,20348270,0.015257537498082317,318.63271473043875,4.631364742849094,15.026768560672359
Naogaon,BD5064,Sunamganj,BD6090,False,261.66689791100663,261.66689791100663,261.66689791100663,261.66689791100663,2695496,2784599,105920124,0.0006198218703475258,39.36779767474124,5.5670723128502395,14.80709278991802
Naogaon,BD5064,Sylhet,BD6091,False,326.32986952224695,326.32986952224695,326.32986952224695,326.32986952224695,3857123,2784599,134736709,0.0005524245863730675,36.22011573587217,5.787908739471789,15.16543212675189
Naogaon,BD5064,Tangail,BD3093,False,139.78018618463318,139.78018618463318,139.78018618463318,139.78018618463318,4037608,2784599,40856268,0.0054034494016788415,206.6488168000178,4.9400710900314495,15.2111629953813
Naogaon,BD5064,Thakurgaon,BD5594,False,127.97121739813109,127.97121739813109,127.97121739813109,127.97121739813109,1533895,2784599,34062954,0.0030201484279869036,93.6636394357785,4.8518053745567995,14.243320810065981
Narail,BD4065,Bagerhat,BD4001,False,86.10914867049463,86.10914867049463,86.10914867049463,86.10914867049463,1613076,788671,19732477,0.0028008170927270406,217.54857282331596,4.455615662124474,14.293653473170336
Narail,BD4065,Bandarban,BD2003,False,321.6322510008536,321.6322510008536,321.6322510008536,321.6322510008536,481106,788671,157654127,1.5068669815129447e-05,4.650734985701768,5.773408815239664,13.08384289902944
Narail,BD4065,Barguna,BD1004,False,123.1580263755708,123.1580263755708,123.1580263755708,123.1580263755708,1010531,788671,55665049,0.0002456717375073639,66.62300225661211,4.813468298046208,13.825986493237492
Narail,BD4065,Barishal,BD1006,False,85.63459380906885,85.63459380906885,85.63459380906885,85.63459380906885,2570446,788671,15867469,0.0063303514067679315,350.5177380669002,4.45008933479135,14.759589982670962
Narail,BD4065,Bhola,BD1009,False,147.61120983026873,147.61120983026873,147.61120983026873,147.61120983026873,1932518,788671,72999546,0.0002727831765193738,88.69208575501476,4.9945818566420614,14.474334373759973
Narail,BD4065,Bogura,BD5010,False,189.51195151545946,189.51195151545946,189.51195151545946,189.51195151545946,3734297,788671,97084564,0.000296152144354863,103.97660863315821,5.244452091216899,15.133070139288687
Narail,BD4065,Brahmanbaria,BD2012,False,178.48437254157696,178.48437254157696,178.48437254157696,178.48437254157696,3306563,788671,92129105,0.0002916680987844662,103.7949939881426,5.184501048600391,15.011419839295048
Narail,BD4065,Chandpur,BD2013,False,122.74658787565784,122.74658787565784,122.74658787565784,122.74658787565784,2635748,788671,53029301,0.0006841949496627642,174.9383511575629,4.810121968941294,14.784677570641602
Narail,BD4065,Chapainawabganj,BD5070,False,221.30847928215155,221.30847928215155,221.30847928215155,221.30847928215155,1835528,788671,115269829,0.00010580059893146586,37.47700752606371,5.399557562103143,14.422842736501666
Narail,BD4065,Chattogram,BD2015,False,243.38127538240605,243.38127538240605,243.38127538240605,243.38127538240605,9169465,788671,127523732,0.00040994520046214227,154.7995421919228,5.494629248187495,16.031389500109725
Narail,BD4065,Chuadanga,BD4018,False,91.72418077722284,91.72418077722284,91.72418077722284,91.72418077722284,1234054,788671,23564738,0.001561863391737755,146.67850703959812,4.51878603890926,14.025815242619684
Narail,BD4065,Cox's Bazar,BD2022,False,314.30803439633553,314.30803439633553,314.30803439633553,314.30803439633553,2823268,788671,150973736,9.491055759556427e-05,28.578612534366272,5.750373506303192,14.853405637196515
Narail,BD4065,Cumilla,BD2019,False,152.3550634224124,152.3550634224124,152.3550634224124,152.3550634224124,6212216,788671,76791986,0.0007536711397164547,267.6287485068746,5.0262137403399665,15.642028234056378
Narail,BD4065,Dhaka,BD3026,False,100.06943079922456,100.06943079922456,100.06943079922456,100.06943079922456,14734701,788671,28620790,0.00895110923919844,1471.4261448143454,4.6058642530600515,16.50571588212586
Narail,BD4065,Dinajpur,BD5527,False,289.33890972545805,289.33890972545805,289.33890972545805,289.33890972545805,3315236,788671,145329340,0.00011974553714667652,39.600509031921746,5.667598699051185,15.014039370621646
Narail,BD4065,Faridpur,BD3029,False,46.93211358683443,46.93211358683443,46.93211358683443,46.93211358683443,2162879,788671,5404316,0.03296373853218813,981.9559313728033,3.848702165801235,14.586950762547518
Narail,BD4065,Feni,BD2030,False,188.01241792916716,188.01241792916716,188.01241792916716,188.01241792916716,1648896,788671,95435668,0.00013808301353189145,46.64662158036483,5.236508013463277,14.315616531026453
Narail,BD4065,Gaibandha,BD5532,False,241.25793720020494,241.25793720020494,241.25793720020494,241.25793720020494,2562233,788671,124247380,0.00012665852010095184,44.02054346549719,5.485866639989622,14.756389701878161
Narail,BD4065,Gazipur,BD3033,False,139.1286549490933,139.1286549490933,139.1286549490933,139.1286549490933,5263450,788671,60340782,0.0010228082101611516,271.9176064105598,4.93539908022345,15.476297263245858
Narail,BD4065,Gopalganj,BD3035,False,32.77125069614396,32.77125069614396,32.77125069614396,32.77125069614396,1295057,788671,0,0.6215096212173565,1205.876553602028,3.4895516278702474,14.07406526759114
Narail,BD4065,Habiganj,BD6036,False,233.25208429107477,233.25208429107477,233.25208429107477,233.25208429107477,2358886,788671,121888494,0.00012128409294722206,43.35666675957944,5.452119775554944,14.673700031660417
Narail,BD4065,Jamalpur,BD4539,False,206.70666313549756,206.70666313549756,206.70666313549756,206.70666313549756,2499738,788671,109985492,0.00015711658447845853,58.50399722011017,5.331300701947056,14.731696484346525
Narail,BD4065,Jashore,BD4041,False,41.713007807619434,41.713007807619434,41.713007807619434,41.713007807619434,3076144,788671,2328172,0.12568615440159772,1767.9242310996879,3.7308130179948655,14.939187422556142
Narail,BD4065,Jhalokati,BD1042,False,87.57090950693888,87.57090950693888,87.57090950693888,87.57090950693888,661160,788671,21345553,0.0010334541880236952,86.21579762231875,4.472448859536369,13.40175114703129
Narail,BD4065,Jhenaidah,BD4044,False,64.23347497987007,64.23347497987007,64.23347497987007,64.23347497987007,2005849,788671,8860222,0.014067403792683434,486.15572122348317,4.1625244919371704,14.511577970493308
Narail,BD4065,Joypurhat,BD5038,False,223.99781929754772,223.99781929754772,223.99781929754772,223.99781929754772,956431,788671,118607210,5.249352460217472e-05,19.06189458140999,5.411636316528847,13.770963927257238
Narail,BD4065,Khagrachhari,BD2046,False,242.54582095487783,242.54582095487783,242.54582095487783,242.54582095487783,714119,788671,126809613,3.4399567929899744e-05,12.139002359170107,5.491190644919532,13.478804894101042
Narail,BD4065,Khulna,BD4047,False,74.54662323188545,74.54662323188545,74.54662323188545,74.54662323188545,2613385,788671,12055889,0.010380739108037523,470.27018168872985,4.3114247448379395,14.776156873871212
Narail,BD4065,Kishoreganj,BD3048,False,196.00693040294905,196.00693040294905,196.00693040294905,196.00693040294905,3267626,788671,106717866,0.00021639880839946155,85.05297092309308,5.278150017804115,14.999574285328466
Narail,BD4065,Kurigram,BD5549,False,296.22736649212226,296.22736649212226,296.22736649212226,296.22736649212226,2329160,788671,148644576,8.099976440374347e-05,26.542936484528582,5.691127289504118,14.66101824551926
Narail,BD4065,Kushtia,BD4050,False,104.93731090449748,104.93731090449748,104.93731090449748,104.93731090449748,2149692,788671,46265115,0.0007322876951938812,195.21643542720844,4.65336313285398,14.580835134027797
Narail,BD4065,Lakshmipur,BD2051,False,133.22159130831116,133.22159130831116,133.22159130831116,133.22159130831116,1937948,788671,56675580,0.00044775219000645327,109.19251920647936,4.892013841879248,14.477140239287523
Narail,BD4065,Lalmonirhat,BD5552,False,327.9900083115355,327.9900083115355,327.9900083115355,327.9900083115355,1428406,788671,158135233,4.420619059956004e-05,13.277931937014406,5.792983145455323,14.172069695197669
Narail,BD4065,Madaripur,BD3054,False,60.58678726223773,60.58678726223773,60.58678726223773,60.58678726223773,1293027,788671,7567195,0.0126483684512985,352.2506036776152,4.104076837326567,14.07249653920651
Narail,BD4065,Magura,BD4055,False,37.890933550673125,37.890933550673125,37.890933550673125,37.890933550673125,1033115,788671,1295057,0.12545517617538987,719.5782969896569,3.6347118631717787,13.848089068139739
Narail,BD4065,Manikganj,BD3056,False,87.86101052790514,87.86101052790514,87.86101052790514,87.86101052790514,1558025,788671,22006713,0.0022134189246341665,201.82828697170828,4.475756140051092,14.258929551497186
Narail,BD4065,Meherpur,BD4057,False,115.6777807121806,115.6777807121806,115.6777807121806,115.6777807121806,705356,788671,48414807,0.00022653275701444965,52.711875507430776,4.750808573511527,13.466457918881725
Narail,BD4065,Moulvibazar,BD6058,False,281.0328540845514,281.0328540845514,281.0328540845514,281.0328540845514,2123447,788671,140036279,8.319139410868243e-05,26.886064599019488,5.638471580949678,14.568551269629545
Narail,BD4065,Munshiganj,BD3059,False,96.1306601163532,96.1306601163532,96.1306601163532,96.1306601163532,1625416,788671,26995374,0.0015688371450803687,175.88981063779016,4.565708308967215,14.301274340983566
Narail,BD4065,Mymensingh,BD4561,False,194.61462231456179,194.61462231456179,194.61462231456179,194.61462231456179,5899005,788671,100818861,0.0004259061005328008,155.74991875075392,5.271021307291608,15.590294250586142
Narail,BD4065,Naogaon,BD5064,False,214.0057534660656,214.0057534660656,214.0057534660656,214.0057534660656,2784599,788671,112485230,0.0001670520171629616,60.801145867986534,5.366002900015894,14.839614435339252
Narail,BD4065,Narail,BD4065,True,0.0,17.446834674302853,1.0,16.104059861434568,788671,788671,0,0.5,2590.9711686448504,2.8591582381717915,13.57810452934276
Narail,BD4065,Narayanganj,BD3067,False,121.30260152227339,121.30260152227339,121.30260152227339,121.30260152227339,3909138,788671,49120163,0.0011478155968903622,265.66893326916306,4.798288262729694,15.178827447298536
Narail,BD4065,Narsingdi,BD3068,False,155.53538781527362,155.53538781527362,155.53538781527362,155.53538781527362,2584452,788671,83004202,0.0002816161200641772,106.83413493778193,5.046873280102919,14.765024051188075
Narail,BD4065,Natore,BD5069,False,147.81116214974202,147.81116214974202,147.81116214974202,147.81116214974202,1859922,788671,74932064,0.0002497021773078221,85.12953639438783,4.9959355276498885,14.436045109326196
Narail,BD4065,Netrakona,BD4572,False,232.2901796404012,232.2901796404012,232.2901796404012,232.2901796404012,2324853,788671,119563641,0.00012418616070796276,43.08576397633128,5.447987364411835,14.659167369198306
Narail,BD4065,Nilphamari,BD5573,False,328.5140740076615,328.5140740076615,328.5140740076615,328.5140740076615,2092568,788671,159563639,6.335694217853619e-05,19.389723656896663,5.794579680257031,14.553902577830893
Narail,BD4065,Noakhali,BD2075,False,165.4636260559249,165.4636260559249,165.4636260559249,165.4636260559249,3625442,788671,85588654,0.0003677911050639621,132.42070226903215,5.108751388522057,15.103486769872411
Narail,BD4065,Pabna,BD5076,False,104.54372738552152,104.54372738552152,104.54372738552152,104.54372738552152,2909624,788671,43355491,0.0011047522436249335,266.22014137192747,4.6496054277622285,14.8835344211774
Narail,BD4065,Panchagarh,BD5577,False,365.2035415455904,365.2035415455904,365.2035415455904,365.2035415455904,1179843,788671,163190102,3.435826497564025e-05,8.846149187692903,5.900454846224697,13.98089193674234
Narail,BD4065,Patuakhali,BD1078,False,134.04003685276936,134.04003685276936,134.04003685276936,134.04003685276936,1727254,788671,58613528,0.000375144900175173,96.13623946968787,4.898138537807667,14.362043422168306
Narail,BD4065,Pirojpur,BD1079,False,78.66370054110664,78.66370054110664,78.66370054110664,78.66370054110664,1198195,788671,14669274,0.0036702635821127877,193.63272494714442,4.365181810660717,13.996326815697198
Narail,BD4065,Rajbari,BD3082,False,66.47248050696959,66.47248050696959,66.47248050696959,66.47248050696959,1189818,788671,10866071,0.006268368374259291,269.27545235002356,4.196788035048937,13.989310912214547
Narail,BD4065,Rajshahi,BD5081,False,176.02536467604074,176.02536467604074,176.02536467604074,176.02536467604074,2915009,788671,89214096,0.0002749040284408634,94.0782855794814,5.17062810213173,14.885383465240523
Narail,BD4065,Rangamati,BD2084,False,278.34110469278875,278.34110469278875,278.34110469278875,278.34110469278875,647586,788671,139388693,2.5872347064384006e-05,8.358777368207253,5.628847356844896,13.381006882269048
Narail,BD4065,Rangpur,BD5585,False,282.32272484183,282.32272484183,282.32272484183,282.32272484183,3169614,788671,142159726,0.0001196793458669273,39.766255862664785,5.64305083092794,14.9691203718778
Narail,BD4065,Satkhira,BD4087,False,94.77964658707053,94.77964658707053,94.77964658707053,94.77964658707053,2196582,788671,24798792,0.002436803954960197,244.52161215922706,4.5515546877613415,14.602413073820426
Narail,BD4065,Shariatpur,BD3086,False,85.65031183711712,85.65031183711712,85.65031183711712,85.65031183711712,1294562,788671,18437915,0.0025877057995029053,176.46759129343485,4.450272865593823,14.073682971966935
Narail,BD4065,Sherpur,BD4589,False,222.7929027463237,222.7929027463237,222.7929027463237,222.7929027463237,1501853,788671,117105357,8.414768016041138e-05,30.25692039062009,5.40624265272674,14.22221023700936
Narail,BD4065,Sirajganj,BD5088,False,140.28999205673838,140.28999205673838,140.28999205673838,140.28999205673838,3357706,788671,65604232,0.0005718325546880688,170.6040298574147,4.943711652110381,15.026768560672359
Narail,BD4065,Sunamganj,BD6090,False,269.43209872870557,269.43209872870557,269.43209872870557,269.43209872870557,2695496,788671,136693197,0.00011030907687396212,37.13128880690065,5.596316405834439,14.80709278991802
Narail,BD4065,Sylhet,BD6091,False,315.1779888208251,315.1779888208251,315.1779888208251,315.1779888208251,3857123,788671,153797004,0.00012419886021742486,38.82859968964627,5.753137523124087,15.16543212675189
Narail,BD4065,Tangail,BD3093,False,142.84420761992584,142.84420761992584,142.84420761992584,142.84420761992584,4037608,788671,68961938,0.0006187069633617268,197.87862487499407,4.961754579166708,15.2111629953813
Narail,BD4065,Thakurgaon,BD5594,False,341.6913830757985,341.6913830757985,341.6913830757985,341.6913830757985,1533895,788671,161656207,4.541484631832941e-05,13.137949203341828,5.83390794099759,14.243320810065981
Narayanganj,BD3067,Bagerhat,BD4001,False,173.22892987915088,173.22892987915088,173.22892987915088,173.22892987915088,1613076,3909138,108795424,0.0004894193023238916,53.75439577587102,5.154614013814925,14.293653473170336
Narayanganj,BD3067,Bandarban,BD2003,False,280.92209722181474,280.92209722181474,280.92209722181474,280.92209722181474,481106,3909138,151710392,7.741997084231011e-05,6.096337039007162,5.6380773968112035,13.08384289902944
Narayanganj,BD3067,Barguna,BD1004,False,182.0526956321947,182.0526956321947,182.0526956321947,182.0526956321947,1010531,3909138,114255939,0.0002805137309027194,30.48985880167511,5.204296181609839,13.825986493237492
Narayanganj,BD3067,Barishal,BD1006,False,104.21968471828579,104.21968471828579,104.21968471828579,104.21968471828579,2570446,3909138,54399096,0.0028307034320401167,236.65134362604613,4.646501024320916,14.759589982670962
Narayanganj,BD3067,Bhola,BD1009,False,155.10206984099918,155.10206984099918,155.10206984099918,155.10206984099918,1932518,3909138,85495063,0.000925126703224922,80.33195951207726,5.044083415296536,14.474334373759973
Narayanganj,BD3067,Bogura,BD5010,False,172.54013361828032,172.54013361828032,172.54013361828032,172.54013361828032,3734297,3909138,105061127,0.001188612669911093,125.43784828994028,5.150629868067284,15.133070139288687
Narayanganj,BD3067,Brahmanbaria,BD2012,False,57.41045342847746,57.41045342847746,57.41045342847746,57.41045342847746,3306563,3909138,34350545,0.008127849117848421,1003.2169190805416,4.0502264022232115,15.011419839295048
Narayanganj,BD3067,Chandpur,BD2013,False,53.73346400673821,53.73346400673821,53.73346400673821,53.73346400673821,2635748,3909138,24208019,0.011915913316116643,912.8810835324952,3.984035973288649,14.784677570641602
Narayanganj,BD3067,Chapainawabganj,BD5070,False,259.2967860408487,259.2967860408487,259.2967860408487,259.2967860408487,1835528,3909138,146559628,0.0003131003180721235,27.300257682607896,5.557973297715966,14.422842736501666
Narayanganj,BD3067,Chattogram,BD2015,False,191.75901274981447,191.75901274981447,191.75901274981447,191.75901274981447,9169465,3909138,115971826,0.002316942842096249,249.36323700104742,5.256239441749372,16.031389500109725
Narayanganj,BD3067,Chuadanga,BD4018,False,176.65471515051902,176.65471515051902,176.65471515051902,176.65471515051902,1234054,3909138,110408500,0.000365195665650146,39.544282171902886,5.174197065498285,14.025815242619684
Narayanganj,BD3067,Cox's Bazar,BD2022,False,292.00939160485495,292.00939160485495,292.00939160485495,292.00939160485495,2823268,3909138,152191498,0.0004448762387170352,33.10994556967421,5.676785964781388,14.853405637196515
Narayanganj,BD3067,Cumilla,BD2019,False,56.328154542578666,56.328154542578666,56.328154542578666,56.328154542578666,6212216,3909138,28138329,0.019805803847597298,1957.9225221053011,4.0311944908322035,15.642028234056378
Narayanganj,BD3067,Dhaka,BD3026,False,34.050346424859725,34.050346424859725,34.050346424859725,34.050346424859725,14734701,3909138,1625416,0.5134544403829104,12708.616017941427,3.5278402065484573,16.50571588212586
Narayanganj,BD3067,Dinajpur,BD5527,False,278.7394840861842,278.7394840861842,278.7394840861842,278.7394840861842,3315236,3909138,148395156,0.0005467882894423084,42.66949136805591,5.630277596811356,15.014039370621646
Narayanganj,BD3067,Faridpur,BD3029,False,80.06113991068729,80.06113991068729,80.06113991068729,80.06113991068729,2162879,3909138,40508160,0.004086579533879683,337.43387973110845,4.3827905916680026,14.586950762547518
Narayanganj,BD3067,Feni,BD2030,False,117.18494902456318,117.18494902456318,117.18494902456318,117.18494902456318,1648896,3909138,65227433,0.0013171108553841023,120.0741700765794,4.763753447604069,14.315616531026453
Narayanganj,BD3067,Gaibandha,BD5532,False,206.04999213604972,206.04999213604972,206.04999213604972,206.04999213604972,2562233,3909138,129646000,0.0005509668501681416,60.349463798393906,5.328118819619573,14.756389701878161
Narayanganj,BD3067,Gazipur,BD3033,False,43.857273147907556,43.857273147907556,43.857273147907556,43.857273147907556,5263450,3909138,18944569,0.03202015595336814,2736.448318972428,3.780940569326666,15.476297263245858
Narayanganj,BD3067,Gopalganj,BD3035,False,97.52193767043781,97.52193767043781,97.52193767043781,97.52193767043781,1295057,3909138,51914221,0.0015877340746709792,136.17087878533812,4.580077354442785,14.07406526759114
Narayanganj,BD3067,Habiganj,BD6036,False,112.3945409096234,112.3945409096234,112.3945409096234,112.3945409096234,2358886,3909138,62868547,0.0019973251011008316,186.73104059478658,4.7220153678603864,14.673700031660417
Narayanganj,BD3067,Jamalpur,BD4539,False,157.51399005748283,157.51399005748283,157.51399005748283,157.51399005748283,2499738,3909138,90123077,0.0010765339617907891,100.75259166128019,5.059514280082709,14.731696484346525
Narayanganj,BD3067,Jashore,BD4041,False,159.58599873705103,159.58599873705103,159.58599873705103,159.58599873705103,3076144,3909138,94124668,0.0012131595029852818,120.78613647610746,5.072582953955992,14.939187422556142
Narayanganj,BD3067,Jhalokati,BD1042,False,134.11472798240123,134.11472798240123,134.11472798240123,134.11472798240123,661160,3909138,80915740,0.00035642580571709076,36.75814823664499,4.898695612611909,13.40175114703129
Narayanganj,BD3067,Jhenaidah,BD4044,False,154.08128914016442,154.08128914016442,154.08128914016442,154.08128914016442,2005849,3909138,83489214,0.00100350159839195,84.48866142805922,5.037480314708509,14.511577970493308
Narayanganj,BD3067,Joypurhat,BD5038,False,214.72770512268008,214.72770512268008,214.72770512268008,214.72770512268008,956431,3909138,137319824,0.00018618980468099666,20.743282347087508,5.3693707376527104,13.770963927257238
Narayanganj,BD3067,Khagrachhari,BD2046,False,153.34001315755526,153.34001315755526,153.34001315755526,153.34001315755526,714119,3909138,82775095,0.0003684751767919819,30.37103524496887,5.032657763937157,13.478804894101042
Narayanganj,BD3067,Khulna,BD4047,False,180.97775632299263,180.97775632299263,180.97775632299263,180.97775632299263,2613385,3909138,111642554,0.0007482021377625867,79.7908321828918,5.198374130470698,14.776156873871212
Narayanganj,BD3067,Kishoreganj,BD3048,False,81.49154673451277,81.49154673451277,81.49154673451277,81.49154673451277,3267626,3909138,42671039,0.005501310893422051,492.0477170637832,4.400499293818494,14.999574285328466
Narayanganj,BD3067,Kurigram,BD5549,False,246.7308069644595,246.7308069644595,246.7308069644595,246.7308069644595,2329160,3909138,141060854,0.00042638504480652285,38.26066946331811,5.508297891962919,14.66101824551926
Narayanganj,BD3067,Kushtia,BD4050,False,159.83531719424474,159.83531719424474,159.83531719424474,159.83531719424474,2149692,3909138,99324259,0.0007724423908280697,84.14547101020922,5.07414401763828,14.580835134027797
Narayanganj,BD3067,Lakshmipur,BD2051,False,96.70819334279865,96.70819334279865,96.70819334279865,96.70819334279865,1937948,3909138,49976273,0.0025184652152214384,207.21232299784248,4.571698128371445,14.477140239287523
Narayanganj,BD3067,Lalmonirhat,BD5552,False,293.294527415544,293.294527415544,293.294527415544,293.294527415544,1428406,3909138,155014766,0.0002191130389072033,16.605186077780793,5.68117731715111,14.172069695197669
Narayanganj,BD3067,Madaripur,BD3054,False,70.20722825610528,70.20722825610528,70.20722825610528,70.20722825610528,1293027,3909138,39215133,0.0026388499322965385,262.3275711853239,4.251451272342254,14.07249653920651
Narayanganj,BD3067,Magura,BD4055,False,120.69830327700227,120.69830327700227,120.69830327700227,120.69830327700227,1033115,3909138,66876329,0.0007944173885547647,70.91634385892834,4.793294070647615,13.848089068139739
Narayanganj,BD3067,Manikganj,BD3056,False,65.33552681973212,65.33552681973212,65.33552681973212,65.33552681973212,1558025,3909138,37657108,0.003397761210749177,364.9855135740768,4.179535943770231,14.258929551497186
Narayanganj,BD3067,Meherpur,BD4057,False,190.56214360177376,190.56214360177376,190.56214360177376,190.56214360177376,705356,3909138,115266470,0.00019299753592707072,19.42384062668827,5.249978354503491,13.466457918881725
Narayanganj,BD3067,Moulvibazar,BD6058,False,159.73475492566214,159.73475492566214,159.73475492566214,159.73475492566214,2123447,3909138,97200812,0.0007952584891049168,83.22285036024613,5.073514657878557,14.568551269629545
Narayanganj,BD3067,Munshiganj,BD3059,False,27.390430520418704,27.390430520418704,27.390430520418704,27.390430520418704,1625416,3909138,0,0.29368509187912883,2166.540507818068,3.3101937013120533,14.301274340983566
Narayanganj,BD3067,Mymensingh,BD4561,False,109.56527165213909,109.56527165213909,109.56527165213909,109.56527165213909,5899005,3909138,56969542,0.005672352086377034,491.3974795525296,4.696520459813974,15.590294250586142
Narayanganj,BD3067,Naogaon,BD5064,False,226.63719914444215,226.63719914444215,226.63719914444215,226.63719914444215,2784599,3909138,138276255,0.00052809319025129,54.21260471833054,5.423350497276299,14.839614435339252
Narayanganj,BD3067,Narail,BD4065,False,121.30260152227339,121.30260152227339,121.30260152227339,121.30260152227339,788671,3909138,67909444,0.0005912348722639883,53.598870971125635,4.798288262729694,13.57810452934276
Narayanganj,BD3067,Narayanganj,BD3067,True,0.0,15.036915025239582,1.0,13.566257836297233,3909138,3909138,0,0.5,17288.746687488856,2.7105081794794317,15.178827447298536
Narayanganj,BD3067,Narsingdi,BD3068,False,36.838445879645164,36.838445879645164,36.838445879645164,36.838445879645164,2584452,3909138,16360117,0.02180996814067443,1904.433754318839,3.606542024819881,14.765024051188075
Narayanganj,BD3067,Natore,BD5069,False,168.12082889382845,168.12082889382845,168.12082889382845,168.12082889382845,1859922,3909138,101473951,0.0006433329717362928,65.80390797838285,5.124682940494905,14.436045109326196
Narayanganj,BD3067,Netrakona,BD4572,False,130.43061613019657,130.43061613019657,130.43061613019657,130.43061613019657,2324853,3909138,78590887,0.001298671099872026,136.6584234210977,4.870841408209082,14.659167369198306
Narayanganj,BD3067,Nilphamari,BD5573,False,305.1854662763382,305.1854662763382,305.1854662763382,305.1854662763382,2092568,3909138,156443172,0.00031403592909327036,22.467351746011293,5.7209196779498726,14.553902577830893
Narayanganj,BD3067,Noakhali,BD2075,False,127.38131539539494,127.38131539539494,127.38131539539494,127.38131539539494,3625442,3909138,74965445,0.002177964554082762,223.43412480382673,4.84718507143563,15.103486769872411
Narayanganj,BD3067,Pabna,BD5076,False,126.68744422633485,126.68744422633485,126.68744422633485,126.68744422633485,2909624,3909138,72055821,0.0018983115427254945,181.28827670235762,4.841722983966122,14.8835344211774
Narayanganj,BD3067,Panchagarh,BD5577,False,349.0915078453427,349.0915078453427,349.0915078453427,349.0915078453427,1179843,3909138,160069635,0.00017030066939236307,9.68156692701978,5.855334087963902,13.98089193674234
Narayanganj,BD3067,Patuakhali,BD1078,False,171.3739604772075,171.3739604772075,171.3739604772075,171.3739604772075,1727254,3909138,103333873,0.0005777769384047014,58.81208011856914,5.14384807208557,14.362043422168306
Narayanganj,BD3067,Pirojpur,BD1079,False,145.14974836818286,145.14974836818286,145.14974836818286,145.14974836818286,1198195,3909138,81576900,0.0006320816825891284,56.87153213467284,4.977765956870671,13.996326815697198
Narayanganj,BD3067,Rajbari,BD3082,False,103.4759632484064,103.4759632484064,103.4759632484064,103.4759632484064,1189818,3909138,53209278,0.0013965467992224975,111.12239139398706,4.639339346587906,13.989310912214547
Narayanganj,BD3067,Rajshahi,BD5081,False,212.2717046530888,212.2717046530888,212.2717046530888,212.2717046530888,2915009,3909138,134404815,0.0005833526046702931,64.69276074080474,5.3578670798129275,14.885383465240523
Narayanganj,BD3067,Rangamati,BD2084,False,200.1795096777742,200.1795096777742,200.1795096777742,200.1795096777742,647586,3909138,128998414,0.0001426159811562433,16.160627091491925,5.2992145123812096,13.381006882269048
Narayanganj,BD3067,Rangpur,BD5585,False,253.47473633918725,253.47473633918725,253.47473633918725,253.47473633918725,3169614,3909138,143390014,0.0005590372830756,49.332942095649244,5.535264158653418,14.9691203718778
Narayanganj,BD3067,Satkhira,BD4087,False,209.71219513022277,209.71219513022277,209.71219513022277,209.71219513022277,2196582,3909138,132208233,0.0004560882422944257,49.94592354890486,5.345736091344364,14.602413073820426
Narayanganj,BD3067,Shariatpur,BD3086,False,55.66866112971435,55.66866112971435,55.66866112971435,55.66866112971435,1294562,3909138,26843767,0.005134805541855131,417.73542116489415,4.019417351784317,14.073682971966935
Narayanganj,BD3067,Sherpur,BD4589,False,159.48889087513342,159.48889087513342,159.48889087513342,159.48889087513342,1501853,3909138,92622815,0.0006203852619301158,59.04274639744649,5.0719742701135635,14.22221023700936
Narayanganj,BD3067,Sirajganj,BD5088,False,124.06229384647601,124.06229384647601,124.06229384647601,124.06229384647601,3357706,3909138,68698115,0.0023797446271965977,218.1539360557992,4.820783809189256,15.026768560672359
Narayanganj,BD3067,Sunamganj,BD6090,False,155.94272291428362,155.94272291428362,155.94272291428362,155.94272291428362,2695496,3909138,87427581,0.001226867382997475,110.84304945828164,5.049488779023631,14.80709278991802
Narayanganj,BD3067,Sylhet,BD6091,False,195.13409853716104,195.13409853716104,195.13409853716104,195.13409853716104,3857123,3909138,125141291,0.0008790941276246352,101.29713339760212,5.273687007022853,15.16543212675189
Narayanganj,BD3067,Tangail,BD3093,False,91.74696062619913,91.74696062619913,91.74696062619913,91.74696062619913,4037608,3909138,45938665,0.005876083150850993,479.66803744560707,4.519034359696051,15.2111629953813
Narayanganj,BD3067,Thakurgaon,BD5594,False,338.0592455800596,338.0592455800596,338.0592455800596,338.0592455800596,1533895,3909138,158535740,0.00022510387919315102,13.421776290972968,5.823221162904028,14.243320810065981
Narsingdi,BD3068,Bagerhat,BD4001,False,210.03316817644313,210.03316817644313,210.03316817644313,210.03316817644313,1613076,2584452,128547002,0.0002394968409746973,36.56613538140363,5.347265461943024,14.293653473170336
Narsingdi,BD3068,Bandarban,BD2003,False,293.4606279696364,293.4606279696364,293.4606279696364,293.4606279696364,481106,2584452,156556052,4.894821147100891e-05,5.586516528841359,5.68174348365857,13.08384289902944
Narsingdi,BD3068,Barguna,BD1004,False,217.45766807909894,217.45766807909894,217.45766807909894,217.45766807909894,1010531,2584452,130865434,0.00014554773472718788,21.36978672370504,5.3820042020645715,13.825986493237492
Narsingdi,BD3068,Barishal,BD1006,False,139.54715981135735,139.54715981135735,139.54715981135735,139.54715981135735,2570446,2584452,77633924,0.0010003025745923013,131.99773562476187,4.938402607294797,14.759589982670962
Narsingdi,BD3068,Bhola,BD1009,False,185.36184940567438,185.36184940567438,185.36184940567438,185.36184940567438,1932518,2584452,107241317,0.0004069190566907129,56.244859985135946,5.22230985744635,14.474334373759973
Narsingdi,BD3068,Bogura,BD5010,False,168.20213498622738,168.20213498622738,168.20213498622738,168.20213498622738,3734297,2584452,95632202,0.0009638310440912832,131.99146456260533,5.125166440598762,15.133070139288687
Narsingdi,BD3068,Brahmanbaria,BD2012,False,31.994518956100837,31.994518956100837,31.994518956100837,31.994518956100837,3306563,2584452,0,0.5612891836126712,3230.171879538668,3.465564605507334,15.011419839295048
Narsingdi,BD3068,Chandpur,BD2013,False,81.03109752922448,81.03109752922448,81.03109752922448,81.03109752922448,2635748,2584452,40677996,0.0034305649786647214,401.421327776943,4.394833001107852,14.784677570641602
Narsingdi,BD3068,Chapainawabganj,BD5070,False,266.2507028569559,266.2507028569559,266.2507028569559,266.2507028569559,1835528,2584452,147884314,0.00020700030115133715,25.892828093812437,5.584438356858483,14.422842736501666
Narsingdi,BD3068,Chattogram,BD2015,False,204.47229334493835,204.47229334493835,204.47229334493835,204.47229334493835,9169465,2584452,116693852,0.001546765394002505,219.31839605238824,5.320432481438126,16.031389500109725
Narsingdi,BD3068,Chuadanga,BD4018,False,200.70310074901528,200.70310074901528,200.70310074901528,200.70310074901528,1234054,2584452,114812212,0.00022900750740378258,30.635572442800637,5.301826705354174,14.025815242619684
Narsingdi,BD3068,Cox's Bazar,BD2022,False,309.7408223810362,309.7408223810362,309.7408223810362,309.7408223810362,2823268,2584452,157037158,0.0002813992056007912,29.427624890140663,5.7357358909533875,14.853405637196515
Narsingdi,BD3068,Cumilla,BD2019,False,68.24457103691023,68.24457103691023,68.24457103691023,68.24457103691023,6212216,2584452,32106894,0.011314431531202382,1333.8602525071099,4.223097885654441,15.642028234056378
Narsingdi,BD3068,Dhaka,BD3026,False,58.26282882511509,58.26282882511509,58.26282882511509,58.26282882511509,14734701,2584452,15746777,0.06282571982978354,4340.6842286959345,4.064964305538159,16.50571588212586
Narsingdi,BD3068,Dinajpur,BD5527,False,270.0727843591264,270.0727843591264,270.0727843591264,270.0727843591264,3315236,2584452,149719842,0.00036149864451594005,45.45197990222282,5.598691494370921,15.014039370621646
Narsingdi,BD3068,Faridpur,BD3029,False,111.49466719131523,111.49466719131523,111.49466719131523,111.49466719131523,2162879,2584452,59720824,0.0013916519387324078,173.9898977804331,4.713976761875803,14.586950762547518
Narsingdi,BD3068,Feni,BD2030,False,129.1644234263869,129.1644234263869,129.1644234263869,129.1644234263869,1648896,2584452,73188118,0.0007264208933891657,98.83424412137302,4.861086192952962,14.315616531026453
Narsingdi,BD3068,Gaibandha,BD5532,False,192.83544520375878,192.83544520375878,192.83544520375878,192.83544520375878,2562233,2584452,112249979,0.0004912009659118165,68.90407241795971,5.261837209696967,14.756389701878161
Narsingdi,BD3068,Gazipur,BD3033,False,35.00173366511315,35.00173366511315,35.00173366511315,35.00173366511315,5263450,2584452,3306563,0.2070141819006009,4296.268250416641,3.555397593551628,15.476297263245858
Narsingdi,BD3068,Gopalganj,BD3035,False,133.6948744339097,133.6948744339097,133.6948744339097,133.6948744339097,1295057,2584452,74837014,0.0005491994089041406,72.45349976148752,4.8955601470522465,14.07406526759114
Narsingdi,BD3068,Habiganj,BD6036,False,78.08356765996886,78.08356765996886,78.08356765996886,78.08356765996886,2358886,2584452,38319110,0.0034451108781423305,386.8901353748374,4.357779633427377,14.673700031660417
Narsingdi,BD3068,Jamalpur,BD4539,False,143.0096711873469,143.0096711873469,143.0096711873469,143.0096711873469,2499738,2584452,83113994,0.0008547328055109271,122.22602163100241,4.9629122586538035,14.731696484346525
Narsingdi,BD3068,Jashore,BD4041,False,191.95763100244835,191.95763100244835,191.95763100244835,191.95763100244835,3076144,2584452,109173835,0.0006194742707455445,83.48258697837144,5.257274675813916,14.939187422556142
Narsingdi,BD3068,Jhalokati,BD1042,False,169.96391727928236,169.96391727928236,169.96391727928236,169.96391727928236,661160,2584452,99366499,0.00016333721189818847,22.88722330515937,5.135586163223428,13.40175114703129
Narsingdi,BD3068,Jhenaidah,BD4044,False,180.81206678141552,180.81206678141552,180.81206678141552,180.81206678141552,2005849,2584452,104037273,0.0004475905635970766,61.35407535690062,5.197458186778643,14.511577970493308
Narsingdi,BD3068,Joypurhat,BD5038,False,209.59686613333898,209.59686613333898,209.59686613333898,209.59686613333898,956431,2584452,127590571,0.00014480633934959666,21.771285570572083,5.345186000681193,13.770963927257238
Narsingdi,BD3068,Khagrachhari,BD2046,False,152.03670398964448,152.03670398964448,152.03670398964448,152.03670398964448,714119,2584452,90272289,0.00021241491134297094,30.893968277574775,5.024121965312298,13.478804894101042
Narsingdi,BD3068,Khulna,BD4047,False,217.5645578094529,217.5645578094529,217.5645578094529,217.5645578094529,2613385,2584452,131875965,0.0003664569409519807,55.21118866044019,5.382495624001861,14.776156873871212
Narsingdi,BD3068,Kishoreganj,BD3048,False,44.97728988630605,44.97728988630605,44.97728988630605,44.97728988630605,3267626,2584452,12479151,0.030583020050273,1615.2724141925985,3.8061576931887626,14.999574285328466
Narsingdi,BD3068,Kurigram,BD5549,False,226.80303974391896,226.80303974391896,226.80303974391896,226.80303974391896,2329160,2584452,137404359,0.0003021445224621989,45.27949570110267,5.424081974514746,14.66101824551926
Narsingdi,BD3068,Kushtia,BD4050,False,178.1690695649976,178.1690695649976,178.1690695649976,178.1690695649976,2149692,2584452,101887581,0.0004987684341597786,67.71916838652916,5.182732928506779,14.580835134027797
Narsingdi,BD3068,Lakshmipur,BD2051,False,123.77170468869033,123.77170468869033,123.77170468869033,123.77170468869033,1937948,2584452,64579199,0.0010791658582004566,126.50257760713386,4.818438777493283,14.477140239287523
Narsingdi,BD3068,Lalmonirhat,BD5552,False,276.58947544242824,276.58947544242824,276.58947544242824,276.58947544242824,1428406,2584452,153035078,0.00015105106928597813,18.67154967630541,5.6225343687686005,14.172069695197669
Narsingdi,BD3068,Madaripur,BD3054,False,106.97530769811831,106.97530769811831,106.97530769811831,106.97530769811831,1293027,2584452,58427797,0.0008790917532661033,112.99012911115679,4.672598038654138,14.07249653920651
Narsingdi,BD3068,Magura,BD4055,False,149.86482884070023,149.86482884070023,149.86482884070023,149.86482884070023,1033115,2584452,85613732,0.00033926595385291093,45.99908820281091,5.00973374676256,13.848089068139739
Narsingdi,BD3068,Manikganj,BD3056,False,85.54813206862464,85.54813206862464,85.54813206862464,85.54813206862464,1558025,2584452,49212749,0.0014570002850337186,212.8890674743912,4.449079165717884,14.258929551497186
Narsingdi,BD3068,Meherpur,BD4057,False,211.31248485033456,211.31248485033456,211.31248485033456,211.31248485033456,705356,2584452,130160078,0.00010290630731172028,15.796397399305397,5.35333800877492,13.466457918881725
Narsingdi,BD3068,Moulvibazar,BD6058,False,127.4228554815308,127.4228554815308,127.4228554815308,127.4228554815308,2123447,2584452,71064671,0.0009834002152699622,130.78163405823815,4.84751112643199,14.568551269629545
Narsingdi,BD3068,Munshiganj,BD3059,False,64.1871839287444,64.1871839287444,64.1871839287444,64.1871839287444,1625416,2584452,30481478,0.00366210766726872,394.518965537781,4.161803563489614,14.301274340983566
Narsingdi,BD3068,Mymensingh,BD4561,False,84.98293621302898,84.98293621302898,84.98293621302898,84.98293621302898,5899005,2584452,43313744,0.006412765020074385,816.7991929457136,4.442450485902297,15.590294250586142
Narsingdi,BD3068,Naogaon,BD5064,False,227.66366485315888,227.66366485315888,227.66366485315888,227.66366485315888,2784599,2584452,139733519,0.00034849478649825305,53.72485072151266,5.4278693856905385,14.839614435339252
Narsingdi,BD3068,Narail,BD4065,False,155.53538781527362,155.53538781527362,155.53538781527362,155.53538781527362,788671,2584452,90986408,0.00023085428904521984,32.60148922692912,5.046873280102919,13.57810452934276
Narsingdi,BD3068,Narayanganj,BD3067,False,36.838445879645164,36.838445879645164,36.838445879645164,36.838445879645164,3909138,2584452,8570013,0.06012732268263966,2880.5697910003505,3.606542024819881,15.178827447298536
Narsingdi,BD3068,Narsingdi,BD3068,True,0.0,18.345010018650765,1.0,17.496587274193605,2584452,2584452,0,0.5,7679.4932686873335,2.9093576039314226,14.765024051188075
Narsingdi,BD3068,Natore,BD5069,False,176.1381581427267,176.1381581427267,176.1381581427267,176.1381581427267,1859922,2584452,100027659,0.00044839889507819036,59.949812642627876,5.1712686765423905,14.436045109326196
Narsingdi,BD3068,Netrakona,BD4572,False,96.83966500577587,96.83966500577587,96.83966500577587,96.83966500577587,2324853,2584452,56102944,0.0016780391704009805,247.90708620844396,4.573056672809185,14.659167369198306
Narsingdi,BD3068,Nilphamari,BD5573,False,291.68220034069907,291.68220034069907,291.68220034069907,291.68220034069907,2092568,2584452,154463484,0.00021638895425824225,24.595730443461537,5.675664854582299,14.553902577830893
Narsingdi,BD3068,Noakhali,BD2075,False,149.8666078250488,149.8666078250488,149.8666078250488,149.8666078250488,3625442,2584452,86646847,0.001130833797237883,161.4177193785487,5.009745617284841,15.103486769872411
Narsingdi,BD3068,Pabna,BD5076,False,141.06778331890902,141.06778331890902,141.06778331890902,141.06778331890902,2909624,2584452,80204370,0.0010598897472902367,146.21138337322287,4.949240507621416,14.8835344211774
Narsingdi,BD3068,Panchagarh,BD5577,False,336.6951979893269,336.6951979893269,336.6951979893269,336.6951979893269,1179843,2584452,161394321,0.00011259103812974408,10.40759479711028,5.819178064079365,13.98089193674234
Narsingdi,BD3068,Patuakhali,BD1078,False,205.02699709885832,205.02699709885832,205.02699709885832,205.02699709885832,1727254,2584452,125863317,0.0002669749102486762,41.0898073708361,5.3231416636327875,14.362043422168306
Narsingdi,BD3068,Pirojpur,BD1079,False,181.69315871733934,181.69315871733934,181.69315871733934,181.69315871733934,1198195,2584452,106043122,0.0002595682924968513,36.29529684459232,5.202319323165162,13.996326815697198
Narsingdi,BD3068,Rajbari,BD3082,False,126.94331084124912,126.94331084124912,126.94331084124912,126.94331084124912,1189818,2584452,69874853,0.0005762185848813205,73.83476427001486,4.843740615476507,13.989310912214547
Narsingdi,BD3068,Rajshahi,BD5081,False,221.22452833878594,221.22452833878594,221.22452833878594,221.22452833878594,2915009,2584452,134489350,0.00039260930360120037,59.56255846716432,5.399178151108135,14.885383465240523
Narsingdi,BD3068,Rangamati,BD2084,False,201.5320258505878,201.5320258505878,201.5320258505878,201.5320258505878,647586,2584452,116046266,0.00011827890836482355,15.944441453951915,5.305948305981316,13.381006882269048
Narsingdi,BD3068,Rangpur,BD5585,False,239.99474555925306,239.99474555925306,239.99474555925306,239.99474555925306,3169614,2584452,142518118,0.0003807501278802806,55.030430424755394,5.4806170295992125,14.9691203718778
Narsingdi,BD3068,Satkhira,BD4087,False,245.81879931683247,245.81879931683247,245.81879931683247,245.81879931683247,2196582,2584452,145687732,0.00025445433088689816,36.35107296208427,5.504594676375071,14.602413073820426
Narsingdi,BD3068,Shariatpur,BD3086,False,91.80501192362895,91.80501192362895,91.80501192362895,91.80501192362895,1294562,2584452,54808382,0.0009933191656840174,153.5995955325916,4.519666892254094,14.073682971966935
Narsingdi,BD3068,Sherpur,BD4589,False,139.3424153191584,139.3424153191584,139.3424153191584,139.3424153191584,1501853,2584452,76132071,0.0006146899730647157,77.35007836274987,4.936934323448859,14.22221023700936
Narsingdi,BD3068,Sirajganj,BD5088,False,126.6562154542034,126.6562154542034,126.6562154542034,126.6562154542034,3357706,2584452,66517147,0.0017331209665406397,209.30984341541955,4.841476451076141,15.026768560672359
Narsingdi,BD3068,Sunamganj,BD6090,False,119.16154414385869,119.16154414385869,119.16154414385869,119.16154414385869,2695496,2584452,61883703,0.0016088947133016565,189.8306990393078,4.780480086336637,14.80709278991802
Narsingdi,BD3068,Sylhet,BD6091,False,159.67322432522747,159.67322432522747,159.67322432522747,159.67322432522747,3857123,2584452,91775079,0.0010756254035314862,151.28619424737454,5.0731293788298615,15.16543212675189
Narsingdi,BD3068,Tangail,BD3093,False,87.88626762131886,87.88626762131886,87.88626762131886,87.88626762131886,4037608,2584452,50770774,0.0034076735922486012,522.7356385178402,4.476043565197627,15.2111629953813
Narsingdi,BD3068,Thakurgaon,BD5594,False,329.7358253113461,329.7358253113461,329.7358253113461,329.7358253113461,1533895,2584452,159860426,0.00014882313461138939,14.10793212205665,5.798291804506232,14.243320810065981
Natore,BD5069,Bagerhat,BD4001,False,233.28101662239888,233.28101662239888,233.28101662239888,233.28101662239888,1613076,1859922,124932533,0.0001842775455420596,29.64121702033594,5.4522438067600385,14.293653473170336
Natore,BD5069,Bandarban,BD2003,False,440.6647285715785,440.6647285715785,440.6647285715785,440.6647285715785,481106,1859922,159994320,3.405636737660097e-05,2.477560066564329,6.088284333636071,13.08384289902944
Natore,BD5069,Barguna,BD1004,False,270.4525944989172,270.4525944989172,270.4525944989172,270.4525944989172,1010531,1859922,133537939,0.00010176336972090097,13.815523208635483,5.6000968315378925,13.825986493237492
Natore,BD5069,Barishal,BD1006,False,216.29260983963204,216.29260983963204,216.29260983963204,216.29260983963204,2570446,1859922,110914091,0.0003675339354173395,54.9446134921836,5.376632166123055,14.759589982670962
Natore,BD5069,Bhola,BD1009,False,282.7295668945642,282.7295668945642,282.7295668945642,282.7295668945642,1932518,1859922,141550062,0.000172443274015392,24.175813234097543,5.6444908467600605,14.474334373759973
Natore,BD5069,Bogura,BD5010,False,57.52878104602162,57.52878104602162,57.52878104602162,57.52878104602162,3734297,1859922,11332031,0.031105253192649635,1128.336174027601,4.05228536250579,15.133070139288687
Natore,BD5069,Brahmanbaria,BD2012,False,208.05461368169603,208.05461368169603,208.05461368169603,208.05461368169603,3306563,1859922,102358395,0.0005488055707746469,76.387465399933,5.337800611014342,15.011419839295048
Natore,BD5069,Chandpur,BD2013,False,210.92975211689358,210.92975211689358,210.92975211689358,210.92975211689358,2635748,1859922,105664958,0.00041386933337961767,59.241793925002796,5.351525149687163,14.784677570641602
Natore,BD5069,Chapainawabganj,BD5070,False,91.18787130922873,91.18787130922873,91.18787130922873,91.18787130922873,1835528,1859922,21936586,0.005597052871579016,220.74295832102496,4.512921898205941,14.422842736501666
Natore,BD5069,Chattogram,BD2015,False,353.52795363051854,353.52795363051854,353.52795363051854,353.52795363051854,9169465,1859922,150177269,0.0006958344434130655,73.36627652786404,5.867962558958511,16.031389500109725
Natore,BD5069,Chuadanga,BD4018,False,89.212607836084,89.212607836084,89.212607836084,89.212607836084,1234054,1859922,20702532,0.0042749331740530245,155.05354308332932,4.491022373051775,14.025815242619684
Natore,BD5069,Cox's Bazar,BD2022,False,443.45458498964246,443.45458498964246,443.45458498964246,443.45458498964246,2823268,1859922,160475426,0.00019585402714860576,14.356672933906514,6.0945953951300265,14.853405637196515
Natore,BD5069,Cumilla,BD2019,False,224.0103609553722,224.0103609553722,224.0103609553722,224.0103609553722,6212216,1859922,116860962,0.0007789985355070044,123.7970614815643,5.411692305050399,15.642028234056378
Natore,BD5069,Dhaka,BD3026,False,135.3297245920348,135.3297245920348,135.3297245920348,135.3297245920348,14734701,1859922,41133414,0.011042009698499718,804.5535056063443,4.907714205001993,16.50571588212586
Natore,BD5069,Dinajpur,BD5527,False,142.18976342060685,142.18976342060685,142.18976342060685,142.18976342060685,3315236,1859922,70200184,0.0011352329524644631,163.9750554694209,4.9571625275810804,15.014039370621646
Natore,BD5069,Faridpur,BD3029,False,126.0504361841206,126.0504361841206,126.0504361841206,126.0504361841206,2162879,1859922,37468682,0.0024652414805002563,136.12676326949907,4.8366821140335,14.586950762547518
Natore,BD5069,Feni,BD2030,False,282.21980752902743,282.21980752902743,282.21980752902743,282.21980752902743,1648896,1859922,139901166,0.0001508521731365469,20.70228493982542,5.642686226640251,14.315616531026453
Natore,BD5069,Gaibandha,BD5532,False,110.52262905124945,110.52262905124945,110.52262905124945,110.52262905124945,2562233,1859922,34906449,0.0032957484426500497,209.7568759189165,4.705220287785762,14.756389701878161
Natore,BD5069,Gazipur,BD3033,False,141.22725312587218,141.22725312587218,141.22725312587218,141.22725312587218,5263450,1859922,61767120,0.002233388179846564,263.8964070929238,4.950370317241412,15.476297263245858
Natore,BD5069,Gopalganj,BD3035,False,164.1214270027594,164.1214270027594,164.1214270027594,164.1214270027594,1295057,1859922,77380235,0.0003774439519585977,48.079319795095756,5.1006065624104195,14.07406526759114
Natore,BD5069,Habiganj,BD6036,False,237.3583894943261,237.3583894943261,237.3583894943261,237.3583894943261,2358886,1859922,129241105,0.000250752200624772,41.869500488125,5.469571190883402,14.673700031660417
Natore,BD5069,Jamalpur,BD4539,False,101.15151971464532,101.15151971464532,101.15151971464532,101.15151971464532,2499738,1859922,29815571,0.00429491310858222,244.31473914875974,4.616619587867131,14.731696484346525
Natore,BD5069,Jashore,BD4041,False,143.78549436988774,143.78549436988774,143.78549436988774,143.78549436988774,3076144,1859922,73515420,0.0009675444437744501,148.79094833219824,4.968322566554128,14.939187422556142
Natore,BD5069,Jhalokati,BD1042,False,230.04005988294054,230.04005988294054,230.04005988294054,230.04005988294054,661160,1859922,124271373,7.689268689417375e-05,12.493946071491994,5.438253467160858,13.40175114703129
Natore,BD5069,Jhenaidah,BD4044,False,99.09162231461171,99.09162231461171,99.09162231461171,99.09162231461171,2005849,1859922,27809722,0.003969695997709855,204.27929902975387,4.596044900069309,14.511577970493308
Natore,BD5069,Joypurhat,BD5038,False,79.21653430410916,79.21653430410916,79.21653430410916,79.21653430410916,956431,1859922,18556283,0.004076761157290154,152.41298457732603,4.372185043497718,13.770963927257238
Natore,BD5069,Khagrachhari,BD2046,False,321.38866152159136,321.38866152159136,321.38866152159136,321.38866152159136,714119,1859922,149463150,5.773116655808959e-05,6.913683374006331,5.772651174279097,13.478804894101042
Natore,BD5069,Khulna,BD4047,False,215.49622046487568,215.49622046487568,215.49622046487568,215.49622046487568,2613385,1859922,108300706,0.000391257510843303,56.276111171566455,5.37294337094395,14.776156873871212
Natore,BD5069,Kishoreganj,BD3048,False,187.93069321542671,187.93069321542671,187.93069321542671,187.93069321542671,3267626,1859922,97556874,0.0005953368278191035,92.52027427249732,5.236073241751254,14.999574285328466
Natore,BD5069,Kurigram,BD5549,False,168.48901412002814,168.48901412002814,168.48901412002814,168.48901412002814,2329160,1859922,84209846,0.0005693724166469462,82.04576049173522,5.126870549566204,14.66101824551926
Natore,BD5069,Kushtia,BD4050,False,51.285522559090914,51.285522559090914,51.285522559090914,51.285522559090914,2149692,1859922,5824633,0.052906756376310086,817.3097320233752,3.937408501023851,14.580835134027797
Natore,BD5069,Lakshmipur,BD2051,False,244.67753171734338,244.67753171734338,244.67753171734338,244.67753171734338,1937948,1859922,131599991,0.00019946844877884217,32.37083769142244,5.499941146524493,14.477140239287523
Natore,BD5069,Lalmonirhat,BD5552,False,187.71123304282395,187.71123304282395,187.71123304282395,187.71123304282395,1428406,1859922,96128468,0.000272716875528692,40.538823510502375,5.234904787528065,14.172069695197669
Natore,BD5069,Madaripur,BD3054,False,169.52142887692028,169.52142887692028,169.52142887692028,169.52142887692028,1293027,1859922,86539006,0.0003033205510323259,44.99439171472818,5.132979342882285,14.07249653920651
Natore,BD5069,Magura,BD4055,False,110.01342871652764,110.01342871652764,110.01342871652764,110.01342871652764,1033115,1859922,33873334,0.001462581388567194,85.36056218120791,4.700602437582512,13.848089068139739
Natore,BD5069,Manikganj,BD3056,False,105.94829037853623,105.94829037853623,105.94829037853623,105.94829037853623,1558025,1859922,32315309,0.0023729309674015184,138.79905706370167,4.662951148468369,14.258929551497186
Natore,BD5069,Meherpur,BD4057,False,75.7330437614918,75.7330437614918,75.7330437614918,75.7330437614918,705356,1859922,17850927,0.0032600386403842125,122.98086444875979,4.327214574599726,13.466457918881725
Natore,BD5069,Moulvibazar,BD6058,False,286.56769629575393,286.56769629575393,286.56769629575393,286.56769629575393,2123447,1859922,143482580,0.00018426878620019996,25.85752545368493,5.657974795488574,14.568551269629545
Natore,BD5069,Munshiganj,BD3059,False,165.25121931619802,165.25121931619802,165.25121931619802,165.25121931619802,1625416,1859922,78675292,0.0004568879290677562,59.521680619658355,5.107466857319993,14.301274340983566
Natore,BD5069,Mymensingh,BD4561,False,140.26995954681516,140.26995954681516,140.26995954681516,140.26995954681516,5899005,1859922,55868115,0.0029870670579975438,299.81228253139415,4.943568848336409,15.590294250586142
Natore,BD5069,Naogaon,BD5064,False,66.95038718849307,66.95038718849307,66.95038718849307,66.95038718849307,2784599,1859922,15066328,0.015523559560548086,621.2358028542073,4.2039518553690485,14.839614435339252
Natore,BD5069,Narail,BD4065,False,147.81116214974202,147.81116214974202,147.81116214974202,147.81116214974202,788671,1859922,76591564,0.0002359631046447607,36.097856037886665,4.9959355276498885,13.57810452934276
Natore,BD5069,Narayanganj,BD3067,False,168.12082889382845,168.12082889382845,168.12082889382845,168.12082889382845,3909138,1859922,80300708,0.0010281615072834445,138.3050242035954,5.124682940494905,15.178827447298536
Natore,BD5069,Narsingdi,BD3068,False,176.1381581427267,176.1381581427267,176.1381581427267,176.1381581427267,2584452,1859922,87832033,0.000580789873924563,83.30317786652607,5.1712686765423905,14.765024051188075
Natore,BD5069,Natore,BD5069,True,0.0,23.581333429650847,1.0,22.375654992901904,1859922,1859922,0,0.5,3344.706493757908,3.1604554426898055,14.436045109326196
Natore,BD5069,Netrakona,BD4572,False,185.85609463348158,185.85609463348158,185.85609463348158,185.85609463348158,2324853,1859922,93803615,0.0004612848306115871,67.30415614229044,5.224972689498452,14.659167369198306
Natore,BD5069,Nilphamari,BD5573,False,183.52060190030878,183.52060190030878,183.52060190030878,183.52060190030878,2092568,1859922,90416485,0.0004469453233574132,62.13122692413459,5.212326933128891,14.553902577830893
Natore,BD5069,Noakhali,BD2075,False,279.8670449419145,279.8670449419145,279.8670449419145,279.8670449419145,3625442,1859922,136275724,0.0003443442952206864,46.286829846300556,5.634314650904114,15.103486769872411
Natore,BD5069,Pabna,BD5076,False,47.327048253325074,47.327048253325074,47.327048253325074,47.327048253325074,2909624,1859922,2915009,0.14748429561230375,1299.0265661653343,3.8570819767362012,14.8835344211774
Natore,BD5069,Panchagarh,BD5577,False,217.94615794338893,217.94615794338893,217.94615794338893,217.94615794338893,1179843,1859922,113484537,0.00016326974151132756,24.838524024501346,5.384248050372974,13.98089193674234
Natore,BD5069,Patuakhali,BD1078,False,277.906022786452,277.906022786452,277.906022786452,277.906022786452,1727254,1859922,134548470,0.00017049203168937026,22.36455644529381,5.627283009008942,14.362043422168306
Natore,BD5069,Pirojpur,BD1079,False,225.180427853855,225.180427853855,225.180427853855,225.180427853855,1198195,1859922,123073178,0.0001414235919185005,23.630136100844183,5.416901982425826,13.996326815697198
Natore,BD5069,Rajbari,BD3082,False,87.12384615141211,87.12384615141211,87.12384615141211,87.12384615141211,1189818,1859922,19512714,0.004589135100571981,156.74960529053368,4.4673306253937035,13.989310912214547
Natore,BD5069,Rajshahi,BD5081,False,45.0945014883312,45.0945014883312,45.0945014883312,45.0945014883312,2915009,1859922,0,0.6104819106286562,1433.4835696077805,3.808760320857182,14.885383465240523
Natore,BD5069,Rangamati,BD2084,False,368.1446905774886,368.1446905774886,368.1446905774886,368.1446905774886,647586,1859922,159346734,4.6162054276791526e-05,4.778156480839723,5.908476041810657,13.381006882269048
Natore,BD5069,Rangpur,BD5585,False,141.95645753540677,141.95645753540677,141.95645753540677,141.95645753540677,3169614,1859922,67030570,0.0011875363851011403,157.28817381352988,4.9555203735039,14.9691203718778
Natore,BD5069,Satkhira,BD4087,False,222.23996950126332,222.23996950126332,222.23996950126332,222.23996950126332,2196582,1859922,114664380,0.00029532384904829847,44.47368163480258,5.403757741772687,14.602413073820426
Natore,BD5069,Shariatpur,BD3086,False,184.23875556711104,184.23875556711104,184.23875556711104,184.23875556711104,1294562,1859922,92509053,0.0002667116058093087,38.1382596977624,5.216232501077498,14.073682971966935
Natore,BD5069,Sherpur,BD4589,False,126.65083905793303,126.65083905793303,126.65083905793303,126.65083905793303,1501853,1859922,39631561,0.001565892901199467,93.62919377244208,4.841434001439028,14.22221023700936
Natore,BD5069,Sirajganj,BD5088,False,51.950978742225224,51.950978742225224,51.950978742225224,51.950978742225224,3357706,1859922,7974325,0.04813790559913431,1244.099738557041,3.950300557449097,15.026768560672359
Natore,BD5069,Sunamganj,BD6090,False,236.58413852490293,236.58413852490293,236.58413852490293,236.58413852490293,2695496,1859922,126545609,0.0002978129634935898,48.15788913213077,5.466303910095465,14.80709278991802
Natore,BD5069,Sylhet,BD6091,False,299.18286400842584,299.18286400842584,299.18286400842584,299.18286400842584,3857123,1859922,145606027,0.00032148544880129354,43.091345790746075,5.701054971761067,15.16543212675189
Natore,BD5069,Tangail,BD3093,False,92.38844262892817,92.38844262892817,92.38844262892817,92.38844262892817,4037608,1859922,23772114,0.009874689396789392,473.03019008784656,4.526001891051006,15.2111629953813
Natore,BD5069,Thakurgaon,BD5594,False,193.96032655193474,193.96032655193474,193.96032655193474,193.96032655193474,1533895,1859922,100824500,0.00026658870491803416,40.77273256033758,5.267653635840265,14.243320810065981
Netrakona,BD4572,Bagerhat,BD4001,False,300.01591668979825,300.01591668979825,300.01591668979825,300.01591668979825,1613076,2324853,150368561,0.00015916436079978197,17.921164978728445,5.703835528881462,14.293653473170336
Netrakona,BD4572,Bandarban,BD2003,False,374.2980938002754,374.2980938002754,374.2980938002754,374.2980938002754,481106,2324853,159529389,4.2569552843932646e-05,3.434041524764988,5.925052522191766,13.08384289902944
Netrakona,BD4572,Barguna,BD1004,False,312.37196149411676,312.37196149411676,312.37196149411676,312.37196149411676,1010531,2324853,156322276,9.275197407409849e-05,10.356322152747182,5.744194661998137,13.825986493237492
Netrakona,BD4572,Barishal,BD1006,False,234.62940099952732,234.62940099952732,234.62940099952732,234.62940099952732,2570446,2324853,118993080,0.00039760186203649777,46.69212299806184,5.458007252320638,14.759589982670962
Netrakona,BD4572,Bhola,BD1009,False,282.11447655771696,282.11447655771696,282.11447655771696,282.11447655771696,1932518,2324853,139266578,0.00022108419633197192,24.28134854765673,5.642312933804767,14.474334373759973
Netrakona,BD4572,Bogura,BD5010,False,147.9942648933579,147.9942648933579,147.9942648933579,147.9942648933579,3734297,2324853,65517050,0.001787877232853762,170.49791956822347,4.997173522292732,15.133070139288687
Netrakona,BD4572,Brahmanbaria,BD2012,False,104.87747666912372,104.87747666912372,104.87747666912372,104.87747666912372,3306563,2324853,30108114,0.006631881879194431,300.6161733408957,4.652792779947135,15.011419839295048
Netrakona,BD4572,Chandpur,BD2013,False,177.75751153235052,177.75751153235052,177.75751153235052,177.75751153235052,2635748,2324853,82327763,0.0008292827773991497,83.41573136992413,5.180420326762901,14.784677570641602
Netrakona,BD4572,Chapainawabganj,BD5070,False,261.05864179143987,261.05864179143987,261.05864179143987,261.05864179143987,1835528,2324853,132210371,0.00023259440839957545,26.93300833304767,5.56474506327891,14.422842736501666
Netrakona,BD4572,Chattogram,BD2015,False,288.1304725859631,288.1304725859631,288.1304725859631,288.1304725859631,9169465,2324853,141199096,0.0009727356085082576,110.44997299729877,5.663413407361294,16.031389500109725
Netrakona,BD4572,Chuadanga,BD4018,False,246.34602656092267,246.34602656092267,246.34602656092267,246.34602656092267,1234054,2324853,127194817,0.00016941032113877689,20.334946804263268,5.506737159616634,14.025815242619684
Netrakona,BD4572,Cox's Bazar,BD2022,False,396.69272671021156,396.69272671021156,396.69272671021156,396.69272671021156,2823268,2324853,160010495,0.00024481232147289915,17.94087540059642,5.983161992868242,14.853405637196515
Netrakona,BD4572,Cumilla,BD2019,False,160.5940634126315,160.5940634126315,160.5940634126315,160.5940634126315,6212216,2324853,73205923,0.002339201151043276,240.8726962264384,5.078879835777329,15.642028234056378
Netrakona,BD4572,Dhaka,BD3026,False,134.6978742756298,134.6978742756298,134.6978742756298,134.6978742756298,14734701,2324853,43304385,0.012437011544356367,812.1193222046709,4.903034302116069,16.50571588212586
Netrakona,BD4572,Dinajpur,BD5527,False,223.4970383290472,223.4970383290472,223.4970383290472,223.4970383290472,3315236,2324853,109881596,0.0005946050784286564,66.36986050238717,5.409398162641651,15.014039370621646
Netrakona,BD4572,Faridpur,BD3029,False,185.36522384354274,185.36522384354274,185.36522384354274,185.36522384354274,2162879,2324853,90279374,0.0005729797749366112,62.94709670598701,5.2223280618781915,14.586950762547518
Netrakona,BD4572,Feni,BD2030,False,215.93518265645037,215.93518265645037,215.93518265645037,215.93518265645037,1648896,2324853,104285576,0.00033214196931547277,35.36278395087801,5.374978282356853,14.315616531026453
Netrakona,BD4572,Gaibandha,BD5532,False,142.9760959049337,142.9760959049337,142.9760959049337,142.9760959049337,2562233,2324853,61396792,0.0014103250830207116,125.34059505504538,4.962677454782906,14.756389701878161
Netrakona,BD4572,Gazipur,BD3033,False,94.92525409486545,94.92525409486545,94.92525409486545,94.92525409486545,5263450,2324853,15722866,0.02908570708217605,584.1265750394554,4.553089782910337,15.476297263245858
Netrakona,BD4572,Gopalganj,BD3035,False,218.50733749232958,218.50733749232958,218.50733749232958,218.50733749232958,1295057,2324853,105934472,0.00025385709922539485,27.12419346057856,5.386819595172402,14.07406526759114
Netrakona,BD4572,Habiganj,BD6036,False,81.42326688277396,81.42326688277396,81.42326688277396,81.42326688277396,2358886,2324853,13363980,0.019368210207480935,355.8032464107722,4.399661066106469,14.673700031660417
Netrakona,BD4572,Jamalpur,BD4539,False,101.3168839924636,101.3168839924636,101.3168839924636,101.3168839924636,2499738,2324853,23570768,0.0079034424618661,243.51787373729968,4.6182530705395894,14.731696484346525
Netrakona,BD4572,Jashore,BD4041,False,260.7680866082978,260.7680866082978,260.7680866082978,260.7680866082978,3076144,2324853,129134227,0.0004043668684319458,45.237415095408565,5.563631455265537,14.939187422556142
Netrakona,BD4572,Jhalokati,BD1042,False,264.2232527054282,264.2232527054282,264.2232527054282,264.2232527054282,661160,2324853,134045899,8.22543956681844e-05,9.470316681093932,5.576794399969499,13.40175114703129
Netrakona,BD4572,Jhenaidah,BD4044,False,235.30205829105458,235.30205829105458,235.30205829105458,235.30205829105458,2005849,2324853,121563526,0.0002989904690462047,36.22820228155549,5.460870043213352,14.511577970493308
Netrakona,BD4572,Joypurhat,BD5038,False,179.27293546901652,179.27293546901652,179.27293546901652,179.27293546901652,956431,2324853,84963511,0.00028867135414485087,29.759400933914975,5.188909423701864,13.770963927257238
Netrakona,BD4572,Khagrachhari,BD2046,False,220.58012124641314,220.58012124641314,220.58012124641314,220.58012124641314,714119,2324853,109167477,0.0001327098859270882,14.677018645297299,5.396260990548777,13.478804894101042
Netrakona,BD4572,Khulna,BD4047,False,302.39272741006937,302.39272741006937,302.39272741006937,302.39272741006937,2613385,2324853,153708891,0.0002454415840623258,28.579900326763006,5.711726594446306,14.776156873871212
Netrakona,BD4572,Kishoreganj,BD3048,False,55.87529251275597,55.87529251275597,55.87529251275597,55.87529251275597,3267626,2324853,8594501,0.04903892467773166,1046.6289025668757,4.023122288047653,14.999574285328466
Netrakona,BD4572,Kurigram,BD5549,False,154.4400851606724,154.4400851606724,154.4400851606724,154.4400851606724,2329160,2324853,69251347,0.0010236470664383836,97.651576334976,5.039806222811789,14.66101824551926
Netrakona,BD4572,Kushtia,BD4050,False,212.54209727899274,212.54209727899274,212.54209727899274,212.54209727899274,2149692,2324853,101102769,0.00045768279777149914,47.58677977558305,5.359140073586617,14.580835134027797
Netrakona,BD4572,Lakshmipur,BD2051,False,220.05707724646552,220.05707724646552,220.05707724646552,220.05707724646552,1937948,2324853,107229529,0.0003688611131211921,40.01947977007319,5.393886954732487,14.477140239287523
Netrakona,BD4572,Lalmonirhat,BD5552,False,208.96109801679435,208.96109801679435,208.96109801679435,208.96109801679435,1428406,2324853,96889764,0.0003325736448846828,32.71303079222091,5.342148100748813,14.172069695197669
Netrakona,BD4572,Madaripur,BD3054,False,196.30077083865822,196.30077083865822,196.30077083865822,196.30077083865822,1293027,2324853,95596737,0.0003094204222180968,33.55548988534373,5.279648028114534,14.07249653920651
Netrakona,BD4572,Magura,BD4055,False,213.74725506160766,213.74725506160766,213.74725506160766,213.74725506160766,1033115,2324853,103252461,0.0002133899025545526,22.612447665319284,5.364794265917372,13.848089068139739
Netrakona,BD4572,Manikganj,BD3056,False,145.79635733635638,145.79635733635638,145.79635733635638,145.79635733635638,1558025,2324853,63959025,0.0008054971143221928,73.29613514175811,4.982210835286845,14.258929551497186
Netrakona,BD4572,Meherpur,BD4057,False,247.44697544924247,247.44697544924247,247.44697544924247,247.44697544924247,705356,2324853,128428871,9.540237957299343e-05,11.519776821980015,5.511196318446826,13.466457918881725
Netrakona,BD4572,Moulvibazar,BD6058,False,116.57085655663238,116.57085655663238,116.57085655663238,116.57085655663238,2123447,2324853,37271800,0.002988361310074943,156.26490433562387,4.758499298907081,14.568551269629545
Netrakona,BD4572,Munshiganj,BD3059,False,155.71228819914057,155.71228819914057,155.71228819914057,155.71228819914057,1625416,2324853,71580507,0.0006769555369118524,67.03764618623184,5.048009998006682,14.301274340983566
Netrakona,BD4572,Mymensingh,BD4561,False,46.132768151008946,46.132768151008946,46.132768151008946,46.132768151008946,5899005,2324853,0,0.7173038493612122,2771.7862413580624,3.83152350337847,15.590294250586142
Netrakona,BD4572,Naogaon,BD5064,False,211.1510400765938,211.1510400765938,211.1510400765938,211.1510400765938,2784599,2324853,98318170,0.0006219249041569074,62.45629430855305,5.352573707139045,14.839614435339252
Netrakona,BD4572,Narail,BD4065,False,232.2901796404012,232.2901796404012,232.2901796404012,232.2901796404012,788671,2324853,118204409,0.00012539316659654768,14.616189738008023,5.447987364411835,13.57810452934276
Netrakona,BD4572,Narayanganj,BD3067,False,130.43061613019657,130.43061613019657,130.43061613019657,130.43061613019657,3909138,2324853,39395247,0.004774060770122604,229.78512448550637,4.870841408209082,15.178827447298536
Netrakona,BD4572,Narsingdi,BD3068,False,96.83966500577587,96.83966500577587,96.83966500577587,96.83966500577587,2584452,2324853,20986316,0.009953448762856983,275.58902208680956,4.573056672809185,14.765024051188075
Netrakona,BD4572,Natore,BD5069,False,185.85609463348158,185.85609463348158,185.85609463348158,185.85609463348158,1859922,2324853,92442253,0.0004722087050581467,53.84447132807155,5.224972689498452,14.436045109326196
Netrakona,BD4572,Netrakona,BD4572,True,0.0,30.195754757343675,1.0,27.20515675822105,2324853,2324853,0,0.5,2549.785921043939,3.4077013435509174,14.659167369198306
Netrakona,BD4572,Nilphamari,BD5573,False,231.1608073978463,231.1608073978463,231.1608073978463,231.1608073978463,2092568,2324853,116111841,0.00034079742441668165,39.160765650592616,5.4431136042529875,14.553902577830893
Netrakona,BD4572,Noakhali,BD2075,False,243.7495811548095,243.7495811548095,243.7495811548095,243.7495811548095,3625442,2324853,123569375,0.0005169099728120078,61.02014080438681,5.496141391537237,15.103486769872411
Netrakona,BD4572,Pabna,BD5076,False,173.43519292709504,173.43519292709504,173.43519292709504,173.43519292709504,2909624,2324853,79418139,0.0009775555699099864,96.73027329768443,5.155804001810306,14.8835344211774
Netrakona,BD4572,Panchagarh,BD5577,False,276.6350333024217,276.6350333024217,276.6350333024217,276.6350333024217,1179843,2324853,136552840,0.00014102001054297933,15.41735465390082,5.622699068124382,13.98089193674234
Netrakona,BD4572,Patuakhali,BD1078,False,301.43458562254324,301.43458562254324,301.43458562254324,301.43458562254324,1727254,2324853,151981637,0.00016678192528406255,19.009471655414806,5.708553029518031,14.362043422168306
Netrakona,BD4572,Pirojpur,BD1079,False,273.93515417053135,273.93515417053135,273.93515417053135,273.93515417053135,1198195,2324853,135354645,0.00014568714526064268,15.9673176475344,5.612891414767619,13.996326815697198
Netrakona,BD4572,Rajbari,BD3082,False,181.83634257727977,181.83634257727977,181.83634257727977,181.83634257727977,1189818,2324853,85919942,0.00035049457633452434,35.98480551575931,5.203107065930658,13.989310912214547
Netrakona,BD4572,Rajshahi,BD5081,False,226.1428105689435,226.1428105689435,226.1428105689435,226.1428105689435,2915009,2324853,113196832,0.0004953197062228915,56.99993089625033,5.421166704876597,14.885383465240523
Netrakona,BD4572,Rangamati,BD2084,False,269.79091632273344,269.79091632273344,269.79091632273344,269.79091632273344,647586,2324853,134707059,7.979982845228399e-05,8.896983905072403,5.597647275018335,13.381006882269048
Netrakona,BD4572,Rangpur,BD5585,False,183.42443526566703,183.42443526566703,183.42443526566703,183.42443526566703,3169614,2324853,87109760,0.0008897447441663594,94.208913509273,5.211802785765644,14.9691203718778
Netrakona,BD4572,Satkhira,BD4087,False,326.8570293244209,326.8570293244209,326.8570293244209,326.8570293244209,2196582,2324853,157332807,0.00019761917055892387,20.56040958062214,5.789522856097701,14.602413073820426
Netrakona,BD4572,Shariatpur,BD3086,False,185.86818271415,185.86818271415,185.86818271415,185.86818271415,1294562,2324853,94302175,0.0003180835969679295,37.47250699141332,5.2250377273849145,14.073682971966935
Netrakona,BD4572,Sherpur,BD4589,False,81.1126323295661,81.1126323295661,81.1126323295661,81.1126323295661,1501853,2324853,11862127,0.015687087806753347,228.27083898418002,4.395838711378424,14.22221023700936
Netrakona,BD4572,Sirajganj,BD5088,False,136.6489202076989,136.6489202076989,136.6489202076989,136.6489202076989,3357706,2324853,58039086,0.0020294278416569667,179.81679728972102,4.917415010459936,15.026768560672359
Netrakona,BD4572,Sunamganj,BD6090,False,51.12923694834422,51.12923694834422,51.12923694834422,51.12923694834422,2695496,2324853,5899005,0.06978492896761566,1031.09829553689,3.9343564852243227,14.80709278991802
Netrakona,BD4572,Sylhet,BD6091,False,115.38206666420618,115.38206666420618,115.38206666420618,115.38206666420618,3857123,2324853,33414677,0.0063365325688333725,289.725593526103,4.748248940474588,15.16543212675189
Netrakona,BD4572,Tangail,BD3093,False,102.89320888630677,102.89320888630677,102.89320888630677,102.89320888630677,4037608,2324853,26070506,0.010192614667344875,381.37369015285077,4.633691643444471,15.2111629953813
Netrakona,BD4572,Thakurgaon,BD5594,False,280.1409906052609,280.1409906052609,280.1409906052609,280.1409906052609,1533895,2324853,137732683,0.00017982400953428613,19.54529869280335,5.635293014312526,14.243320810065981
Nilphamari,BD5573,Bagerhat,BD4001,False,414.62114979668945,414.62114979668945,414.62114979668945,414.62114979668945,1613076,2092568,137672787,0.00017082511422453607,9.383220591225678,6.027365211234809,14.293653473170336
Nilphamari,BD5573,Bandarban,BD2003,False,584.5534880798624,584.5534880798624,584.5534880798624,584.5534880798624,481106,2092568,159761674,3.831626518129209e-05,1.4079663015903363,6.3708482875547965,13.08384289902944
Nilphamari,BD5573,Barguna,BD1004,False,448.4246251775964,448.4246251775964,448.4246251775964,448.4246251775964,1010531,2092568,145274320,9.670779824852302e-05,5.02540113237007,6.105740607570529,13.825986493237492
Nilphamari,BD5573,Barishal,BD1006,False,384.828233174456,384.828233174456,384.828233174456,384.828233174456,2570446,2092568,126495071,0.0003189288265803906,17.35699870102269,5.952797087135517,14.759589982670962
Nilphamari,BD5573,Bhola,BD1009,False,449.13342125001725,449.13342125001725,449.13342125001725,449.13342125001725,1932518,2092568,146284851,0.00018132079825583302,9.58016085496825,6.107319995605835,14.474334373759973
Nilphamari,BD5573,Bogura,BD5010,False,140.875956134653,140.875956134653,140.875956134653,140.875956134653,3734297,2092568,19259417,0.014588608839470295,188.16337857052775,4.947879759450682,15.133070139288687
Nilphamari,BD5573,Brahmanbaria,BD2012,False,316.5174677994749,316.5174677994749,316.5174677994749,316.5174677994749,3306563,2092568,100612513,0.0006354931630030746,33.005129148566745,5.7573784305809586,15.011419839295048
Nilphamari,BD5573,Chandpur,BD2013,False,358.0555008936774,358.0555008936774,358.0555008936774,358.0555008936774,2635748,2092568,123859323,0.0003405489541071793,20.559056737610415,5.880688004813992,14.784677570641602
Nilphamari,BD5573,Chapainawabganj,BD5070,False,160.16823705077994,160.16823705077994,160.16823705077994,160.16823705077994,1835528,2092568,26995305,0.00427013274363704,71.54976687158195,5.076224744381664,14.422842736501666
Nilphamari,BD5573,Chattogram,BD2015,False,495.27269801309825,495.27269801309825,495.27269801309825,495.27269801309825,9169465,2092568,150592209,0.0007764325816508137,37.38137060678542,6.205108515953164,16.031389500109725
Nilphamari,BD5573,Chuadanga,BD4018,False,268.8114323354349,268.8114323354349,268.8114323354349,268.8114323354349,1234054,2092568,63000901,0.0005981120444075643,17.078066256372992,5.5940101387543795,14.025815242619684
Nilphamari,BD5573,Cox's Bazar,BD2022,False,597.1766187458345,597.1766187458345,597.1766187458345,597.1766187458345,2823268,2092568,160242780,0.00022035218137228535,7.916742417767502,6.392212913434824,14.853405637196515
Nilphamari,BD5573,Cumilla,BD2019,False,357.71404128281563,357.71404128281563,357.71404128281563,357.71404128281563,6212216,2092568,117647107,0.0008619525528603189,48.54836096120793,5.87973389984963,15.642028234056378
Nilphamari,BD5573,Dhaka,BD3026,False,282.2478558746626,282.2478558746626,282.2478558746626,282.2478558746626,14734701,2092568,70198077,0.004901094189087726,184.96094028976276,5.642785606454106,16.50571588212586
Nilphamari,BD5573,Dinajpur,BD5527,False,46.16022741969523,46.16022741969523,46.16022741969523,46.16022741969523,3315236,2092568,2608249,0.1841026775281531,1555.8888557282578,3.832118548957535,15.014039370621646
Nilphamari,BD5573,Faridpur,BD3029,False,297.58840872701074,297.58840872701074,297.58840872701074,297.58840872701074,2162879,2092568,90556194,0.0005152411249137715,24.423067046765027,5.695711353030408,14.586950762547518
Nilphamari,BD5573,Feni,BD2030,False,419.8051905115162,419.8051905115162,419.8051905115162,419.8051905115162,1648896,2092568,139285863,0.00017063600090979624,9.35616035561101,6.039790771558586,14.315616531026453
Nilphamari,BD5573,Gaibandha,BD5532,False,99.25859272792097,99.25859272792097,99.25859272792097,99.25859272792097,2562233,2092568,12956154,0.020230921888930158,260.0652905604951,4.597728492423499,14.756389701878161
Nilphamari,BD5573,Gazipur,BD3033,False,263.00929100486667,263.00929100486667,263.00929100486667,263.00929100486667,5263450,2092568,54989608,0.0030948782663817033,76.09012904269728,5.572189358568482,15.476297263245858
Nilphamari,BD5573,Gopalganj,BD3035,False,339.0860193700265,339.0860193700265,339.0860193700265,339.0860193700265,1295057,2092568,112934041,0.0002025394063774775,11.263389833044696,5.8262538196471265,14.07406526759114
Nilphamari,BD5573,Habiganj,BD6036,False,311.8239646330019,311.8239646330019,311.8239646330019,311.8239646330019,2358886,2092568,96628211,0.0004946683965334097,24.259842379038663,5.742438812659918,14.673700031660417
Nilphamari,BD5573,Jamalpur,BD4539,False,148.7848251342569,148.7848251342569,148.7848251342569,148.7848251342569,2499738,2092568,22993714,0.007558728133309346,112.92164975218581,5.002501135573894,14.731696484346525
Nilphamari,BD5573,Jashore,BD4041,False,327.2842782552064,327.2842782552064,327.2842782552064,327.2842782552064,3076144,2092568,103919076,0.0005566170899010465,28.718144374381733,5.790829145691675,14.939187422556142
Nilphamari,BD5573,Jhalokati,BD1042,False,404.3285563267332,404.3285563267332,404.3285563267332,404.3285563267332,661160,2092568,134815045,7.34579304028527e-05,4.0442476399500285,6.002227805680344,13.40175114703129
Nilphamari,BD5573,Jhenaidah,BD4044,False,282.3790548001437,282.3790548001437,282.3790548001437,282.3790548001437,2005849,2092568,84932778,0.0005417386918709445,25.155518649188757,5.6432503343137315,14.511577970493308
Nilphamari,BD5573,Joypurhat,BD5038,False,104.75739954093822,104.75739954093822,104.75739954093822,104.75739954093822,956431,2092568,15518387,0.006120678251371604,87.15337823116904,4.651647196316316,13.770963927257238
Nilphamari,BD5573,Khagrachhari,BD2046,False,441.04323025353995,441.04323025353995,441.04323025353995,441.04323025353995,714119,2092568,144560201,6.914487374335969e-05,3.6712018838623455,6.089142898428242,13.478804894101042
Nilphamari,BD5573,Khulna,BD4047,False,398.639599723741,398.639599723741,398.639599723741,398.639599723741,2613385,2092568,129065517,0.0003116911039984052,16.44532716821002,5.988057749868042,14.776156873871212
Nilphamari,BD5573,Kishoreganj,BD3048,False,273.1453447022475,273.1453447022475,273.1453447022475,273.1453447022475,3267626,2092568,66930451,0.001370363782394841,43.79703766834372,5.610004051688064,14.999574285328466
Nilphamari,BD5573,Kurigram,BD5549,False,80.78345444136271,80.78345444136271,80.78345444136271,80.78345444136271,2329160,2092568,10626994,0.02546285675372286,356.90652042158223,4.391772172793136,14.66101824551926
Nilphamari,BD5573,Kushtia,BD4050,False,233.8829165777495,233.8829165777495,233.8829165777495,233.8829165777495,2149692,2092568,52134560,0.0014714267288809908,39.29879539046209,5.45482063363227,14.580835134027797
Nilphamari,BD5573,Lakshmipur,BD2051,False,399.19277139724664,399.19277139724664,399.19277139724664,399.19277139724664,1937948,2092568,131678902,0.00022338201897469445,12.161209854295802,5.989444436551034,14.477140239287523
Nilphamari,BD5573,Lalmonirhat,BD5552,False,30.88879483598569,30.88879483598569,30.88879483598569,30.88879483598569,1428406,2092568,0,0.40568490423388526,1497.0963018661057,3.4303934914716208,14.172069695197669
Nilphamari,BD5573,Madaripur,BD3054,False,336.1388311356102,336.1388311356102,336.1388311356102,336.1388311356102,1293027,2092568,111641014,0.00020682362181416732,11.443799033248748,5.817524262528191,14.07249653920651
Nilphamari,BD5573,Magura,BD4055,False,291.5276003014119,291.5276003014119,291.5276003014119,291.5276003014119,1033115,2092568,86938627,0.00026960833732512173,12.155961381043799,5.675134685018145,13.848089068139739
Nilphamari,BD5573,Manikganj,BD3056,False,263.3943531705801,263.3943531705801,263.3943531705801,263.3943531705801,1558025,2092568,61442876,0.0007883163166312248,22.45750484350958,5.573652350850753,14.258929551497186
Nilphamari,BD5573,Meherpur,BD4057,False,249.0382824952353,249.0382824952353,249.0382824952353,249.0382824952353,705356,2092568,54284252,0.0004586557569472049,11.373028824490174,5.517606629607947,13.466457918881725
Nilphamari,BD5573,Moulvibazar,BD6058,False,345.8934477748325,345.8934477748325,345.8934477748325,345.8934477748325,2123447,2092568,115523660,0.0003155118557958719,17.748299760373662,5.84613077322203,14.568551269629545
Nilphamari,BD5573,Munshiganj,BD3059,False,315.85620972955684,315.85620972955684,315.85620972955684,315.85620972955684,1625416,2092568,98987097,0.0003276335645542133,16.292423534679745,5.755287077526805,14.301274340983566
Nilphamari,BD5573,Mymensingh,BD4561,False,210.74061612725566,210.74061612725566,210.74061612725566,210.74061612725566,5899005,2092568,36963470,0.007030589511922184,132.82574895459882,5.35062806980408,15.590294250586142
Nilphamari,BD5573,Naogaon,BD5064,False,126.36508836050143,126.36508836050143,126.36508836050143,126.36508836050143,2784599,2092568,16474818,0.014697830029537068,174.38472952412894,4.839175243883023,14.839614435339252
Nilphamari,BD5573,Narail,BD4065,False,328.5140740076615,328.5140740076615,328.5140740076615,328.5140740076615,788671,2092568,106995220,0.00013768754646063962,7.307821177714821,5.794579680257031,13.57810452934276
Nilphamari,BD5573,Narayanganj,BD3067,False,305.1854662763382,305.1854662763382,305.1854662763382,305.1854662763382,3909138,2092568,92719073,0.0008739575624727033,41.971385622689006,5.7209196779498726,15.178827447298536
Nilphamari,BD5573,Narsingdi,BD3068,False,291.68220034069907,291.68220034069907,291.68220034069907,291.68220034069907,2584452,2092568,87971742,0.0006481204183115196,30.377261210180535,5.675664854582299,14.765024051188075
Nilphamari,BD5573,Natore,BD5069,False,183.52060190030878,183.52060190030878,183.52060190030878,183.52060190030878,1859922,2092568,31745842,0.0032219325082883687,55.2236466596021,5.212326933128891,14.436045109326196
Nilphamari,BD5573,Netrakona,BD4572,False,231.1608073978463,231.1608073978463,231.1608073978463,231.1608073978463,2324853,2092568,49809707,0.001728510727728733,43.5077968816675,5.4431136042529875,14.659167369198306
Nilphamari,BD5573,Nilphamari,BD5573,True,0.0,21.71442073838263,1.0,20.567474267029482,2092568,2092568,0,0.5,4437.956926601407,3.0779765899866196,14.553902577830893
Nilphamari,BD5573,Noakhali,BD2075,False,431.9790026279334,431.9790026279334,431.9790026279334,431.9790026279334,3625442,2092568,140934759,0.0003616856277524839,19.42833963003568,6.068376982034915,15.103486769872411
Nilphamari,BD5573,Pabna,BD5076,False,223.9764188901586,223.9764188901586,223.9764188901586,223.9764188901586,2909624,2092568,46900083,0.002394413297880689,58.00057209322383,5.4115407735016765,14.8835344211774
Nilphamari,BD5573,Panchagarh,BD5577,False,45.69150249143784,45.69150249143784,45.69150249143784,45.69150249143784,1179843,2092568,1428406,0.1491652420279241,565.1364790025037,3.8219123395045753,13.98089193674234
Nilphamari,BD5573,Patuakhali,BD1078,False,451.62218348809773,451.62218348809773,451.62218348809773,451.62218348809773,1727254,2092568,148217369,0.00015816058291749028,8.468484068332605,6.112845953053335,14.362043422168306
Nilphamari,BD5573,Pirojpur,BD1079,False,402.85365710162006,402.85365710162006,402.85365710162006,402.85365710162006,1198195,2092568,133616850,0.000134948945759835,7.3830002296896255,5.998573362254781,13.996326815697198
Nilphamari,BD5573,Rajbari,BD3082,False,263.25031184867834,263.25031184867834,263.25031184867834,263.25031184867834,1189818,2092568,60253058,0.0006285474305019605,17.168910873754317,5.573105335623747,13.989310912214547
Nilphamari,BD5573,Rajshahi,BD5081,False,175.58520707105336,175.58520707105336,175.58520707105336,175.58520707105336,2915009,2092568,28830833,0.005829378827600309,94.550548317418,5.168124435460265,14.885383465240523
Nilphamari,BD5573,Rangamati,BD2084,False,491.08819048477835,491.08819048477835,491.08819048477835,491.08819048477835,647586,2092568,149944623,5.837561308954034e-05,2.6852113256899233,6.196623725687806,13.381006882269048
Nilphamari,BD5573,Rangpur,BD5585,False,51.80298662144651,51.80298662144651,51.80298662144651,51.80298662144651,3169614,2092568,5923485,0.07397134067872768,1181.1274921751374,3.9474478043880303,14.9691203718778
Nilphamari,BD5573,Satkhira,BD4087,False,405.56282252382306,405.56282252382306,405.56282252382306,405.56282252382306,2196582,2092568,135476205,0.00023906037941816697,13.35460806314656,6.005275787631675,14.602413073820426
Nilphamari,BD5573,Shariatpur,BD3086,False,343.08192578011375,343.08192578011375,343.08192578011375,343.08192578011375,1294562,2092568,114229098,0.00019800427798596112,10.99834089102291,5.837969269316545,14.073682971966935
Nilphamari,BD5573,Sherpur,BD4589,False,155.4765301684838,155.4765301684838,155.4765301684838,155.4765301684838,1501853,2092568,25493452,0.003916570910778844,62.12948402880365,5.046494788835613,14.22221023700936
Nilphamari,BD5573,Sirajganj,BD5088,False,193.69573562145095,193.69573562145095,193.69573562145095,193.69573562145095,3357706,2092568,33605764,0.005039484776333687,89.49577800909543,5.2662885547934835,15.026768560672359
Nilphamari,BD5573,Sunamganj,BD6090,False,270.9590709329469,270.9590709329469,270.9590709329469,270.9590709329469,2695496,2092568,64234955,0.0012320562652195137,36.713966105573554,5.601967779705833,14.80709278991802
Nilphamari,BD5573,Sylhet,BD6091,False,330.6452576647703,330.6452576647703,330.6452576647703,330.6452576647703,3857123,2092568,107783891,0.0006458768162160963,35.280837998247115,5.801046071555305,15.16543212675189
Nilphamari,BD5573,Tangail,BD3093,False,214.44122383535898,214.44122383535898,214.44122383535898,214.44122383535898,4037608,2092568,42862475,0.0038361393491648747,87.80264480490712,5.368035686065598,15.2111629953813
Nilphamari,BD5573,Thakurgaon,BD5594,False,58.48043262567541,58.48043262567541,58.48043262567541,58.48043262567541,1533895,2092568,9093099,0.02256010770986442,448.51242454558854,4.068692213254026,14.243320810065981
Noakhali,BD2075,Bagerhat,BD4001,False,146.74716221239865,146.74716221239865,146.74716221239865,146.74716221239865,1613076,3625442,44789845,0.0024144431734966242,74.90579304498142,4.988711120956658,14.293653473170336
Noakhali,BD2075,Bandarban,BD2003,False,161.18874161491894,161.18874161491894,161.18874161491894,161.18874161491894,481106,3625442,65884953,0.0003585144552888038,18.51703142159336,5.082575986535007,13.08384289902944
Noakhali,BD2075,Barguna,BD1004,False,120.123935985513,120.123935985513,120.123935985513,120.123935985513,1010531,3625442,35268556,0.002360509898240011,70.03103310342586,4.788524009690462,13.825986493237492
Noakhali,BD2075,Barishal,BD1006,False,81.34946086668342,81.34946086668342,81.34946086668342,81.34946086668342,2570446,3625442,17324575,0.018912075805855064,388.41780218913505,4.398754206312827,14.759589982670962
Noakhali,BD2075,Bhola,BD1009,False,56.57182394736131,56.57182394736131,56.57182394736131,56.57182394736131,1932518,3625442,3586844,0.10622755058478181,603.8418171343901,4.035511051143253,14.474334373759973
Noakhali,BD2075,Bogura,BD5010,False,296.14088356568516,296.14088356568516,296.14088356568516,296.14088356568516,3734297,3625442,131696355,0.0007194689151992931,42.58063366558611,5.690835299084163,15.133070139288687
Noakhali,BD2075,Brahmanbaria,BD2012,False,140.09092405532573,140.09092405532573,140.09092405532573,140.09092405532573,3306563,3625442,41483282,0.00548901870151169,168.48327734312258,4.942291669341067,15.011419839295048
Noakhali,BD2075,Chandpur,BD2013,False,73.94605484854529,73.94605484854529,73.94605484854529,73.94605484854529,2635748,3625442,5519362,0.08870024205437235,482.0297783649061,4.3033358388296525,14.784677570641602
Noakhali,BD2075,Chapainawabganj,BD5070,False,367.90861618945115,367.90861618945115,367.90861618945115,367.90861618945115,1835528,3625442,144648924,0.00029898305932509015,13.560668395268099,5.9078345817588875,14.422842736501666
Noakhali,BD2075,Chattogram,BD2015,False,78.01228091659969,78.01228091659969,78.01228091659969,78.01228091659969,9169465,3625442,8155110,0.13469607430476996,1506.6696680432294,4.356866261944726,16.031389500109725
Noakhali,BD2075,Chuadanga,BD4018,False,254.01161421690261,254.01161421690261,254.01161421690261,254.01161421690261,1234054,3625442,117888617,0.00029995338902232444,19.126126121452312,5.537379991236564,14.025815242619684
Noakhali,BD2075,Cox's Bazar,BD2022,False,165.72476369497394,165.72476369497394,165.72476369497394,165.72476369497394,2823268,3625442,67154730,0.001964732102399628,102.79625400494028,5.110328362240024,14.853405637196515
Noakhali,BD2075,Cumilla,BD2019,False,83.15689609255412,83.15689609255412,83.15689609255412,83.15689609255412,6212216,3625442,19895021,0.03220531866436596,898.3591732244973,4.420729137768873,15.642028234056378
Noakhali,BD2075,Dhaka,BD3026,False,150.83164913047634,150.83164913047634,150.83164913047634,150.83164913047634,14734701,3625442,48987373,0.015076105504954182,647.6738587658208,5.016164308423739,16.50571588212586
Noakhali,BD2075,Dinajpur,BD5527,False,403.5172137874522,403.5172137874522,403.5172137874522,403.5172137874522,3315236,3625442,151983226,0.00048601805282071667,20.360588065816437,6.000219147983318,15.014039370621646
Noakhali,BD2075,Faridpur,BD3029,False,157.8656336568323,157.8656336568323,157.8656336568323,157.8656336568323,2162879,3625442,63722074,0.001675027135635774,86.78747030352756,5.06174425132136,14.586950762547518
Noakhali,BD2075,Feni,BD2030,False,45.003485526129964,45.003485526129964,45.003485526129964,45.003485526129964,1648896,3625442,1937948,0.1489847376135741,814.1435039249263,3.8067399429069697,14.315616531026453
Noakhali,BD2075,Gaibandha,BD5532,False,333.0786211211114,333.0786211211114,333.0786211211114,333.0786211211114,2562233,3625442,138345661,0.00045270115101137963,23.095379565824924,5.8083785615761485,14.756389701878161
Noakhali,BD2075,Gazipur,BD3033,False,170.90537274329338,170.90537274329338,170.90537274329338,170.90537274329338,5263450,3625442,69977998,0.003287294669948801,180.20177731136178,5.141110027563565,15.476297263245858
Noakhali,BD2075,Gopalganj,BD3035,False,133.58725842049074,133.58725842049074,133.58725842049074,133.58725842049074,1295057,3625442,40188225,0.0023756349170019303,72.57028181891796,4.894754885450321,14.07406526759114
Noakhali,BD2075,Habiganj,BD6036,False,188.77320260339448,188.77320260339448,188.77320260339448,188.77320260339448,2358886,3625442,82680484,0.001117573255987894,66.19516441020197,5.240546308274246,14.673700031660417
Noakhali,BD2075,Jamalpur,BD4539,False,284.8604178359845,284.8604178359845,284.8604178359845,284.8604178359845,2499738,3625442,127694764,0.0005157070336784109,30.805643007048815,5.651999298317077,14.731696484346525
Noakhali,BD2075,Jashore,BD4041,False,204.54696686294108,204.54696686294108,204.54696686294108,204.54696686294108,3076144,3625442,87262303,0.0013058741104467497,73.52255211897537,5.32079761592492,14.939187422556142
Noakhali,BD2075,Jhalokati,BD1042,False,97.47141280490936,97.47141280490936,97.47141280490936,97.47141280490936,661160,3625442,29129053,0.0021900127651340046,69.59083523484013,4.579559133010761,13.40175114703129
Noakhali,BD2075,Jhenaidah,BD4044,False,226.36870619107543,226.36870619107543,226.36870619107543,226.36870619107543,2005849,3625442,98696084,0.0006812302260889214,39.144023096189734,5.422165113237622,14.511577970493308
Noakhali,BD2075,Joypurhat,BD5038,False,337.9946396697935,337.9946396697935,337.9946396697935,337.9946396697935,956431,3625442,140907894,0.00016489752247047073,8.37209251018326,5.823030036392156,13.770963927257238
Noakhali,BD2075,Khagrachhari,BD2046,False,99.59858981486435,99.59858981486435,99.59858981486435,99.59858981486435,714119,3625442,29790213,0.0022701165711962326,71.98867983139338,4.6011480060050225,13.478804894101042
Noakhali,BD2075,Khulna,BD4047,False,173.93011508609516,173.93011508609516,173.93011508609516,173.93011508609516,2613385,3625442,75241448,0.0014744062195538026,86.38808072057832,5.158653581100376,14.776156873871212
Noakhali,BD2075,Kishoreganj,BD3048,False,188.00475813129253,188.00475813129253,188.00475813129253,188.00475813129253,3267626,3625442,79412858,0.0016530052715876722,92.4473914729608,5.23646727171868,14.999574285328466
Noakhali,BD2075,Kurigram,BD5549,False,373.77762764606865,373.77762764606865,373.77762764606865,373.77762764606865,2329160,3625442,146484452,0.0003690240930170806,16.671424755166715,5.9236610420961995,14.66101824551926
Noakhali,BD2075,Kushtia,BD4050,False,254.53816928295564,254.53816928295564,254.53816928295564,254.53816928295564,2149692,3625442,119122671,0.0005083555524573711,33.17954360238496,5.539450802281243,14.580835134027797
Noakhali,BD2075,Lakshmipur,BD2051,False,35.277992210752394,35.277992210752394,35.277992210752394,35.277992210752394,1937948,3625442,0,0.3483394117615339,1557.1641610885727,3.563259319393082,14.477140239287523
Noakhali,BD2075,Lalmonirhat,BD5552,False,420.6597794390483,420.6597794390483,420.6597794390483,420.6597794390483,1428406,3625442,155298462,0.000203211453267142,8.072158599367741,6.041824382125604,14.172069695197669
Noakhali,BD2075,Madaripur,BD3054,False,114.24558585505144,114.24558585505144,114.24558585505144,114.24558585505144,1293027,3625442,30504332,0.0038775039010134496,99.06693698620235,4.7383503931859305,14.07249653920651
Noakhali,BD2075,Magura,BD4055,False,192.01521962895282,192.01521962895282,192.01521962895282,192.01521962895282,1033115,3625442,85039370,0.0004709512187013346,28.020595477755165,5.2575746377869645,13.848089068139739
Noakhali,BD2075,Manikganj,BD3056,False,175.4010300967954,175.4010300967954,175.4010300967954,175.4010300967954,1558025,3625442,77854833,0.0008348423042627051,50.64191767851727,5.167074952764597,14.258929551497186
Noakhali,BD2075,Meherpur,BD4057,False,275.6356229232687,275.6356229232687,275.6356229232687,275.6356229232687,705356,3625442,125129486,0.00015341538379611499,9.284054377626816,5.619079786676625,13.466457918881725
Noakhali,BD2075,Moulvibazar,BD6058,False,214.39154615991487,214.39154615991487,214.39154615991487,214.39154615991487,2123447,3625442,92535029,0.0008145604968605743,46.1983125828341,5.367803998194978,14.568551269629545
Noakhali,BD2075,Munshiganj,BD3059,False,117.44587234311545,117.44587234311545,117.44587234311545,117.44587234311545,1625416,3625442,31797359,0.004490299209577172,117.83899079354258,4.765977566537725,14.301274340983566
Noakhali,BD2075,Mymensingh,BD4561,False,233.98003166284457,233.98003166284457,233.98003166284457,233.98003166284457,5899005,3625442,103611557,0.001762764268924203,107.75096627591013,5.455235776942314,15.590294250586142
Noakhali,BD2075,Naogaon,BD5064,False,344.16363172854875,344.16363172854875,344.16363172854875,344.16363172854875,2784599,3625442,141864325,0.00046797763725329924,23.508921785011005,5.841117217906063,14.839614435339252
Noakhali,BD2075,Narail,BD4065,False,165.4636260559249,165.4636260559249,165.4636260559249,165.4636260559249,788671,3625442,66366059,0.0005771649009461779,28.806520054442977,5.108751388522057,13.57810452934276
Noakhali,BD2075,Narayanganj,BD3067,False,127.38131539539494,127.38131539539494,127.38131539539494,127.38131539539494,3909138,3625442,36279087,0.008106066673082985,240.91816329357403,4.84718507143563,15.178827447298536
Noakhali,BD2075,Narsingdi,BD3068,False,149.8666078250488,149.8666078250488,149.8666078250488,149.8666078250488,2584452,3625442,46402921,0.0035597672313283273,115.06909990101316,5.009745617284841,14.765024051188075
Noakhali,BD2075,Natore,BD5069,False,279.8670449419145,279.8670449419145,279.8670449419145,279.8670449419145,1859922,3625442,125834842,0.00039663184706345973,23.74604065970191,5.634314650904114,14.436045109326196
Noakhali,BD2075,Netrakona,BD4572,False,243.7495811548095,243.7495811548095,243.7495811548095,243.7495811548095,2324853,3625442,109510562,0.000645239353592488,39.12981021610637,5.496141391537237,14.659167369198306
Noakhali,BD2075,Nilphamari,BD5573,False,431.9790026279334,431.9790026279334,431.9790026279334,431.9790026279334,2092568,3625442,156726868,0.00029124555000201174,11.213838699652209,6.068376982034915,14.553902577830893
Noakhali,BD2075,Noakhali,BD2075,True,0.0,36.81638177549343,1.0,26.37091314509303,3625442,3625442,0,0.5,2674.7226286859386,3.6059429030646846,15.103486769872411
Noakhali,BD2075,Pabna,BD5076,False,233.1669867661909,233.1669867661909,233.1669867661909,233.1669867661909,2909624,3625442,100701933,0.0009428766917848417,53.51835422177979,5.451754878272185,14.8835344211774
Noakhali,BD2075,Panchagarh,BD5577,False,475.3788902533735,475.3788902533735,475.3788902533735,475.3788902533735,1179843,3625442,160353331,0.0001579415204690107,5.22088870403929,6.164112149761347,13.98089193674234
Noakhali,BD2075,Patuakhali,BD1078,False,93.21069957790851,93.21069957790851,93.21069957790851,93.21069957790851,1727254,3625442,26107237,0.006694610791212409,198.8037957375898,4.534862517440335,14.362043422168306
Noakhali,BD2075,Pirojpur,BD1079,False,117.4946610178747,117.4946610178747,117.4946610178747,117.4946610178747,1198195,3625442,33422775,0.003065705646841894,86.79430655971079,4.766392894406122,13.996326815697198
Noakhali,BD2075,Rajbari,BD3082,False,196.812861387655,196.812861387655,196.812861387655,196.812861387655,1189818,3625442,86072485,0.0005291194935512542,30.716631239379897,5.282253335062314,13.989310912214547
Noakhali,BD2075,Rajshahi,BD5081,False,319.91275201660454,319.91275201660454,319.91275201660454,319.91275201660454,2915009,3625442,135430652,0.000535316807171876,28.482414105755474,5.768048308669907,14.885383465240523
Noakhali,BD2075,Rangamati,BD2084,False,119.38335432699321,119.38335432699321,119.38335432699321,119.38335432699321,647586,3625442,34620970,0.0015782839000968558,45.437025929814894,4.782339780243179,13.381006882269048
Noakhali,BD2075,Rangpur,BD5585,False,380.40408016273597,380.40408016273597,380.40408016273597,380.40408016273597,3169614,3625442,148813612,0.00048443700216539167,21.90362741929558,5.941234056593565,14.9691203718778
Noakhali,BD2075,Satkhira,BD4087,False,207.0839400864122,207.0839400864122,207.0839400864122,207.0839400864122,2196582,3625442,90338447,0.000881354887199626,51.2217699675258,5.333124218733183,14.602413073820426
Noakhali,BD2075,Shariatpur,BD3086,False,95.74797108387875,95.74797108387875,95.74797108387875,95.74797108387875,1294562,3625442,27834491,0.004554651107970047,141.20942833538797,4.561719438111746,14.073682971966935
Noakhali,BD2075,Sherpur,BD4589,False,286.2506065771266,286.2506065771266,286.2506065771266,286.2506065771266,1501853,3625442,130194502,0.00030067670885544216,18.32882375273519,5.656867673912934,14.22221023700936
Noakhali,BD2075,Sirajganj,BD5088,False,244.55980672159023,244.55980672159023,244.55980672159023,244.55980672159023,3357706,3625442,111835415,0.0008873287558351141,56.140012081087534,5.499459887271465,15.026768560672359
Noakhali,BD2075,Sunamganj,BD6090,False,250.6322344123325,250.6322344123325,250.6322344123325,250.6322344123325,2695496,3625442,115193121,0.0006768443836863609,42.91062497389248,5.5239866631298495,14.80709278991802
Noakhali,BD2075,Sylhet,BD6091,False,262.5658304521747,262.5658304521747,262.5658304521747,262.5658304521747,3857123,3625442,121272363,0.0008695724735917404,55.94832294974091,5.570501833265911,15.16543212675189
Noakhali,BD2075,Tangail,BD3093,False,217.61631331871664,217.61631331871664,217.61631331871664,217.61631331871664,4037608,3625442,94658476,0.0014555785414824794,85.25920035955697,5.382733481467303,15.2111629953813
Noakhali,BD2075,Thakurgaon,BD5594,False,462.19460132367976,462.19460132367976,462.19460132367976,462.19460132367976,1533895,3625442,158819436,0.00020876752317001236,7.18035464505577,6.13598601738193,14.243320810065981
Pabna,BD5076,Bagerhat,BD4001,False,190.65284715292128,190.65284715292128,190.65284715292128,190.65284715292128,1613076,2909624,115318959,0.00033125420731994144,44.37805244553986,5.2504542201176925,14.293653473170336
Pabna,BD5076,Bandarban,BD2003,False,394.19884314818523,394.19884314818523,394.19884314818523,394.19884314818523,481106,2909624,158944618,5.32770857443351e-05,3.096065088629643,5.9768554600318815,13.08384289902944
Pabna,BD5076,Barguna,BD1004,False,225.51288995085022,225.51288995085022,225.51288995085022,225.51288995085022,1010531,2909624,129774499,0.00016574999018012708,19.870413275788014,5.418377318953637,13.825986493237492
Pabna,BD5076,Barishal,BD1006,False,169.06770372068883,169.06770372068883,169.06770372068883,169.06770372068883,2570446,2909624,87750709,0.0008848481190263987,89.92639350908782,5.130299248430704,14.759589982670962
Pabna,BD5076,Bhola,BD1009,False,235.48122668740217,235.48122668740217,235.48122668740217,235.48122668740217,1932518,2909624,136137726,0.0002868405866775871,34.85065691643251,5.461631193452599,14.474334373759973
Pabna,BD5076,Bogura,BD5010,False,85.76582368175858,85.76582368175858,85.76582368175858,85.76582368175858,3734297,2909624,21294024,0.01606831880450215,507.6686321293448,4.4516206017538575,15.133070139288687
Pabna,BD5076,Brahmanbaria,BD2012,False,172.85534539155046,172.85534539155046,172.85534539155046,172.85534539155046,3306563,2909624,90321155,0.0010689540129358434,110.66522548689339,5.15245509092013,15.011419839295048
Pabna,BD5076,Chandpur,BD2013,False,165.6222471969818,165.6222471969818,165.6222471969818,165.6222471969818,2635748,2909624,85114961,0.0009609913086150006,96.08742160767599,5.109709575904893,14.784677570641602
Pabna,BD5076,Chapainawabganj,BD5070,False,135.35560297590175,135.35560297590175,135.35560297590175,135.35560297590175,1835528,2909624,73570560,0.00089166159084722,100.18634617941169,4.907905411405223,14.422842736501666
Pabna,BD5076,Chattogram,BD2015,False,307.6406076132762,307.6406076132762,307.6406076132762,307.6406076132762,9169465,2909624,149127567,0.0010885491953863105,96.88502959115908,5.728932243265813,16.031389500109725
Pabna,BD5076,Chuadanga,BD4018,False,73.71763464534791,73.71763464534791,73.71763464534791,73.71763464534791,1234054,2909624,17191735,0.00837229573132057,227.0865334258174,4.300242046629622,14.025815242619684
Pabna,BD5076,Cox's Bazar,BD2022,False,396.26959470164843,396.26959470164843,396.26959470164843,396.26959470164843,2823268,2909624,159425724,0.00030639004102765325,17.979209967400884,5.982094774320025,14.853405637196515
Pabna,BD5076,Cumilla,BD2019,False,181.25237602799282,181.25237602799282,181.25237602799282,181.25237602799282,6212216,2909624,102933765,0.0015240039630014589,189.0946018118044,5.199890402768821,15.642028234056378
Pabna,BD5076,Dhaka,BD3026,False,92.81365168693674,92.81365168693674,92.81365168693674,92.81365168693674,14734701,2909624,27943330,0.030481349682469884,1710.4784518927897,4.530593737668171,16.50571588212586
Pabna,BD5076,Dinajpur,BD5527,False,185.42937021230907,185.42937021230907,185.42937021230907,185.42937021230907,3315236,2909624,109807141,0.0007375390547002971,96.41784115184757,5.222674055969986,15.014039370621646
Pabna,BD5076,Faridpur,BD3029,False,78.78651465274011,78.78651465274011,78.78651465274011,78.78651465274011,2162879,2909624,19131145,0.011796726838107816,348.4403543135711,4.36674184837029,14.586950762547518
Pabna,BD5076,Feni,BD2030,False,237.56615699402204,237.56615699402204,237.56615699402204,237.56615699402204,1648896,2909624,138070244,0.00023859751518823035,29.216226299680148,5.470446140449545,14.315616531026453
Pabna,BD5076,Gaibandha,BD5532,False,139.03332214435116,139.03332214435116,139.03332214435116,139.03332214435116,2562233,2909624,76700650,0.001139619403220602,132.55033204181154,4.934713632057811,14.756389701878161
Pabna,BD5076,Gazipur,BD3033,False,107.69656384751264,107.69656384751264,107.69656384751264,107.69656384751264,5263450,2909624,43466702,0.006394795815315656,453.8024202561855,4.67931767880205,15.476297263245858
Pabna,BD5076,Gopalganj,BD3035,False,117.68236069977871,117.68236069977871,117.68236069977871,117.68236069977871,1295057,2909624,57090633,0.0010245788088805857,93.51174045212473,4.7679891364232025,14.07406526759114
Pabna,BD5076,Habiganj,BD6036,False,210.3268191818178,210.3268191818178,210.3268191818178,210.3268191818178,2358886,2909624,121199143,0.00043728230463699347,53.323376904212644,5.3486626027840805,14.673700031660417
Pabna,BD5076,Jamalpur,BD4539,False,112.42050000444874,112.42050000444874,112.42050000444874,112.42050000444874,2499738,2909624,51806296,0.0023232864516302214,197.78960681990225,4.722246305210798,14.731696484346525
Pabna,BD5076,Jashore,BD4041,False,109.25498976639123,109.25498976639123,109.25498976639123,109.25498976639123,3076144,2909624,48730152,0.003167710443643471,257.7057450202726,4.693684505851636,14.939187422556142
Pabna,BD5076,Jhalokati,BD1042,False,183.70675842489982,183.70675842489982,183.70675842489982,183.70675842489982,661160,2909624,109145981,0.0001523075179099518,19.59098639850886,5.213340782099032,13.40175114703129
Pabna,BD5076,Jhenaidah,BD4044,False,69.64948864195205,69.64948864195205,69.64948864195205,69.64948864195205,2005849,2909624,11148278,0.025844470068577867,413.48748738160833,4.243475358374772,14.511577970493308
Pabna,BD5076,Joypurhat,BD5038,False,119.57473587043637,119.57473587043637,119.57473587043637,119.57473587043637,956431,2909624,58385690,0.0007293092308806854,66.89209280711607,4.783941580661026,13.770963927257238
Pabna,BD5076,Khagrachhari,BD2046,False,279.57300001748024,279.57300001748024,279.57300001748024,279.57300001748024,714119,2909624,144556325,9.508804506301985e-05,9.136505807774071,5.633263439235728,13.478804894101042
Pabna,BD5076,Khulna,BD4047,False,176.05908837941095,176.05908837941095,176.05908837941095,176.05908837941095,2613385,2909624,95952571,0.0007579638156810015,84.31143797768988,5.1708196681221095,14.776156873871212
Pabna,BD5076,Kishoreganj,BD3048,False,161.93756161880682,161.93756161880682,161.93756161880682,161.93756161880682,3267626,2909624,81847335,0.0012743533380630342,124.60548268397072,5.087210838832063,14.999574285328466
Pabna,BD5076,Kurigram,BD5549,False,195.85969595831207,195.85969595831207,195.85969595831207,195.85969595831207,2329160,2909624,116932035,0.00046287198447207245,60.716841460107155,5.277398565949526,14.66101824551926
Pabna,BD5076,Kushtia,BD4050,False,39.655714554859145,39.655714554859145,39.655714554859145,39.655714554859145,2149692,2909624,0,0.42489775297688465,1366.987932153073,3.6802350626607736,14.580835134027797
Pabna,BD5076,Lakshmipur,BD2051,False,197.916170507733,197.916170507733,197.916170507733,197.916170507733,1937948,2909624,119261195,0.0003718853273639308,49.47428896328726,5.2878435597693025,14.477140239287523
Pabna,BD5076,Lalmonirhat,BD5552,False,224.0028900079873,224.0028900079873,224.0028900079873,224.0028900079873,1428406,2909624,128346093,0.00023864445574238737,28.467178384789047,5.411658953593184,14.172069695197669
Pabna,BD5076,Madaripur,BD3054,False,122.19960423146416,122.19960423146416,122.19960423146416,122.19960423146416,1293027,2909624,60967537,0.0009037532753671698,86.59005088656897,4.805655808037194,14.07249653920651
Pabna,BD5076,Magura,BD4055,False,68.00661123790205,68.00661123790205,68.00661123790205,68.00661123790205,1033115,2909624,10115163,0.01641702260802796,223.38108606573843,4.219604924536946,13.848089068139739
Pabna,BD5076,Manikganj,BD3056,False,61.88236257897872,61.88236257897872,61.88236257897872,61.88236257897872,1558025,2909624,8557138,0.03035287714196792,406.8559296312429,4.12523520498538,14.258929551497186
Pabna,BD5076,Meherpur,BD4057,False,74.70965605836815,74.70965605836815,74.70965605836815,74.70965605836815,705356,2909624,18425789,0.004364328560661728,126.37317325822752,4.313609348287756,13.466457918881725
Pabna,BD5076,Moulvibazar,BD6058,False,260.829273217441,260.829273217441,260.829273217441,260.829273217441,2123447,2909624,141253035,0.00029296951525159206,31.212514939947933,5.563866067685525,14.568551269629545
Pabna,BD5076,Munshiganj,BD3059,False,120.26614764562387,120.26614764562387,120.26614764562387,120.26614764562387,1625416,2909624,59342121,0.0011893351796919056,112.37707674739953,4.78970718392588,14.301274340983566
Pabna,BD5076,Mymensingh,BD4561,False,127.76395954797837,127.76395954797837,127.76395954797837,127.76395954797837,5899005,2909624,66169702,0.0033138418185840505,361.37827379737655,4.850184495505241,15.590294250586142
Pabna,BD5076,Naogaon,BD5064,False,113.8980291426685,113.8980291426685,113.8980291426685,113.8980291426685,2784599,2909624,54306034,0.0023601060909978822,214.64967949839843,4.735303566902803,14.839614435339252
Pabna,BD5076,Narail,BD4065,False,104.54372738552152,104.54372738552152,104.54372738552152,104.54372738552152,788671,2909624,42678031,0.0010853983298224775,72.16056271048747,4.6496054277622285,13.57810452934276
Pabna,BD5076,Narayanganj,BD3067,False,126.68744422633485,126.68744422633485,126.68744422633485,126.68744422633485,3909138,2909624,62260564,0.0025265087524414405,243.56442324221302,4.841722983966122,15.178827447298536
Pabna,BD5076,Narsingdi,BD3068,False,141.06778331890902,141.06778331890902,141.06778331890902,141.06778331890902,2584452,2909624,79262883,0.001079700835977509,129.87117998122528,4.949240507621416,14.765024051188075
Pabna,BD5076,Natore,BD5069,False,47.327048253325074,47.327048253325074,47.327048253325074,47.327048253325074,1859922,2909624,6697216,0.049125868978406616,830.3781138028011,3.8570819767362012,14.436045109326196
Pabna,BD5076,Netrakona,BD4572,False,173.43519292709504,173.43519292709504,173.43519292709504,173.43519292709504,2324853,2909624,93627718,0.0007087723751634991,77.28959689188072,5.155804001810306,14.659167369198306
Pabna,BD5076,Nilphamari,BD5573,False,223.9764188901586,223.9764188901586,223.9764188901586,223.9764188901586,2092568,2909624,126253525,0.00035913654207517465,41.71334204831044,5.4115407735016765,14.553902577830893
Pabna,BD5076,Noakhali,BD2075,False,233.1669867661909,233.1669867661909,233.1669867661909,233.1669867661909,3625442,2909624,132512284,0.0005602039764237494,66.68479816172734,5.451754878272185,15.103486769872411
Pabna,BD5076,Pabna,BD5076,True,0.0,27.413839296213553,1.0,25.032204082086295,2909624,2909624,0,0.5,3871.659408343441,3.311047969685549,14.8835344211774
Pabna,BD5076,Panchagarh,BD5577,False,261.2204318026018,261.2204318026018,261.2204318026018,261.2204318026018,1179843,2909624,143376482,0.00015913520245319505,17.290594833012236,5.565364617170755,13.98089193674234
Pabna,BD5076,Patuakhali,BD1078,False,231.57339960755684,231.57339960755684,231.57339960755684,231.57339960755684,1727254,2909624,130785030,0.00027758123737912395,32.20912036977831,5.444896884212861,14.362043422168306
Pabna,BD5076,Pirojpur,BD1079,False,179.9913178507424,179.9913178507424,179.9913178507424,179.9913178507424,1198195,2909624,101735570,0.0003147613133678182,36.98489494531599,5.192908615564363,13.996326815697198
Pabna,BD5076,Rajbari,BD3082,False,40.38594213243259,40.38594213243259,40.38594213243259,40.38594213243259,1189818,2909624,2149692,0.10949789288380583,729.4912675467141,3.6984817573935382,13.989310912214547
Pabna,BD5076,Rajshahi,BD5081,False,87.40556763541302,87.40556763541302,87.40556763541302,87.40556763541302,2915009,2909624,25028321,0.009839783899587383,381.5590025476546,4.4705589835548905,14.885383465240523
Pabna,BD5076,Rangamati,BD2084,False,325.0711126343758,325.0711126343758,325.0711126343758,325.0711126343758,647586,2909624,158297032,7.221497515113821e-05,6.1283095749519765,5.784043966500507,13.381006882269048
Pabna,BD5076,Rangpur,BD5585,False,178.16385696621356,178.16385696621356,178.16385696621356,178.16385696621356,3169614,2909624,98565956,0.0008684851901867371,99.85439038187245,5.182703671604616,14.9691203718778
Pabna,BD5076,Satkhira,BD4087,False,187.52832422539007,187.52832422539007,187.52832422539007,187.52832422539007,2196582,2909624,113122377,0.0004658906819863337,62.46168200119937,5.2339298965370835,14.602413073820426
Pabna,BD5076,Shariatpur,BD3086,False,137.42797256037153,137.42797256037153,137.42797256037153,137.42797256037153,1294562,2909624,75406088,0.0006041457237536586,68.544494154497,4.923099943932084,14.073682971966935
Pabna,BD5076,Sherpur,BD4589,False,133.9817151599279,133.9817151599279,133.9817151599279,133.9817151599279,1501853,2909624,72068707,0.0007620432204536651,83.66356380581627,4.897703336609824,14.22221023700936
Pabna,BD5076,Sirajganj,BD5088,False,43.46077310453034,43.46077310453034,43.46077310453034,43.46077310453034,3357706,2909624,3339510,0.16273431570835825,1777.6561991716376,3.771858763545589,15.026768560672359
Pabna,BD5076,Sunamganj,BD6090,False,221.47794078036875,221.47794078036875,221.47794078036875,221.47794078036875,2695496,2909624,123558029,0.0004801284916257614,54.95127047679642,5.400322994369413,14.80709278991802
Pabna,BD5076,Sylhet,BD6091,False,280.3578952853202,280.3578952853202,280.3578952853202,280.3578952853202,3857123,2909624,145270444,0.0004981506849742773,49.07246866654279,5.636066984417899,15.16543212675189
Pabna,BD5076,Tangail,BD3093,False,70.74391311806714,70.74391311806714,70.74391311806714,70.74391311806714,4037608,2909624,13154127,0.03638217336651308,806.7630421376899,4.2590664991553435,15.2111629953813
Pabna,BD5076,Thakurgaon,BD5594,False,239.54809985806403,239.54809985806403,239.54809985806403,239.54809985806403,1533895,2909624,139719140,0.00021705640184108155,26.73069011286021,5.47875423116686,14.243320810065981
Panchagarh,BD5577,Bagerhat,BD4001,False,451.0521835987657,451.0521835987657,451.0521835987657,451.0521835987657,1613076,1179843,138585512,9.631553920446996e-05,7.928686576050524,6.111583039236624,14.293653473170336
Panchagarh,BD5577,Bandarban,BD2003,False,629.1223562798996,629.1223562798996,629.1223562798996,629.1223562798996,481106,1179843,160674399,2.160368373228072e-05,1.2155435868065303,6.44432576287017,13.08384289902944
Panchagarh,BD5577,Barguna,BD1004,False,486.6853584217174,486.6853584217174,486.6853584217174,486.6853584217174,1010531,1179843,146187045,5.4526313509970595e-05,4.26631657950425,6.187617833012573,13.825986493237492
Panchagarh,BD5577,Barishal,BD1006,False,425.5481696841962,425.5481696841962,425.5481696841962,425.5481696841962,2570446,1179843,127407796,0.00017982017479914046,14.194203612394956,6.053378148854376,14.759589982670962
Panchagarh,BD5577,Bhola,BD1009,False,490.5548476274669,490.5548476274669,490.5548476274669,490.5548476274669,1932518,1179843,147197576,0.00010223327250371639,8.030607577841357,6.195537092585783,14.474334373759973
Panchagarh,BD5577,Bogura,BD5010,False,181.31161468916505,181.31161468916505,181.31161468916505,181.31161468916505,3734297,1179843,22007670,0.007057886183929412,113.59457855141464,5.200217179079851,15.133070139288687
Panchagarh,BD5577,Brahmanbaria,BD2012,False,361.9260593905326,361.9260593905326,361.9260593905326,361.9260593905326,3306563,1179843,104601382,0.0003380775203366806,25.24277481981967,5.891439935135451,15.011419839295048
Panchagarh,BD5577,Chandpur,BD2013,False,401.5606451601606,401.5606451601606,401.5606451601606,401.5606451601606,2635748,1179843,118559832,0.0002122246494222444,16.345627554659355,5.995358568456562,14.784677570641602
Panchagarh,BD5577,Chapainawabganj,BD5070,False,177.28809907872918,177.28809907872918,177.28809907872918,177.28809907872918,1835528,1179843,20172142,0.0043741412975154045,58.39852081469298,5.177776087751894,14.422842736501666
Panchagarh,BD5577,Chattogram,BD2015,False,539.8086030496033,539.8086030496033,539.8086030496033,539.8086030496033,9169465,1179843,151504934,0.0004377724147710569,31.467655986677723,6.291214637933012,16.031389500109725
Panchagarh,BD5577,Chuadanga,BD4018,False,298.91387736347303,298.91387736347303,298.91387736347303,298.91387736347303,1234054,1179843,55902333,0.00043738957122895834,13.811536897458048,5.700155496326804,14.025815242619684
Panchagarh,BD5577,Cox's Bazar,BD2022,False,640.8654536066297,640.8654536066297,640.8654536066297,640.8654536066297,2823268,1179843,161155505,0.00012424015789538081,6.874140165941925,6.462819534118732,14.853405637196515
Panchagarh,BD5577,Cumilla,BD2019,False,402.25306401333285,402.25306401333285,402.25306401333285,402.25306401333285,6212216,1179843,121195580,0.00046577624970507383,38.3926266946293,5.997081403030139,15.642028234056378
Panchagarh,BD5577,Dhaka,BD3026,False,325.02841764475403,325.02841764475403,325.02841764475403,325.02841764475403,14734701,1179843,73116651,0.0026281795085985977,139.47573553256245,5.783912617414114,16.50571588212586
Panchagarh,BD5577,Dinajpur,BD5527,False,75.86485104461802,75.86485104461802,75.86485104461802,75.86485104461802,3315236,1179843,5054869,0.06569332838998747,576.0142543498819,4.328953481548374,15.014039370621646
Panchagarh,BD5577,Faridpur,BD3029,False,337.0493783868199,337.0493783868199,337.0493783868199,337.0493783868199,2162879,1179843,91468919,0.00029050603590499285,19.039045113501103,5.820229443021883,14.586950762547518
Panchagarh,BD5577,Feni,BD2030,False,464.38826508892424,464.38826508892424,464.38826508892424,464.38826508892424,1648896,1179843,140198588,9.620891231320402e-05,7.645938332883481,6.140720980531439,14.315616531026453
Panchagarh,BD5577,Gaibandha,BD5532,False,143.89817385785835,143.89817385785835,143.89817385785835,143.89817385785835,2562233,1179843,14825310,0.010172606477228268,123.73941407522727,4.969105923457402,14.756389701878161
Panchagarh,BD5577,Gazipur,BD3033,False,307.4093053325225,307.4093053325225,307.4093053325225,307.4093053325225,5263450,1179843,59884230,0.0015332577709910573,55.69760009708494,5.7281801017345675,15.476297263245858
Panchagarh,BD5577,Gopalganj,BD3035,False,378.0031176452397,378.0031176452397,378.0031176452397,378.0031176452397,1295057,1179843,113846766,0.00011419686282052586,9.063545517207913,5.9349024433243045,14.07406526759114
Panchagarh,BD5577,Habiganj,BD6036,False,357.4302681794334,357.4302681794334,357.4302681794334,357.4302681794334,2358886,1179843,97540936,0.0002789066089948655,18.463936543120916,5.878940289065006,14.673700031660417
Panchagarh,BD5577,Jamalpur,BD4539,False,193.68684717227043,193.68684717227043,193.68684717227043,193.68684717227043,2499738,1179843,25741967,0.003723479253258803,66.6337465589073,5.266242665021579,14.731696484346525
Panchagarh,BD5577,Jashore,BD4041,False,360.42609154296343,360.42609154296343,360.42609154296343,360.42609154296343,3076144,1179843,101525238,0.0003340645257603433,23.67959209601506,5.88728691918187,14.939187422556142
Panchagarh,BD5577,Jhalokati,BD1042,False,443.73868957212477,443.73868957212477,443.73868957212477,443.73868957212477,661160,1179843,137924352,4.012278142767006e-05,3.3577779898874898,6.095235852176624,13.40175114703129
Panchagarh,BD5577,Jhenaidah,BD4044,False,315.15127093043435,315.15127093043435,315.15127093043435,315.15127093043435,2005849,1179843,65147680,0.0005221506530883706,20.195755792167944,5.753052748730408,14.511577970493308
Panchagarh,BD5577,Joypurhat,BD5038,False,142.0006619527922,142.0006619527922,142.0006619527922,142.0006619527922,956431,1179843,13868879,0.00468509514314156,47.43216043391792,4.955831719229777,13.770963927257238
Panchagarh,BD5577,Khagrachhari,BD2046,False,486.5010876447978,486.5010876447978,486.5010876447978,486.5010876447978,714119,1179843,145472926,3.898563643904844e-05,3.0171920664404435,6.187239137275766,13.478804894101042
Panchagarh,BD5577,Khulna,BD4047,False,433.2262701938502,433.2262701938502,433.2262701938502,433.2262701938502,2613385,1179843,129978242,0.00017573936293338634,13.92431458819149,6.071260155471576,14.776156873871212
Panchagarh,BD5577,Kishoreganj,BD3048,False,318.80530271371674,318.80530271371674,318.80530271371674,318.80530271371674,3267626,1179843,69849025,0.0007305557271712289,32.150021681275675,5.764580580133175,14.999574285328466
Panchagarh,BD5577,Kurigram,BD5549,False,124.53741035467948,124.53741035467948,124.53741035467948,124.53741035467948,2329160,1179843,11539719,0.01435660552052915,150.17569887003918,4.824606155544796,14.66101824551926
Panchagarh,BD5577,Kushtia,BD4050,False,266.4793984308041,266.4793984308041,266.4793984308041,266.4793984308041,2149692,1179843,50722432,0.0009040710510930709,30.272546969184905,5.585296936418167,14.580835134027797
Panchagarh,BD5577,Lakshmipur,BD2051,False,442.16660916359893,442.16660916359893,442.16660916359893,442.16660916359893,1937948,1179843,135986404,0.00011983366899083983,9.912204042980486,6.091686754861276,14.477140239287523
Panchagarh,BD5577,Lalmonirhat,BD5552,False,70.36320155725613,70.36320155725613,70.36320155725613,70.36320155725613,1428406,1179843,3626463,0.056240357382978556,288.50974181203236,4.253670421353424,14.172069695197669
Panchagarh,BD5577,Madaripur,BD3054,False,376.9196032952747,376.9196032952747,376.9196032952747,376.9196032952747,1293027,1179843,112553739,0.00011661241232404042,9.101440680327187,5.932031910847486,14.07249653920651
Panchagarh,BD5577,Magura,BD4055,False,327.6548246282663,327.6548246282663,327.6548246282663,327.6548246282663,1033115,1179843,87851352,0.00015201202997211253,9.623111830697756,5.791960690322208,13.848089068139739
Panchagarh,BD5577,Manikganj,BD3056,False,304.6915641679514,304.6915641679514,304.6915641679514,304.6915641679514,1558025,1179843,58326205,0.0005058849570696993,16.78238042250776,5.719299999910841,14.258929551497186
Panchagarh,BD5577,Meherpur,BD4057,False,277.3074385212366,277.3074385212366,277.3074385212366,277.3074385212366,705356,1179843,55196977,0.00025860176789660406,9.172449436551956,5.625126777077087,13.466457918881725
Panchagarh,BD5577,Moulvibazar,BD6058,False,390.9343231114181,390.9343231114181,390.9343231114181,390.9343231114181,2123447,1179843,116436385,0.00017789359986283308,13.894208811297203,5.968539574294509,14.568551269629545
Panchagarh,BD5577,Munshiganj,BD3059,False,358.6617650997128,358.6617650997128,358.6617650997128,358.6617650997128,1625416,1179843,99899822,0.00018472812721227538,12.635556310836375,5.882379785881371,14.301274340983566
Panchagarh,BD5577,Mymensingh,BD4561,False,256.30900749928657,256.30900749928657,256.30900749928657,256.30900749928657,5899005,1179843,37876195,0.0039640249786457625,89.79476670318655,5.546383777111769,15.590294250586142
Panchagarh,BD5577,Naogaon,BD5064,False,155.06830279850362,155.06830279850362,155.06830279850362,155.06830279850362,2784599,1179843,17387543,0.008287009968392474,115.80214278957948,5.0438656830718775,14.839614435339252
Panchagarh,BD5577,Narail,BD4065,False,365.2035415455904,365.2035415455904,365.2035415455904,365.2035415455904,788671,1179843,107907945,7.763173664070196e-05,5.913245513180102,5.900454846224697,13.57810452934276
Panchagarh,BD5577,Narayanganj,BD3067,False,349.0915078453427,349.0915078453427,349.0915078453427,349.0915078453427,3909138,1179843,93631798,0.0004927594765763797,32.07764183366452,5.855334087963902,15.178827447298536
Panchagarh,BD5577,Narsingdi,BD3068,False,336.6951979893269,336.6951979893269,336.6951979893269,336.6951979893269,2584452,1179843,88884467,0.00036542675731537433,22.79788852294861,5.819178064079365,14.765024051188075
Panchagarh,BD5577,Natore,BD5069,False,217.94615794338893,217.94615794338893,217.94615794338893,217.94615794338893,1859922,1179843,32658567,0.0018166074012297205,39.155817579710686,5.384248050372974,14.436045109326196
Panchagarh,BD5577,Netrakona,BD4572,False,276.6350333024217,276.6350333024217,276.6350333024217,276.6350333024217,2324853,1179843,52872124,0.0009001349812168881,30.379536276593818,5.622699068124382,14.659167369198306
Panchagarh,BD5577,Nilphamari,BD5573,False,45.69150249143784,45.69150249143784,45.69150249143784,45.69150249143784,2092568,1179843,1533895,0.18928860324069796,1002.3253192105316,3.8219123395045753,14.553902577830893
Panchagarh,BD5577,Noakhali,BD2075,False,475.3788902533735,475.3788902533735,475.3788902533735,475.3788902533735,3625442,1179843,141847484,0.0002039275455346607,16.04283721219655,6.164112149761347,15.103486769872411
Panchagarh,BD5577,Pabna,BD5076,False,261.2204318026018,261.2204318026018,261.2204318026018,261.2204318026018,2909624,1179843,47812808,0.0013500310473119374,42.64052903683658,5.565364617170755,14.8835344211774
Panchagarh,BD5577,Panchagarh,BD5577,True,0.0,23.375970754889597,1.0,19.07703161413679,1179843,1179843,0,0.5,2159.160416120227,3.1517086039333653,13.98089193674234
Panchagarh,BD5577,Patuakhali,BD1078,False,491.35161734575115,491.35161734575115,491.35161734575115,491.35161734575115,1727254,1179843,149130094,8.917495471168462e-05,7.154370504178037,6.197159996439837,14.362043422168306
Panchagarh,BD5577,Pirojpur,BD1079,False,441.1267840249207,441.1267840249207,441.1267840249207,441.1267840249207,1198195,1179843,134788209,7.57997182932818e-05,6.157446505022779,6.089332326248907,13.996326815697198
Panchagarh,BD5577,Rajbari,BD3082,False,301.2346903407357,301.2346903407357,301.2346903407357,301.2346903407357,1189818,1179843,57136387,0.00040453323418943623,13.11204909977851,5.707889663067771,13.989310912214547
Panchagarh,BD5577,Rajshahi,BD5081,False,202.45103434757326,202.45103434757326,202.45103434757326,202.45103434757326,2915009,1179843,29743558,0.00328675187811934,71.12133499204573,5.3104980516158875,14.885383465240523
Panchagarh,BD5577,Rangamati,BD2084,False,536.5346911257134,536.5346911257134,536.5346911257134,536.5346911257134,647586,1179843,150857348,3.2913653689821567e-05,2.249582038845342,6.285131221910761,13.381006882269048
Panchagarh,BD5577,Rangpur,BD5585,False,96.76026867328808,96.76026867328808,96.76026867328808,96.76026867328808,3169614,1179843,8370105,0.030786295475513148,338.54175812576824,4.572236462435864,14.9691203718778
Panchagarh,BD5577,Satkhira,BD4087,False,437.6889144129893,437.6889144129893,437.6889144129893,437.6889144129893,2196582,1179843,132591627,0.00014248569517958138,11.466115869046373,6.081508416969537,14.602413073820426
Panchagarh,BD5577,Shariatpur,BD3086,False,385.14154096724894,385.14154096724894,385.14154096724894,385.14154096724894,1294562,1179843,115141823,0.0001116398422186473,8.727344658581673,5.953610905601143,14.073682971966935
Panchagarh,BD5577,Sherpur,BD4589,False,201.12850595189974,201.12850595189974,201.12850595189974,201.12850595189974,1501853,1179843,28241705,0.001947596005906124,37.12617191192492,5.303944036866769,14.22221023700936
Panchagarh,BD5577,Sirajganj,BD5088,False,234.35803694016903,234.35803694016903,234.35803694016903,234.35803694016903,3357706,1179843,34518489,0.0028413895447908346,61.134021255390365,5.456850018383481,15.026768560672359
Panchagarh,BD5577,Sunamganj,BD6090,False,315.57283330927385,315.57283330927385,315.57283330927385,315.57283330927385,2695496,1179843,67153529,0.0006552321015757503,27.0669595265664,5.754389505764999,14.80709278991802
Panchagarh,BD5577,Sylhet,BD6091,False,374.3106018957759,374.3106018957759,374.3106018957759,374.3106018957759,3857123,1179843,108696616,0.00036416175745536,27.529557579650227,5.925085939103895,15.16543212675189
Panchagarh,BD5577,Tangail,BD3093,False,257.7945284345989,257.7945284345989,257.7945284345989,257.7945284345989,4037608,1179843,43775200,0.0021629128220142587,60.75426362969561,5.552162866209252,15.2111629953813
Panchagarh,BD5577,Thakurgaon,BD5594,False,39.9937283504181,39.9937283504181,39.9937283504181,39.9937283504181,1533895,1179843,0,0.5652332686501055,958.9850723411971,3.6887226505813575,14.243320810065981
Patuakhali,BD1078,Bagerhat,BD4001,False,70.70794122422274,70.70794122422274,70.70794122422274,70.70794122422274,1613076,1727254,7372850,0.028578950696162366,322.6401754360749,4.258557889426795,14.293653473170336
Patuakhali,BD1078,Bandarban,BD2003,False,207.0151065547676,207.0151065547676,207.0151065547676,207.0151065547676,481106,1727254,81761435,0.00011853490222888734,11.226301357633583,5.332791769128013,13.08384289902944
Patuakhali,BD1078,Barguna,BD1004,False,29.209129479123725,29.209129479123725,29.209129479123725,29.209129479123725,1010531,1727254,0,0.3691053168893832,1184.4382204988453,3.3744813138029968,13.825986493237492
Patuakhali,BD1078,Barishal,BD1006,False,69.25691978684479,69.25691978684479,69.25691978684479,69.25691978684479,2570446,1727254,4802404,0.07471845807057113,535.8980046229285,4.237823064795086,14.759589982670962
Patuakhali,BD1078,Bhola,BD1009,False,37.9888458554597,37.9888458554597,37.9888458554597,37.9888458554597,1932518,1727254,1010531,0.26105700876700355,1339.0948782488247,3.6372925865185066,14.474334373759973
Patuakhali,BD1078,Bogura,BD5010,False,310.7667592957676,310.7667592957676,310.7667592957676,310.7667592957676,3734297,1727254,125955342,0.0003843989242160402,38.666934064939,5.739042660700892,15.133070139288687
Patuakhali,BD1078,Brahmanbaria,BD2012,False,208.0761855773756,208.0761855773756,208.0761855773756,208.0761855773756,3306563,1727254,82242541,0.0007793154762128857,76.37162757579313,5.337904289452647,15.011419839295048
Patuakhali,BD1078,Chandpur,BD2013,False,126.29250317859763,126.29250317859763,126.29250317859763,126.29250317859763,2635748,1727254,21045347,0.007868120631008346,165.25276816424935,4.838600670338975,14.784677570641602
Patuakhali,BD1078,Chapainawabganj,BD5070,False,355.2949753249438,355.2949753249438,355.2949753249438,355.2949753249438,1835528,1727254,143984879,0.00014746507500431786,14.540618583561445,5.872948360863778,14.422842736501666
Patuakhali,BD1078,Chattogram,BD2015,False,150.29432520747966,150.29432520747966,150.29432520747966,150.29432520747966,9169465,1727254,29940660,0.012246807364805608,405.937180944233,5.012595539608876,16.031389500109725
Patuakhali,BD1078,Chuadanga,BD4018,False,223.78762301945486,223.78762301945486,223.78762301945486,223.78762301945486,1234054,1727254,90812554,0.0002456291891794804,24.641210414755083,5.410697490592729,14.025815242619684
Patuakhali,BD1078,Cox's Bazar,BD2022,False,188.97616957561738,188.97616957561738,188.97616957561738,188.97616957561738,2823268,1727254,70238318,0.0009060386701536671,79.05657985227785,5.2416209202085255,14.853405637196515
Patuakhali,BD1078,Cumilla,BD2019,False,153.07390974152784,153.07390974152784,153.07390974152784,153.07390974152784,6212216,1727254,39110125,0.005584560559703642,265.1210420463518,5.03092087495765,15.642028234056378
Patuakhali,BD1078,Dhaka,BD3026,False,178.12715737623336,178.12715737623336,178.12715737623336,178.12715737623336,14734701,1727254,55503617,0.006179344350941169,464.38806843146523,5.182497662535442,16.50571588212586
Patuakhali,BD1078,Dinajpur,BD5527,False,416.0210661722787,416.0210661722787,416.0210661722787,416.0210661722787,3315236,1727254,153881414,0.00023155152552621007,19.155072690229105,6.030735898816318,15.014039370621646
Patuakhali,BD1078,Faridpur,BD3029,False,154.3022394089817,154.3022394089817,154.3022394089817,154.3022394089817,2162879,1727254,45322341,0.0016134568058609215,90.84222561585118,5.038913272607814,14.586950762547518
Patuakhali,BD1078,Feni,BD2030,False,137.50476027303313,137.50476027303313,137.50476027303313,137.50476027303313,1648896,1727254,26666348,0.003338819491723072,87.2082954481795,4.923658536674876,14.315616531026453
Patuakhali,BD1078,Gaibandha,BD5532,False,357.33182900248755,357.33182900248755,357.33182900248755,357.33182900248755,2562233,1727254,145820407,0.00019981734305997653,20.06666570519522,5.878664843072678,14.756389701878161
Patuakhali,BD1078,Gazipur,BD3033,False,212.16438204361592,212.16438204361592,212.16438204361592,212.16438204361592,5263450,1727254,85549104,0.0011256451375437721,116.92989191786452,5.357361361213006,15.476297263245858
Patuakhali,BD1078,Gopalganj,BD3035,False,113.89328825959474,113.89328825959474,113.89328825959474,113.89328825959474,1295057,1727254,17162701,0.005866582136433198,99.83725231600154,4.735261942111055,14.07406526759114
Patuakhali,BD1078,Habiganj,BD6036,False,264.01898854476065,264.01898854476065,264.01898854476065,264.01898854476065,2358886,1727254,108474220,0.0003284658951051178,33.84048876111589,5.576021026865655,14.673700031660417
Patuakhali,BD1078,Jamalpur,BD4539,False,314.45731504457086,314.45731504457086,314.45731504457086,314.45731504457086,2499738,1727254,129689639,0.0002453380951631627,25.27965183781318,5.750848343700555,14.731696484346525
Patuakhali,BD1078,Jashore,BD4041,False,160.5548969954705,160.5548969954705,160.5548969954705,160.5548969954705,3076144,1727254,47485220,0.002064811959529616,119.33272257930426,5.078635921443586,14.939187422556142
Patuakhali,BD1078,Jhalokati,BD1042,False,47.87699392410709,47.87699392410709,47.87699392410709,47.87699392410709,661160,1727254,2943049,0.04586393580317885,288.438230317872,3.8686350951788513,13.40175114703129
Patuakhali,BD1078,Jhenaidah,BD4044,False,197.243113393337,197.243113393337,197.243113393337,197.243113393337,2005849,1727254,76523548,0.0005516766629046591,51.55781907699034,5.284437046028229,14.511577970493308
Patuakhali,BD1078,Joypurhat,BD5038,False,349.4097143825998,349.4097143825998,349.4097143825998,349.4097143825998,956431,1727254,143028448,7.832104181346206e-05,7.83400228207786,5.856245200354672,13.770963927257238
Patuakhali,BD1078,Khagrachhari,BD2046,False,192.63588771200264,192.63588771200264,192.63588771200264,192.63588771200264,714119,1727254,75809429,0.00020329691102127025,19.24403734298994,5.260801814882653,13.478804894101042
Patuakhali,BD1078,Khulna,BD4047,False,102.66677743495066,102.66677743495066,102.66677743495066,102.66677743495066,2613385,1727254,14549316,0.014681343078750157,247.93825104428436,4.63148857321674,14.776156873871212
Patuakhali,BD1078,Kishoreganj,BD3048,False,249.25499963228253,249.25499963228253,249.25499963228253,249.25499963228253,3267626,1727254,101848888,0.0005100110950558707,52.59501538115688,5.51847646734602,14.999574285328466
Patuakhali,BD1078,Kurigram,BD5549,False,406.7782187377024,406.7782187377024,406.7782187377024,406.7782187377024,2329160,1727254,151552254,0.0001686699232407439,14.076151830608426,6.00826811981493,14.66101824551926
Patuakhali,BD1078,Kushtia,BD4050,False,238.62818557741124,238.62818557741124,238.62818557741124,238.62818557741124,2149692,1727254,94956232,0.0003885772640322643,37.75137393531441,5.474906631678801,14.580835134027797
Patuakhali,BD1078,Lakshmipur,BD2051,False,90.9696228938762,90.9696228938762,90.9696228938762,90.9696228938762,1937948,1727254,8985926,0.024697368122094207,234.17974614810188,4.510525636435428,14.477140239287523
Patuakhali,BD1078,Lalmonirhat,BD5552,False,446.4558155300235,446.4558155300235,446.4558155300235,446.4558155300235,1428406,1727254,157196650,9.681517329514141e-05,7.1662952469599395,6.101340438040382,14.172069695197669
Patuakhali,BD1078,Madaripur,BD3054,False,116.71084233283709,116.71084233283709,116.71084233283709,116.71084233283709,1293027,1727254,18457758,0.005151576603240183,94.92600124210986,4.759699442713247,14.07249653920651
Patuakhali,BD1078,Magura,BD4055,False,170.8181984730475,170.8181984730475,170.8181984730475,170.8181984730475,1033115,1727254,50561364,0.0006400198665541687,35.40628759013423,5.140599824115634,13.848089068139739
Patuakhali,BD1078,Manikganj,BD3056,False,189.47937982316927,189.47937982316927,189.47937982316927,189.47937982316927,1558025,1727254,73061586,0.0004713056254068799,43.39608117356889,5.2442802050038,14.258929551497186
Patuakhali,BD1078,Meherpur,BD4057,False,248.53458024331684,248.53458024331684,248.53458024331684,248.53458024331684,705356,1727254,101143532,0.00011434384276844506,11.419174719276041,5.515581991764118,13.466457918881725
Patuakhali,BD1078,Moulvibazar,BD6058,False,297.9591664286839,297.9591664286839,297.9591664286839,297.9591664286839,2123447,1727254,118592033,0.00024895987935198976,23.91816868621237,5.696956451709465,14.568551269629545
Patuakhali,BD1078,Munshiganj,BD3059,False,148.44531896928845,148.44531896928845,148.44531896928845,148.44531896928845,1625416,1727254,28315244,0.002950973026163478,73.76180166376247,5.000216668003195,14.301274340983566
Patuakhali,BD1078,Mymensingh,BD4561,False,278.9201462791664,278.9201462791664,278.9201462791664,278.9201462791664,5899005,1727254,112693028,0.0007401107425004673,75.82614825769821,5.630925526801139,15.590294250586142
Patuakhali,BD1078,Naogaon,BD5064,False,344.8436684702835,344.8436684702835,344.8436684702835,344.8436684702835,2784599,1727254,140243849,0.00023403630547334537,23.4162933344836,5.843091179465987,14.839614435339252
Patuakhali,BD1078,Narail,BD4065,False,134.04003685276936,134.04003685276936,134.04003685276936,134.04003685276936,788671,1727254,25877677,0.001737980592624408,43.89618673269722,4.898138537807667,13.57810452934276
Patuakhali,BD1078,Narayanganj,BD3067,False,171.3739604772075,171.3739604772075,171.3739604772075,171.3739604772075,3909138,1727254,51594479,0.0022125984194257113,133.10406995759925,5.14384807208557,15.178827447298536
Patuakhali,BD1078,Narsingdi,BD3068,False,205.02699709885832,205.02699709885832,205.02699709885832,205.02699709885832,2584452,1727254,78529397,0.0006714254079373332,61.48177097240596,5.3231416636327875,14.765024051188075
Patuakhali,BD1078,Natore,BD5069,False,277.906022786452,277.906022786452,277.906022786452,277.906022786452,1859922,1727254,110833106,0.00024943790563174503,24.08234721288459,5.627283009008942,14.436045109326196
Patuakhali,BD1078,Netrakona,BD4572,False,301.43458562254324,301.43458562254324,301.43458562254324,301.43458562254324,2324853,1727254,120715480,0.00026285540434453614,25.586408951147934,5.708553029518031,14.659167369198306
Patuakhali,BD1078,Nilphamari,BD5573,False,451.62218348809773,451.62218348809773,451.62218348809773,451.62218348809773,2092568,1727254,158625056,0.000138756885704743,10.259567365252954,6.112845953053335,14.553902577830893
Patuakhali,BD1078,Noakhali,BD2075,False,93.21069957790851,93.21069957790851,93.21069957790851,93.21069957790851,3625442,1727254,10923874,0.03041060278784125,417.2817841652004,4.534862517440335,15.103486769872411
Patuakhali,BD1078,Pabna,BD5076,False,231.57339960755684,231.57339960755684,231.57339960755684,231.57339960755684,2909624,1727254,92046608,0.0005543179907697636,54.257468587014905,5.444896884212861,14.8835344211774
Patuakhali,BD1078,Panchagarh,BD5577,False,491.35161734575115,491.35161734575115,491.35161734575115,491.35161734575115,1179843,1727254,162251519,7.524741065949493e-05,4.886967382192155,6.197159996439837,13.98089193674234
Patuakhali,BD1078,Patuakhali,BD1078,True,0.0,34.56723861297733,1.0,26.022331846376446,1727254,1727254,0,0.5,1445.5290772327548,3.542906372611122,14.362043422168306
Patuakhali,BD1078,Pirojpur,BD1079,False,56.529817171530006,56.529817171530006,56.529817171530006,56.529817171530006,1198195,1727254,3604209,0.059449317812733195,374.94912222642097,4.034768236497112,13.996326815697198
Patuakhali,BD1078,Rajbari,BD3082,False,191.18880774380077,191.18880774380077,191.18880774380077,191.18880774380077,1189818,1727254,74619611,0.0003471669031084471,32.55034566856828,5.253261461999141,13.989310912214547
Patuakhali,BD1078,Rajshahi,BD5081,False,309.5458814703266,309.5458814703266,309.5458814703266,309.5458814703266,2915009,1727254,123040333,0.0003160549722325774,30.42214555087225,5.735106324983584,14.885383465240523
Patuakhali,BD1078,Rangamati,BD2084,False,205.83199613723968,205.83199613723968,205.83199613723968,205.83199613723968,647586,1727254,81113849,0.00016172611132582093,15.285219498744572,5.3270602833136795,13.381006882269048
Patuakhali,BD1078,Rangpur,BD5585,False,402.3368636677724,402.3368636677724,402.3368636677724,402.3368636677724,3169614,1727254,148382640,0.00023794093703458414,19.58063284938253,5.997289707041561,14.9691203718778
Patuakhali,BD1078,Satkhira,BD4087,False,131.60856319676944,131.60856319676944,131.60856319676944,131.60856319676944,2196582,1727254,23681095,0.005409293117139114,126.81748166280067,4.87983208665853,14.602413073820426
Patuakhali,BD1078,Shariatpur,BD3086,False,117.48259424936072,117.48259424936072,117.48259424936072,117.48259424936072,1294562,1727254,19750785,0.004571637624882832,93.79416008388516,4.766290188563288,14.073682971966935
Patuakhali,BD1078,Sherpur,BD4589,False,323.20515202400213,323.20515202400213,323.20515202400213,323.20515202400213,1501853,1727254,134884873,0.00013748545013134422,14.377086193140657,5.778287267188213,14.22221023700936
Patuakhali,BD1078,Sirajganj,BD5088,False,257.970674162802,257.970674162802,257.970674162802,257.970674162802,3357706,1727254,105116514,0.0004925635546477337,50.45474196899059,5.552845912425493,15.026768560672359
Patuakhali,BD1078,Sunamganj,BD6090,False,320.4124422582737,320.4124422582737,320.4124422582737,320.4124422582737,2695496,1727254,132189377,0.00025449023956961486,26.25547907718636,5.769609047955414,14.80709278991802
Patuakhali,BD1078,Sylhet,BD6091,False,343.8647759311246,343.8647759311246,343.8647759311246,343.8647759311246,3857123,1727254,136386726,0.0003397677064472066,32.6203117124018,5.840248486868529,15.16543212675189
Patuakhali,BD1078,Tangail,BD3093,False,244.2352604678734,244.2352604678734,244.2352604678734,244.2352604678734,4037608,1727254,97105924,0.0006859390707694913,67.68733650734902,5.49813194301345,15.2111629953813
Patuakhali,BD1078,Thakurgaon,BD5594,False,471.10071628247766,471.10071628247766,471.10071628247766,471.10071628247766,1533895,1727254,160717624,9.946222818224551e-05,6.911433006052592,6.155071906151619,14.243320810065981
Pirojpur,BD1079,Bagerhat,BD4001,False,31.810293964344723,31.810293964344723,31.810293964344723,31.810293964344723,1613076,1198195,661160,0.29935491420576843,1594.114325575649,3.459789946974081,14.293653473170336
Pirojpur,BD1079,Bandarban,BD2003,False,257.1354210058868,257.1354210058868,257.1354210058868,257.1354210058868,481106,1198195,121554995,3.8106924600464135e-05,7.2764066391562645,5.54960287610036,13.08384289902944
Pirojpur,BD1079,Barguna,BD1004,False,45.58337065774501,45.58337065774501,45.58337065774501,45.58337065774501,1010531,1198195,2274236,0.07778188459733763,486.3363926137309,3.819542971450721,13.825986493237492
Pirojpur,BD1079,Barishal,BD1006,False,47.24028496787638,47.24028496787638,47.24028496787638,47.24028496787638,2570446,1198195,3284767,0.09740290819559387,1151.8169549556753,3.85524702365382,14.759589982670962
Pirojpur,BD1079,Bhola,BD1009,False,79.19789671234807,79.19789671234807,79.19789671234807,79.19789671234807,1932518,1198195,13572607,0.00938521384987756,308.103230305681,4.371949741805474,14.474334373759973
Pirojpur,BD1079,Bogura,BD5010,False,262.2806347712817,262.2806347712817,262.2806347712817,262.2806347712817,3734297,1198195,122036101,0.0002859620905117151,54.28457019535795,5.5694150555971635,15.133070139288687
Pirojpur,BD1079,Brahmanbaria,BD2012,False,193.16217222464977,193.16217222464977,193.16217222464977,193.16217222464977,3306563,1198195,90367697,0.0004560688760977556,88.62018257380534,5.263530106669225,15.011419839295048
Pirojpur,BD1079,Chandpur,BD2013,False,114.5166858643225,114.5166858643225,114.5166858643225,114.5166858643225,2635748,1198195,26173240,0.0038451084641857127,200.9862483887545,4.740720540449676,14.784677570641602
Pirojpur,BD1079,Chapainawabganj,BD5070,False,299.8094265571746,299.8094265571746,299.8094265571746,299.8094265571746,1835528,1198195,137961319,0.00011209126546596772,20.420691591748774,5.70314702799331,14.422842736501666
Pirojpur,BD1079,Chattogram,BD2015,False,189.42902788221028,189.42902788221028,189.42902788221028,189.42902788221028,9169465,1198195,80492876,0.0014802041442285895,255.5353196494402,5.244014431322186,16.031389500109725
Pirojpur,BD1079,Chuadanga,BD4018,False,167.3340992673861,167.3340992673861,167.3340992673861,167.3340992673861,1234054,1198195,66351604,0.00031823731845489084,44.0722541125117,5.1199924083082795,14.025815242619684
Pirojpur,BD1079,Cox's Bazar,BD2022,False,243.31339992960704,243.31339992960704,243.31339992960704,243.31339992960704,2823268,1198195,107558827,0.00027876279846167324,47.689201525559554,5.494350324021351,14.853405637196515
Pirojpur,BD1079,Cumilla,BD2019,False,146.40461860921818,146.40461860921818,146.40461860921818,146.40461860921818,6212216,1198195,58490492,0.0018923029206364466,289.82576620742094,4.98637414890676,15.642028234056378
Pirojpur,BD1079,Dhaka,BD3026,False,141.81327719385934,141.81327719385934,141.81327719385934,141.81327719385934,14734701,1198195,38288628,0.008246030130047668,732.6685349067402,4.9545112429577225,16.50571588212586
Pirojpur,BD1079,Dinajpur,BD5527,False,365.392767395715,365.392767395715,365.392767395715,365.392767395715,3315236,1198195,154410473,0.00016062714582098364,24.831019812148806,5.9009728500854886,15.014039370621646
Pirojpur,BD1079,Faridpur,BD3029,False,106.27585422363657,106.27585422363657,106.27585422363657,106.27585422363657,2162879,1198195,24010361,0.003755901473542841,191.4974587698257,4.666038112073163,14.586950762547518
Pirojpur,BD1079,Feni,BD2030,False,154.4540185534928,154.4540185534928,154.4540185534928,154.4540185534928,1648896,1198195,64702708,0.00044381843824861834,69.11858523369756,5.039896437501304,14.315616531026453
Pirojpur,BD1079,Gaibandha,BD5532,False,311.4104736226696,311.4104736226696,311.4104736226696,311.4104736226696,2562233,1198195,142492343,0.00014608776646460317,26.42117881132302,5.741111892818455,14.756389701878161
Pirojpur,BD1079,Gazipur,BD3033,False,179.99230020578855,179.99230020578855,179.99230020578855,179.99230020578855,5263450,1198195,70495282,0.00114306425472865,162.4660596990516,5.192914073340756,15.476297263245858
Pirojpur,BD1079,Gopalganj,BD3035,False,64.29543417797812,64.29543417797812,64.29543417797812,64.29543417797812,1295057,1198195,10195852,0.010732661275710183,313.2770761843456,4.163488620603841,14.07406526759114
Pirojpur,BD1079,Habiganj,BD6036,False,251.17978643688917,251.17978643688917,251.17978643688917,251.17978643688917,2358886,1198195,116281100,0.00020076033692241208,37.38846016085617,5.5261689633503055,14.673700031660417
Pirojpur,BD1079,Jamalpur,BD4539,False,271.65153751673665,271.65153751673665,271.65153751673665,271.65153751673665,2499738,1198195,125770398,0.00018220577539805163,33.87428657791061,5.604520132899559,14.731696484346525
Pirojpur,BD1079,Jashore,BD4041,False,104.21268734956183,104.21268734956183,104.21268734956183,104.21268734956183,3076144,1198195,20934217,0.006606287190167002,283.2470994352155,4.646433881499893,14.939187422556142
Pirojpur,BD1079,Jhalokati,BD1042,False,20.070770654260947,20.070770654260947,20.070770654260947,20.070770654260947,661160,1198195,0,0.3555856735265724,1641.2641158517822,2.9992645603899812,13.40175114703129
Pirojpur,BD1079,Jhenaidah,BD4044,False,140.9913957904491,140.9913957904491,140.9913957904491,140.9913957904491,2005849,1198195,36282779,0.0016239126992955955,100.9050765708565,4.948698865753432,14.511577970493308
Pirojpur,BD1079,Joypurhat,BD5038,False,299.2300477507413,299.2300477507413,299.2300477507413,299.2300477507413,956431,1198195,137004888,5.9586861656283625e-05,10.681770438543467,5.701212668032274,13.770963927257238
Pirojpur,BD1079,Khagrachhari,BD2046,False,212.62395987476944,212.62395987476944,212.62395987476944,212.62395987476944,714119,1198195,101069574,8.124533985636535e-05,15.79596576895765,5.35952515887464,13.478804894101042
Pirojpur,BD1079,Khulna,BD4047,False,56.456590170103944,56.456590170103944,56.456590170103944,56.456590170103944,2613385,1198195,5855213,0.04592503247105438,819.9249562684078,4.033472027273335,14.776156873871212
Pirojpur,BD1079,Kishoreganj,BD3048,False,226.59225639882106,226.59225639882106,226.59225639882106,226.59225639882106,3267626,1198195,103643615,0.0003454313375800126,63.641764878349534,5.423152175012737,14.999574285328466
Pirojpur,BD1079,Kurigram,BD5549,False,363.56960906224094,363.56960906224094,363.56960906224094,363.56960906224094,2329160,1198195,152081313,0.00011700621835436082,17.62074136415457,5.895970775372852,14.66101824551926
Pirojpur,BD1079,Kushtia,BD4050,False,183.6009407588191,183.6009407588191,183.6009407588191,183.6009407588191,2149692,1198195,78343184,0.00039640218285361156,63.771471154945935,5.212764602131973,14.580835134027797
Pirojpur,BD1079,Lakshmipur,BD2051,False,97.02452813125768,97.02452813125768,97.02452813125768,97.02452813125768,1937948,1198195,18996269,0.005195275059700537,205.86335254969592,4.574963813870381,14.477140239287523
Pirojpur,BD1079,Lalmonirhat,BD5552,False,399.87637155326615,399.87637155326615,399.87637155326615,399.87637155326615,1428406,1198195,157725709,6.716062406940263e-05,8.93305854743399,5.991155428218826,14.172069695197669
Pirojpur,BD1079,Madaripur,BD3054,False,78.09709914815956,78.09709914815956,78.09709914815956,78.09709914815956,1293027,1198195,11490909,0.008732342734042959,212.00094081597112,4.35795291336658,14.07249653920651
Pirojpur,BD1079,Magura,BD4055,False,116.21019261504678,116.21019261504678,116.21019261504678,116.21019261504678,1033115,1198195,28808988,0.001329000245917012,76.49978686307685,4.75540055670735,13.848089068139739
Pirojpur,BD1079,Manikganj,BD3056,False,145.74842895779668,145.74842895779668,145.74842895779668,145.74842895779668,1558025,1198195,56932467,0.0005380276938312955,73.34434893787872,4.981882046152244,14.258929551497186
Pirojpur,BD1079,Meherpur,BD4057,False,192.15396438365943,192.15396438365943,192.15396438365943,192.15396438365943,705356,1198195,89662341,0.00010158435863564513,19.103355912800406,5.258296948511056,13.466457918881725
Pirojpur,BD1079,Moulvibazar,BD6058,False,291.9980555846914,291.9980555846914,291.9980555846914,291.9980555846914,2123447,1198195,134881441,0.0001352876205710655,24.904711017135426,5.676747143289575,14.568551269629545
Pirojpur,BD1079,Munshiganj,BD3059,False,118.53141986588716,118.53141986588716,118.53141986588716,118.53141986588716,1625416,1198195,33467545,0.0015480705749241791,115.69046241241058,4.775178071977623,14.301274340983566
Pirojpur,BD1079,Mymensingh,BD4561,False,244.8229301573516,244.8229301573516,244.8229301573516,244.8229301573516,5899005,1198195,110382095,0.0005392093940155591,98.41801043603459,5.500535215194939,15.590294250586142
Pirojpur,BD1079,Naogaon,BD5064,False,291.8557017453023,291.8557017453023,291.8557017453023,291.8557017453023,2784599,1198195,132096842,0.00018394290769630945,32.6908564422556,5.676259508019877,14.839614435339252
Pirojpur,BD1079,Narail,BD4065,False,78.66370054110664,78.66370054110664,78.66370054110664,78.66370054110664,788671,1198195,12783936,0.004575577665932843,127.4521382719752,4.365181810660717,13.57810452934276
Pirojpur,BD1079,Narayanganj,BD3067,False,145.14974836818286,145.14974836818286,145.14974836818286,145.14974836818286,3909138,1198195,53023329,0.0014860434786969606,185.54464622692527,4.977765956870671,15.178827447298536
Pirojpur,BD1079,Narsingdi,BD3068,False,181.69315871733934,181.69315871733934,181.69315871733934,181.69315871733934,2584452,1198195,75758732,0.0005058888880682306,78.28730091562751,5.202319323165162,14.765024051188075
Pirojpur,BD1079,Natore,BD5069,False,225.180427853855,225.180427853855,225.180427853855,225.180427853855,1859922,1198195,101783693,0.00020640816588953526,36.68034835477891,5.416901982425826,14.436045109326196
Pirojpur,BD1079,Netrakona,BD4572,False,273.93515417053135,273.93515417053135,273.93515417053135,273.93515417053135,2324853,1198195,128270136,0.00016325500365531654,30.981323019060582,5.612891414767619,14.659167369198306
Pirojpur,BD1079,Nilphamari,BD5573,False,402.85365710162006,402.85365710162006,402.85365710162006,402.85365710162006,2092568,1198195,159154115,9.625556326226167e-05,12.893919624636357,5.998573362254781,14.553902577830893
Pirojpur,BD1079,Noakhali,BD2075,False,117.4946610178747,117.4946610178747,117.4946610178747,117.4946610178747,3625442,1198195,29842103,0.004037031212675603,262.6181250651614,4.766392894406122,15.103486769872411
Pirojpur,BD1079,Pabna,BD5076,False,179.9913178507424,179.9913178507424,179.9913178507424,179.9913178507424,2909624,1198195,67585658,0.0007069655156505933,89.8118736686183,5.192908615564363,14.8835344211774
Pirojpur,BD1079,Panchagarh,BD5577,False,441.1267840249207,441.1267840249207,441.1267840249207,441.1267840249207,1179843,1198195,162780578,5.21990808619656e-05,6.063136765572875,6.089332326248907,13.98089193674234
Pirojpur,BD1079,Patuakhali,BD1078,False,56.529817171530006,56.529817171530006,56.529817171530006,56.529817171530006,1727254,1198195,8468598,0.01878984876492459,540.5066547282158,4.034768236497112,14.362043422168306
Pirojpur,BD1079,Pirojpur,BD1079,True,0.0,27.189682407042056,1.0,18.147145558537375,1198195,1198195,0,0.5,1620.7619538885544,3.302837578070169,13.996326815697198
Pirojpur,BD1079,Rajbari,BD3082,False,139.89694013857743,139.89694013857743,139.89694013857743,139.89694013857743,1189818,1198195,35092961,0.0010480846667472801,60.79447377006561,4.94090600965653,13.989310912214547
Pirojpur,BD1079,Rajshahi,BD5081,False,254.68803578745596,254.68803578745596,254.68803578745596,254.68803578745596,2915009,1198195,118639986,0.00023743208573318182,44.93893871878084,5.540039407138318,14.885383465240523
Pirojpur,BD1079,Rangamati,BD2084,False,236.8695185498868,236.8695185498868,236.8695185498868,236.8695185498868,647586,1198195,106911241,6.599393815160014e-05,11.54194755575705,5.467509434882447,13.381006882269048
Pirojpur,BD1079,Rangpur,BD5585,False,354.8816222755141,354.8816222755141,354.8816222755141,354.8816222755141,3169614,1198195,148911699,0.00016505947651599217,25.167458254259664,5.8717842754869745,14.9691203718778
Pirojpur,BD1079,Satkhira,BD4087,False,89.6131005883359,89.6131005883359,89.6131005883359,89.6131005883359,2196582,1198195,15505125,0.008337053142011726,273.529651612503,4.495501521216355,14.602413073820426
Pirojpur,BD1079,Shariatpur,BD3086,False,90.02605630570764,90.02605630570764,90.02605630570764,90.02605630570764,1294562,1198195,17701707,0.004064044688536295,159.72996746161104,4.5000991429368895,14.073682971966935
Pirojpur,BD1079,Sherpur,BD4589,False,283.4983939380862,283.4983939380862,283.4983939380862,283.4983939380862,1501853,1198195,130594989,0.00010243491220972403,18.686424935269418,5.647206458030371,14.22221023700936
Pirojpur,BD1079,Sirajganj,BD5088,False,210.4448957125147,210.4448957125147,210.4448957125147,210.4448957125147,3357706,1198195,97711868,0.0003977323437591375,75.81687393417006,5.349223840764755,15.026768560672359
Pirojpur,BD1079,Sunamganj,BD6090,False,300.767153653828,300.767153653828,300.767153653828,300.767153653828,2695496,1198195,139796847,0.00015941683500338133,29.797366316075323,5.706336389483738,14.80709278991802
Pirojpur,BD1079,Sylhet,BD6091,False,333.9975374601468,333.9975374601468,333.9975374601468,333.9975374601468,3857123,1198195,145054576,0.00021051234532359984,34.576175882886886,5.811133620075709,15.16543212675189
Pirojpur,BD1079,Tangail,BD3093,False,202.65498462399256,202.65498462399256,202.65498462399256,202.65498462399256,4037608,1198195,93674260,0.0005155502927651946,98.31268822980796,5.311504949978782,15.2111629953813
Pirojpur,BD1079,Thakurgaon,BD5594,False,419.0796836758769,419.0796836758769,419.0796836758769,419.0796836758769,1533895,1198195,161246683,6.899688435911896e-05,8.733783396392097,6.038061077678421,14.243320810065981
Rajbari,BD3082,Bagerhat,BD4001,False,152.08388699158658,152.08388699158658,152.08388699158658,152.08388699158658,1613076,1189818,83605431,0.00026194388116740607,69.74104042350812,5.024432256714589,14.293653473170336
Rajbari,BD3082,Bandarban,BD2003,False,357.97439461739623,357.97439461739623,357.97439461739623,357.97439461739623,481106,1189818,160664424,2.178633239420396e-05,3.754368060238639,5.880461460427685,13.08384289902944
Rajbari,BD3082,Barguna,BD1004,False,185.46705881809203,185.46705881809203,185.46705881809203,185.46705881809203,1010531,1189818,114104939,8.966462909428936e-05,29.3775836215876,5.222877285782746,13.825986493237492
Rajbari,BD3082,Barishal,BD1006,False,129.34372644136724,129.34372644136724,129.34372644136724,129.34372644136724,2570446,1189818,65527754,0.0006615926138705275,153.64475762455675,4.862473406809282,14.759589982670962
Rajbari,BD3082,Bhola,BD1009,False,195.79222866634927,195.79222866634927,195.79222866634927,195.79222866634927,1932518,1189818,116842724,0.0001623856120717823,50.4118514607847,5.277054039147086,14.474334373759973
Rajbari,BD3082,Bogura,BD5010,False,123.35755489550817,123.35755489550817,123.35755489550817,123.35755489550817,3734297,1189818,56293996,0.0012625944925127627,245.40157781581456,4.815087088732625,15.133070139288687
Rajbari,BD3082,Brahmanbaria,BD2012,False,156.80834843688618,156.80834843688618,156.80834843688618,156.80834843688618,3306563,1189818,96411904,0.00039945975505625153,134.47403621755623,5.055024349081154,15.011419839295048
Rajbari,BD3082,Chandpur,BD2013,False,133.2687302706366,133.2687302706366,133.2687302706366,133.2687302706366,2635748,1189818,68098200,0.0006292943936007854,148.40460103634206,4.8923676180504625,14.784677570641602
Rajbari,BD3082,Chapainawabganj,BD5070,False,171.40344147997212,171.40344147997212,171.40344147997212,171.40344147997212,1835528,1189818,107382325,0.00018218972900769967,62.47725479866672,5.144020084608385,14.422842736501666
Rajbari,BD3082,Chattogram,BD2015,False,272.84474545512035,272.84474545512035,272.84474545512035,272.84474545512035,9169465,1189818,144276512,0.00048501148017452686,123.1722311535681,5.608902935448344,16.031389500109725
Rajbari,BD3082,Chuadanga,BD4018,False,73.87125919799504,73.87125919799504,73.87125919799504,73.87125919799504,1234054,1189818,27342556,0.0017288211571720507,226.1430056584256,4.302323837530397,14.025815242619684
Rajbari,BD3082,Cox's Bazar,BD2022,False,358.08437906190477,358.08437906190477,358.08437906190477,358.08437906190477,2823268,1189818,161145530,0.00012529054813798635,22.018176758645104,5.880768654332476,14.853405637196515
Rajbari,BD3082,Cumilla,BD2019,False,153.49661400903594,153.49661400903594,153.49661400903594,153.49661400903594,6212216,1189818,85218507,0.0009235580172244133,263.6628536879732,5.033678508210902,15.642028234056378
Rajbari,BD3082,Dhaka,BD3026,False,70.45523844812212,70.45523844812212,70.45523844812212,70.45523844812212,14734701,1189818,12607855,0.04453260556593858,2968.347551628472,4.254977592544465,16.50571588212586
Rajbari,BD3082,Dinajpur,BD5527,False,225.53245229797614,225.53245229797614,225.53245229797614,225.53245229797614,3315236,1189818,132273576,0.0002160799995374137,65.17729995985172,5.41846406121791,15.014039370621646
Rajbari,BD3082,Faridpur,BD3029,False,39.54075339285209,39.54075339285209,39.54075339285209,39.54075339285209,2162879,1189818,1033115,0.2639589390951125,1383.3827122782097,3.677331871502578,14.586950762547518
Rajbari,BD3082,Feni,BD2030,False,205.5544500763187,205.5544500763187,205.5544500763187,205.5544500763187,1648896,1189818,124759570,0.00012207673458440322,39.02469323332083,5.3257109627145915,14.315616531026453
Rajbari,BD3082,Gaibandha,BD5532,False,174.78572573325917,174.78572573325917,174.78572573325917,174.78572573325917,2562233,1189818,109217853,0.0002444202290310487,83.87001025206303,5.163560799322151,14.756389701878161
Rajbari,BD3082,Gazipur,BD3033,False,98.81604118862289,98.81604118862289,98.81604118862289,98.81604118862289,5263450,1189818,45826846,0.002547784548756298,539.0333051758182,4.593259951783564,15.476297263245858
Rajbari,BD3082,Gopalganj,BD3035,False,77.29671284264951,77.29671284264951,77.29671284264951,77.29671284264951,1295057,1189818,31934316,0.001351525447398172,216.75385642894273,4.347651430014526,14.07406526759114
Rajbari,BD3082,Habiganj,BD6036,False,202.68527729935238,202.68527729935238,202.68527729935238,202.68527729935238,2358886,1189818,122400684,0.00018030440200160326,57.41991508989289,5.311654417861752,14.673700031660417
Rajbari,BD3082,Jamalpur,BD4539,False,141.4601124362928,141.4601124362928,141.4601124362928,141.4601124362928,2499738,1189818,80444533,0.00043304206597355845,124.91842340233256,4.952017786434991,14.731696484346525
Rajbari,BD3082,Jashore,BD4041,False,81.173951066442,81.173951066442,81.173951066442,81.173951066442,3076144,1189818,33229373,0.0028360200709706663,466.8456226360941,4.39659439602605,14.939187422556142
Rajbari,BD3082,Jhalokati,BD1042,False,143.32099160092656,143.32099160092656,143.32099160092656,143.32099160092656,661160,1189818,82944271,0.00011026649991951204,32.187478955899294,4.965086811202426,13.40175114703129
Rajbari,BD3082,Jhenaidah,BD4044,False,55.097552077336154,55.097552077336154,55.097552077336154,55.097552077336154,2005849,1189818,7663643,0.024823525519164412,660.7446086205955,4.009105288263365,14.511577970493308
Rajbari,BD3082,Joypurhat,BD5038,False,159.34167769577618,159.34167769577618,159.34167769577618,159.34167769577618,956431,1189818,104487946,0.0001009843486352666,37.66993519627942,5.071050812927644,13.770963927257238
Rajbari,BD3082,Khagrachhari,BD2046,False,251.78868603602183,251.78868603602183,251.78868603602183,251.78868603602183,714119,1189818,137917972,4.368420581851525e-05,11.26414325837701,5.528590188257716,13.478804894101042
Rajbari,BD3082,Khulna,BD4047,False,140.23023671213335,140.23023671213335,140.23023671213335,140.23023671213335,2613385,1189818,77831148,0.000482023986306919,132.89849406842455,4.943285619764898,14.776156873871212
Rajbari,BD3082,Kishoreganj,BD3048,False,157.67123535088612,157.67123535088612,157.67123535088612,157.67123535088612,3267626,1189818,99718467,0.0003698441432439959,131.43995518953795,5.060512076259517,14.999574285328466
Rajbari,BD3082,Kurigram,BD5549,False,229.94875939960937,229.94875939960937,229.94875939960937,229.94875939960937,2329160,1189818,135588812,0.00014564988880960906,44.049114399928285,5.437856498883792,14.66101824551926
Rajbari,BD3082,Kushtia,BD4050,False,59.02755490101164,59.02755490101164,59.02755490101164,59.02755490101164,2149692,1189818,9669492,0.0181055016990992,616.9737015038003,4.078004367100653,14.580835134027797
Rajbari,BD3082,Lakshmipur,BD2051,False,161.58029742214742,161.58029742214742,161.58029742214742,161.58029742214742,1937948,1189818,105444377,0.00019916258280176305,74.22758197008037,5.085002216761265,14.477140239287523
Rajbari,BD3082,Lalmonirhat,BD5552,False,261.76167430829884,261.76167430829884,261.76167430829884,261.76167430829884,1428406,1189818,140755538,8.351054757109764e-05,20.846807014202724,5.5674344497428665,14.172069695197669
Rajbari,BD3082,Madaripur,BD3054,False,83.67025745197137,83.67025745197137,83.67025745197137,83.67025745197137,1293027,1189818,40343125,0.00086494444515481,184.69935676684966,4.42688356729538,14.07249653920651
Rajbari,BD3082,Magura,BD4055,False,34.208973440184785,34.208973440184785,34.208973440184785,34.208973440184785,1033115,1189818,0,0.464753098721374,882.8127228887823,3.532487990944561,13.848089068139739
Rajbari,BD3082,Manikganj,BD3056,False,41.548775149187854,41.548775149187854,41.548775149187854,41.548775149187854,1558025,1189818,6105618,0.02870057689963113,902.5223619504097,3.726868041906363,14.258929551497186
Rajbari,BD3082,Meherpur,BD4057,False,87.26357337662976,87.26357337662976,87.26357337662976,87.26357337662976,705356,1189818,43496074,0.00041375794354555175,92.6280195988731,4.468933117769556,13.466457918881725
Rajbari,BD3082,Moulvibazar,BD6058,False,253.14774838242138,253.14774838242138,253.14774838242138,253.14774838242138,2123447,1189818,138632091,0.0001272991620401338,33.13548165844512,5.5339733039754995,14.568551269629545
Rajbari,BD3082,Munshiganj,BD3059,False,90.02404020676346,90.02404020676346,90.02404020676346,90.02404020676346,1625416,1189818,44201430,0.0009061938920559027,200.56148234301446,4.500076748070313,14.301274340983566
Rajbari,BD3082,Mymensingh,BD4561,False,139.2841059258928,139.2841059258928,139.2841059258928,139.2841059258928,5899005,1189818,70733948,0.0012539499116987042,304.07144834183595,4.936515774677146,15.590294250586142
Rajbari,BD3082,Naogaon,BD5064,False,154.00969504801384,154.00969504801384,154.00969504801384,154.00969504801384,2784599,1189818,91430723,0.0003749420167718132,117.39957939960159,5.037015555289288,14.839614435339252
Rajbari,BD3082,Narail,BD4065,False,66.47248050696959,66.47248050696959,66.47248050696959,66.47248050696959,788671,1189818,11819184,0.005227891649429674,178.48926498031247,4.196788035048937,13.57810452934276
Rajbari,BD3082,Narayanganj,BD3067,False,103.4759632484064,103.4759632484064,103.4759632484064,103.4759632484064,3909138,1189818,52384858,0.0015102763031381889,365.0917727325589,4.639339346587906,15.178827447298536
Rajbari,BD3082,Narsingdi,BD3068,False,126.94331084124912,126.94331084124912,126.94331084124912,126.94331084124912,2584452,1189818,62943302,0.000718664850182831,160.37949012972442,4.843740615476507,14.765024051188075
Rajbari,BD3082,Natore,BD5069,False,87.12384615141211,87.12384615141211,87.12384615141211,87.12384615141211,1859922,1189818,41636152,0.0011563721571945665,245.03078569258489,4.4673306253937035,14.436045109326196
Rajbari,BD3082,Netrakona,BD4572,False,181.83634257727977,181.83634257727977,181.83634257727977,181.83634257727977,2324853,1189818,111780086,0.00021237515778194135,70.3127562851878,5.203107065930658,14.659167369198306
Rajbari,BD3082,Nilphamari,BD5573,False,263.25031184867834,263.25031184867834,263.25031184867834,263.25031184867834,2092568,1189818,142183944,0.00011937900410395686,30.195469802331388,5.573105335623747,14.553902577830893
Rajbari,BD3082,Noakhali,BD2075,False,196.812861387655,196.812861387655,196.812861387655,196.812861387655,3625442,1189818,118775242,0.0002909387875532921,93.59529356066217,5.282253335062314,15.103486769872411
Rajbari,BD3082,Pabna,BD5076,False,40.38594213243259,40.38594213243259,40.38594213243259,40.38594213243259,2909624,1189818,3195994,0.10819722984071733,1783.9243479627476,3.6984817573935382,14.8835344211774
Rajbari,BD3082,Panchagarh,BD5577,False,301.2346903407357,301.2346903407357,301.2346903407357,301.2346903407357,1179843,1189818,159484581,5.398013727888819e-05,13.00212246413315,5.707889663067771,13.98089193674234
Rajbari,BD3082,Patuakhali,BD1078,False,191.18880774380077,191.18880774380077,191.18880774380077,191.18880774380077,1727254,1189818,115115470,0.00014970472936416,47.25320574862479,5.253261461999141,14.362043422168306
Rajbari,BD3082,Pirojpur,BD1079,False,139.89694013857743,139.89694013857743,139.89694013857743,139.89694013857743,1198195,1189818,76632953,0.0002318243297633811,61.22250167582249,4.94090600965653,13.996326815697198
Rajbari,BD3082,Rajbari,BD3082,True,0.0,19.35522522364671,1.0,17.263453154267562,1189818,1189818,0,0.5,3176.0261989558303,2.962962420420018,13.989310912214547
Rajbari,BD3082,Rajshahi,BD5081,False,123.56905393134468,123.56905393134468,123.56905393134468,123.56905393134468,2915009,1189818,60028293,0.0008834015195040375,190.90638620932216,4.816800140951359,14.885383465240523
Rajbari,BD3082,Rangamati,BD2084,False,295.01849770701017,295.01849770701017,295.01849770701017,295.01849770701017,647586,1189818,158836995,2.9966674172890183e-05,7.440445792062391,5.687038058465561,13.381006882269048
Rajbari,BD3082,Rangpur,BD5585,False,216.2311498683465,216.2311498683465,216.2311498683465,216.2311498683465,3169614,1189818,126408466,0.00022601691075388209,67.79065979564848,5.376347973773757,14.9691203718778
Rajbari,BD3082,Satkhira,BD4087,False,155.78954066132187,155.78954066132187,155.78954066132187,155.78954066132187,2196582,1189818,94215322,0.0002806717496929323,90.50463615954166,5.04850599807222,14.602413073820426
Rajbari,BD3082,Shariatpur,BD3086,False,101.54206730923539,101.54206730923539,101.54206730923539,101.54206730923539,1294562,1189818,51090296,0.0005499298711808218,125.55408654686912,4.620473168867199,14.073682971966935
Rajbari,BD3082,Sherpur,BD4589,False,159.3295891388827,159.3295891388827,159.3295891388827,159.3295891388827,1501853,1189818,102986093,0.00016231439547846174,59.16087026946396,5.070974944418886,14.22221023700936
Rajbari,BD3082,Sirajganj,BD5088,False,73.932268159962,73.932268159962,73.932268159962,73.932268159962,3357706,1189818,28576610,0.004051836820009613,614.291642285542,4.3031493789301525,15.026768560672359
Rajbari,BD3082,Sunamganj,BD6090,False,225.42624765770117,225.42624765770117,225.42624765770117,225.42624765770117,2695496,1189818,129578080,0.00018376208881703234,53.043201374461454,5.417993044061577,14.80709278991802
Rajbari,BD3082,Sylhet,BD6091,False,279.22232320749595,279.22232320749595,279.22232320749595,279.22232320749595,3857123,1189818,153445977,0.00018725099342599636,49.4724269471652,5.632008321873628,15.16543212675189
Rajbari,BD3082,Tangail,BD3093,False,82.80306387004404,82.80306387004404,82.80306387004404,82.80306387004404,4037608,1189818,36305517,0.0030848549111936715,588.8861477595801,4.416465063968012,15.2111629953813
Rajbari,BD3082,Thakurgaon,BD5594,False,279.9318142146744,279.9318142146744,279.9318142146744,279.9318142146744,1533895,1189818,157303100,7.195708293451351e-05,19.574519684062455,5.634546052851402,14.243320810065981
Rajshahi,BD5081,Bagerhat,BD4001,False,258.15148476293433,258.15148476293433,258.15148476293433,258.15148476293433,1613076,2915009,117004070,0.0003226377990426126,24.205027207841706,5.553546562860287,14.293653473170336
Rajshahi,BD5081,Bandarban,BD2003,False,481.0839117000242,481.0839117000242,481.0839117000242,481.0839117000242,481106,2915009,158939233,5.3375688555809446e-05,2.0787348927922427,6.176041707489479,13.08384289902944
Rajshahi,BD5081,Barguna,BD1004,False,298.8597200522001,298.8597200522001,298.8597200522001,298.8597200522001,1010531,2915009,132482852,0.00015949117146135905,11.313966025564461,5.6999742995939435,13.825986493237492
Rajshahi,BD5081,Barishal,BD1006,False,251.94919668115793,251.94919668115793,251.94919668115793,251.94919668115793,2570446,2915009,107293118,0.0006028484767847919,40.49324010685738,5.529227466715721,14.759589982670962
Rajshahi,BD5081,Bhola,BD1009,False,318.1617342284028,318.1617342284028,318.1617342284028,318.1617342284028,1932518,2915009,135220637,0.0002911509749188303,19.090955147017873,5.762559851690472,14.474334373759973
Rajshahi,BD5081,Bogura,BD5010,False,83.63490124855082,83.63490124855082,83.63490124855082,83.63490124855082,3734297,2915009,10291528,0.04865472434250802,533.8678386950714,4.4264609120201746,15.133070139288687
Rajshahi,BD5081,Brahmanbaria,BD2012,False,253.1474027587317,253.1474027587317,253.1474027587317,253.1474027587317,3306563,2915009,112499312,0.000703444565942807,51.59764139039602,5.533971938670345,15.011419839295048
Rajshahi,BD5081,Chandpur,BD2013,False,253.025388588865,253.025388588865,253.025388588865,253.025388588865,2635748,2915009,109863564,0.0005902792130481159,41.169508728196305,5.533489833846397,14.784677570641602
Rajshahi,BD5081,Chapainawabganj,BD5070,False,48.023188267662476,48.023188267662476,48.023188267662476,48.023188267662476,1835528,2915009,1859922,0.16951268292449828,795.9009712807969,3.871683983167645,14.422842736501666
Rajshahi,BD5081,Chattogram,BD2015,False,394.9343198013638,394.9343198013638,394.9343198013638,394.9343198013638,9169465,2915009,149122182,0.0010905638328161486,58.78875269595286,5.97871947209135,16.031389500109725
Rajshahi,BD5081,Chuadanga,BD4018,False,97.40835983968938,97.40835983968938,97.40835983968938,97.40835983968938,1234054,2915009,20293155,0.006341509772359033,130.05938693703865,4.578912036941585,14.025815242619684
Rajshahi,BD5081,Cox's Bazar,BD2022,False,481.60422988408874,481.60422988408874,481.60422988408874,481.60422988408874,2823268,2915009,159420339,0.00030695709380524033,12.172268411211173,6.177122676937953,14.853405637196515
Rajshahi,BD5081,Cumilla,BD2019,False,267.77343185055327,267.77343185055327,267.77343185055327,267.77343185055327,6212216,2915009,119278306,0.0011541314339735375,86.63863045227947,5.590141219413037,15.642028234056378
Rajshahi,BD5081,Dhaka,BD3026,False,178.99186168111422,178.99186168111422,178.99186168111422,178.99186168111422,14734701,2915009,54054455,0.010514647344365526,459.91201683944246,5.187340339338534,16.50571588212586
Rajshahi,BD5081,Dinajpur,BD5527,False,130.16360537024966,130.16360537024966,130.16360537024966,130.16360537024966,3315236,2915009,27285109,0.009547768908660326,195.67498568153454,4.868792162052739,15.014039370621646
Rajshahi,BD5081,Faridpur,BD3029,False,163.08080327973514,163.08080327973514,163.08080327973514,163.08080327973514,2162879,2915009,47476442,0.002380711426046013,81.32546216740201,5.0942458036179445,14.586950762547518
Rajshahi,BD5081,Feni,BD2030,False,324.90258242680204,324.90258242680204,324.90258242680204,324.90258242680204,1648896,2915009,140778597,0.00023014581857477243,15.62021250497621,5.783525391017742,14.315616531026453
Rajshahi,BD5081,Gaibandha,BD5532,False,126.51885100249159,126.51885100249159,126.51885100249159,126.51885100249159,2562233,2915009,24722876,0.008948393527838524,160.06933549062458,4.840391316847772,14.756389701878161
Rajshahi,BD5081,Gazipur,BD3033,False,186.32127392312384,186.32127392312384,186.32127392312384,186.32127392312384,5263450,2915009,77017321,0.0022530448943515005,151.61620150267285,5.2274724628386915,15.476297263245858
Rajshahi,BD5081,Gopalganj,BD3035,False,197.48833255625408,197.48833255625408,197.48833255625408,197.48833255625408,1295057,2915009,83709177,0.0004956848859617452,33.20519214910005,5.285679506931604,14.07406526759114
Rajshahi,BD5081,Habiganj,BD6036,False,281.56793539683315,281.56793539683315,281.56793539683315,281.56793539683315,2358886,2915009,128186018,0.0003929976211857357,29.75367124631676,5.640373752022396,14.673700031660417
Rajshahi,BD5081,Jamalpur,BD4539,False,133.219126741246,133.219126741246,133.219126741246,133.219126741246,2499738,2915009,30600345,0.006036789782088434,140.85145162474666,4.891995341951134,14.731696484346525
Rajshahi,BD5081,Jashore,BD4041,False,161.99904604796,161.99904604796,161.99904604796,161.99904604796,3076144,2915009,44400298,0.0037608675223134752,117.21461014475943,5.087590446622206,14.939187422556142
Rajshahi,BD5081,Jhalokati,BD1042,False,262.14029003120316,262.14029003120316,262.14029003120316,262.14029003120316,661160,2915009,118617146,0.0001297800165212185,9.621416602883182,5.568879818588908,13.40175114703129
Rajshahi,BD5081,Jhenaidah,BD4044,False,117.27423447376978,117.27423447376978,117.27423447376978,117.27423447376978,2005849,2915009,21527209,0.009044896186989084,145.84549637120998,4.764515076576672,14.511577970493308
Rajshahi,BD5081,Joypurhat,BD5038,False,82.21141967718673,82.21141967718673,82.21141967718673,82.21141967718673,956431,2915009,9335097,0.017233153046209673,141.51072247276602,4.409294217926099,13.770963927257238
Rajshahi,BD5081,Khagrachhari,BD2046,False,365.61002530140047,365.61002530140047,365.61002530140047,365.61002530140047,714119,2915009,148408063,9.048060622828816e-05,5.342375331419449,5.901567260706769,13.478804894101042
Rajshahi,BD5081,Khulna,BD4047,False,236.22247820671726,236.22247820671726,236.22247820671726,236.22247820671726,2613385,2915009,102483151,0.0006691755838979512,46.83396761626165,5.464774065224756,14.776156873871212
Rajshahi,BD5081,Kishoreganj,BD3048,False,232.16371496833284,232.16371496833284,232.16371496833284,232.16371496833284,3267626,2915009,99215525,0.0008848784347856627,60.623869629369985,5.447442790766694,14.999574285328466
Rajshahi,BD5081,Kurigram,BD5549,False,181.05565782118444,181.05565782118444,181.05565782118444,181.05565782118444,2329160,2915009,68789156,0.001278991285393136,71.05180607370204,5.198804485771345,14.66101824551926
Rajshahi,BD5081,Kushtia,BD4050,False,71.09621516649366,71.09621516649366,71.09621516649366,71.09621516649366,2149692,2915009,6480049,0.05777396073198677,425.2881453790285,4.264034102853526,14.580835134027797
Rajshahi,BD5081,Lakshmipur,BD2051,False,284.63495007033833,284.63495007033833,284.63495007033833,284.63495007033833,1937948,2915009,130544904,0.0003126218859749838,23.92024746822896,5.651207482298432,14.477140239287523
Rajshahi,BD5081,Lalmonirhat,BD5552,False,187.0847021825778,187.0847021825778,187.0847021825778,187.0847021825778,1428406,2915009,82280771,0.0005642016029922755,40.81080035231058,5.231561467150422,14.172069695197669
Rajshahi,BD5081,Madaripur,BD3054,False,207.2355297252444,207.2355297252444,207.2355297252444,207.2355297252444,1293027,2915009,86184077,0.00046799768633591117,30.10780970744888,5.33385597119302,14.07249653920651
Rajshahi,BD5081,Magura,BD4055,False,138.734799781867,138.734799781867,138.734799781867,138.734799781867,1033115,2915009,37137691,0.0018300580384522159,53.675715673271206,4.932564195503702,13.848089068139739
Rajshahi,BD5081,Manikganj,BD3056,False,148.7541385903084,148.7541385903084,148.7541385903084,148.7541385903084,1558025,2915009,41340420,0.0022400346245963444,70.41031825230195,5.002294866494557,14.258929551497186
Rajshahi,BD5081,Meherpur,BD4057,False,74.8965297209435,74.8965297209435,74.8965297209435,74.8965297209435,705356,2915009,8629741,0.014538643435918855,125.7433348393335,4.316107557286168,13.466457918881725
Rajshahi,BD5081,Moulvibazar,BD6058,False,330.3225519245906,330.3225519245906,330.3225519245906,330.3225519245906,2123447,2915009,142427493,0.0002887998368709326,19.460992067851734,5.8000696071613085,14.568551269629545
Rajshahi,BD5081,Munshiganj,BD3059,False,207.60986608585344,207.60986608585344,207.60986608585344,207.60986608585344,1625416,2915009,87477104,0.0005696437347903074,37.71104384201711,5.335660674660811,14.301274340983566
Rajshahi,BD5081,Mymensingh,BD4561,False,181.56386127138364,181.56386127138364,181.56386127138364,181.56386127138364,5899005,2915009,71118316,0.0029058215257667937,178.94515486296137,5.201607444554144,15.590294250586142
Rajshahi,BD5081,Naogaon,BD5064,False,49.29704043366013,49.29704043366013,49.29704043366013,49.29704043366013,2784599,2915009,3695450,0.13069876423283075,1145.832058115963,3.897864047475066,14.839614435339252
Rajshahi,BD5081,Narail,BD4065,False,176.02536467604074,176.02536467604074,176.02536467604074,176.02536467604074,788671,2915009,53265784,0.0007182998460186095,25.453374437696482,5.17062810213173,13.57810452934276
Rajshahi,BD5081,Narayanganj,BD3067,False,212.2717046530888,212.2717046530888,212.2717046530888,212.2717046530888,3909138,2915009,89102520,0.0012909546325750763,86.75545404380843,5.3578670798129275,15.178827447298536
Rajshahi,BD5081,Narsingdi,BD3068,False,221.22452833878594,221.22452833878594,221.22452833878594,221.22452833878594,2584452,2915009,93011658,0.0007972302391090619,52.80826692321697,5.399178151108135,14.765024051188075
Rajshahi,BD5081,Natore,BD5069,False,45.0945014883312,45.0945014883312,45.0945014883312,45.0945014883312,1859922,2915009,0,0.3895180893713438,914.6344411808136,3.808760320857182,14.436045109326196
Rajshahi,BD5081,Netrakona,BD4572,False,226.1428105689435,226.1428105689435,226.1428105689435,226.1428105689435,2324853,2915009,96890672,0.0006648513160188968,45.460051870831364,5.421166704876597,14.659167369198306
Rajshahi,BD5081,Nilphamari,BD5573,False,175.58520707105336,175.58520707105336,175.58520707105336,175.58520707105336,2092568,2915009,51173216,0.00200737672862795,67.87404491426365,5.168124435460265,14.553902577830893
Rajshahi,BD5081,Noakhali,BD2075,False,319.91275201660454,319.91275201660454,319.91275201660454,319.91275201660454,3625442,2915009,137153155,0.0005250781930778148,35.42402111293596,5.768048308669907,15.103486769872411
Rajshahi,BD5081,Pabna,BD5076,False,87.40556763541302,87.40556763541302,87.40556763541302,87.40556763541302,2909624,2915009,14025825,0.025221531365099397,380.854135005661,4.4705589835548905,14.8835344211774
Rajshahi,BD5081,Panchagarh,BD5577,False,202.45103434757326,202.45103434757326,202.45103434757326,202.45103434757326,1179843,2915009,85004234,0.00043904287250573276,28.786192166480518,5.3104980516158875,13.98089193674234
Rajshahi,BD5081,Patuakhali,BD1078,False,309.5458814703266,309.5458814703266,309.5458814703266,309.5458814703266,1727254,2915009,133493383,0.0002672078758156522,18.026281425315084,5.735106324983584,14.362043422168306
Rajshahi,BD5081,Pirojpur,BD1079,False,254.68803578745596,254.68803578745596,254.68803578745596,254.68803578745596,1198195,2915009,115805875,0.0002453307558221067,18.47185091989411,5.540039407138318,13.996326815697198
Rajshahi,BD5081,Rajbari,BD3082,False,123.56905393134468,123.56905393134468,123.56905393134468,123.56905393134468,1189818,2915009,23533058,0.004744841318767482,77.92217952905231,4.816800140951359,13.989310912214547
Rajshahi,BD5081,Rajshahi,BD5081,True,0.0,27.177088557960953,1.0,25.327903181767866,2915009,2915009,0,0.5,3946.6993201212827,3.302374285912742,14.885383465240523
Rajshahi,BD5081,Rangamati,BD2084,False,411.86193330497304,411.86193330497304,411.86193330497304,411.86193330497304,647586,2915009,158291647,7.23486273485317e-05,3.817632715633988,6.02068817984906,13.381006882269048
Rajshahi,BD5081,Rangpur,BD5585,False,144.25725319064514,144.25725319064514,144.25725319064514,144.25725319064514,3169614,2915009,38170806,0.0050814518544008555,152.31092632692022,4.971598186208302,14.9691203718778
Rajshahi,BD5081,Satkhira,BD4087,False,236.9053027506127,236.9053027506127,236.9053027506127,236.9053027506127,2196582,2915009,105096536,0.000537902447734219,39.13793041701332,5.467660494834075,14.602413073820426
Rajshahi,BD5081,Shariatpur,BD3086,False,224.22127163527873,224.22127163527873,224.22127163527873,224.22127163527873,1294562,2915009,95596110,0.00038381526213678854,25.749525604195135,5.412633384082476,14.073682971966935
Rajshahi,BD5081,Sherpur,BD4589,False,159.18828421073223,159.18828421073223,159.18828421073223,159.18828421073223,1501853,2915009,42898445,0.0020196337912041697,59.26594625361787,5.070087679061156,14.22221023700936
Rajshahi,BD5081,Sirajganj,BD5088,False,96.35322702226455,96.35322702226455,96.35322702226455,96.35322702226455,3357706,2915009,16935449,0.021245710065695422,361.6680443856665,4.568020887005938,15.026768560672359
Rajshahi,BD5081,Sunamganj,BD6090,False,277.23415982164244,277.23415982164244,277.23415982164244,277.23415982164244,2695496,2915009,125490522,0.0004667547719208041,35.070762533883816,5.624862491403155,14.80709278991802
Rajshahi,BD5081,Sylhet,BD6091,False,340.7596087424182,340.7596087424182,340.7596087424182,340.7596087424182,3857123,2915009,144550940,0.0005038560631170607,33.21752469066663,5.831177268982931,15.16543212675189
Rajshahi,BD5081,Tangail,BD3093,False,136.94800156754673,136.94800156754673,136.94800156754673,136.94800156754673,4037608,2915009,33100083,0.008159202765313485,215.28449565419203,4.919601303178715,15.2111629953813
Rajshahi,BD5081,Thakurgaon,BD5594,False,172.32112584029286,172.32112584029286,172.32112584029286,172.32112584029286,1533895,2915009,49639321,0.0015729839758861373,51.655739711887065,5.1493597468146195,14.243320810065981
Rangamati,BD2084,Bagerhat,BD4001,False,265.7165216140312,265.7165216140312,265.7165216140312,265.7165216140312,1613076,647586,91678160,0.00012044377132484117,22.84639663907683,5.582430032292992,14.293653473170336
Rangamati,BD2084,Bandarban,BD2003,False,114.06700814744558,114.06700814744558,114.06700814744558,114.06700814744558,481106,647586,11532480,0.0020202944657143644,36.97606332282051,4.736786066480232,13.08384289902944
Rangamati,BD2084,Barguna,BD1004,False,234.6754187731218,234.6754187731218,234.6754187731218,234.6754187731218,1010531,647586,81757977,9.52008248738411e-05,18.349086070395295,5.458203362702647,13.825986493237492
Rangamati,BD2084,Barishal,BD1006,False,198.62515167332725,198.62515167332725,198.62515167332725,198.62515167332725,2570446,647586,40264184,0.0009357201842656862,65.1538375883486,5.291419388473088,14.759589982670962
Rangamati,BD2084,Bhola,BD1009,False,167.99260316851814,167.99260316851814,167.99260316851814,167.99260316851814,1932518,647586,29248208,0.0013152166557990682,68.47676388808384,5.123919949675144,14.474334373759973
Rangamati,BD2084,Bogura,BD5010,False,369.09030498574054,369.09030498574054,369.09030498574054,369.09030498574054,3734297,647586,133968855,0.00012984544599560757,27.41218035645633,5.911041343057927,15.133070139288687
Rangamati,BD2084,Brahmanbaria,BD2012,False,174.6224242661534,174.6224242661534,174.6224242661534,174.6224242661534,3306563,647586,31180726,0.0019147947745043886,108.43682057505364,5.162626067381891,15.011419839295048
Rangamati,BD2084,Chandpur,BD2013,False,162.03704629442174,162.03704629442174,162.03704629442174,162.03704629442174,2635748,647586,26612460,0.002094424262642166,100.38648541774442,5.087824989918673,14.784677570641602
Rangamati,BD2084,Chapainawabganj,BD5070,False,459.2344618638718,459.2344618638718,459.2344618638718,459.2344618638718,1835528,647586,153125554,4.9675723065019874e-05,8.703462690666985,6.129560889802387,14.422842736501666
Rangamati,BD2084,Chattogram,BD2015,False,62.741990090399085,62.741990090399085,62.741990090399085,62.741990090399085,9169465,647586,714119,0.41407765277466074,2329.3106776930254,4.139030921902431,16.031389500109725
Rangamati,BD2084,Chuadanga,BD4018,False,361.1791380197461,361.1791380197461,361.1791380197461,361.1791380197461,1234054,647586,130874879,4.576946323405931e-05,9.45995018989283,5.889374062454391,14.025815242619684
Rangamati,BD2084,Cox's Bazar,BD2022,False,151.3267907675989,151.3267907675989,151.3267907675989,151.3267907675989,2823268,647586,23789192,0.002744599811700002,123.28790187666556,5.01944167562545,14.853405637196515
Rangamati,BD2084,Cumilla,BD2019,False,144.1399293185822,144.1399293185822,144.1399293185822,144.1399293185822,6212216,647586,15639028,0.010978759242401579,299.0046472155709,4.970784559129741,15.642028234056378
Rangamati,BD2084,Dhaka,BD3026,False,232.90554009143307,232.90554009143307,232.90554009143307,232.90554009143307,14734701,647586,57902703,0.0022237947610715624,271.6324739959527,5.4506329640330256,16.50571588212586
Rangamati,BD2084,Dinajpur,BD5527,False,471.49602864514264,471.49602864514264,471.49602864514264,471.49602864514264,3315236,647586,154961082,8.681382483955242e-05,14.912771778930983,6.155910679228162,15.014039370621646
Rangamati,BD2084,Faridpur,BD3029,False,259.75019378050223,259.75019378050223,259.75019378050223,259.75019378050223,2162879,647586,87957256,0.00017415694123499028,32.056821836670615,5.559720376006016,14.586950762547518
Rangamati,BD2084,Feni,BD2030,False,90.78789873209044,90.78789873209044,90.78789873209044,90.78789873209044,1648896,647586,9883584,0.008324620625171725,200.04943786499697,4.508526002849839,14.315616531026453
Rangamati,BD2084,Gaibandha,BD5532,False,393.24691299493315,393.24691299493315,393.24691299493315,393.24691299493315,2562233,647586,138408508,8.425711524817957e-05,16.56868251512173,5.974437691926478,14.756389701878161
Rangamati,BD2084,Gazipur,BD3033,False,234.32223414009778,234.32223414009778,234.32223414009778,234.32223414009778,5263450,647586,76494527,0.0005361914588396095,95.86134161123749,5.456697237042554,15.476297263245858
Rangamati,BD2084,Gopalganj,BD3035,False,245.58504674861084,245.58504674861084,245.58504674861084,245.58504674861084,1295057,647586,83966703,0.00011537247585457146,21.472620273008346,5.503643309845386,14.07406526759114
Rangamati,BD2084,Habiganj,BD6036,False,191.67202480764877,191.67202480764877,191.67202480764877,191.67202480764877,2358886,647586,36610736,0.0010348972830746316,64.20805159901646,5.25578570725666,14.673700031660417
Rangamati,BD2084,Jamalpur,BD4539,False,343.46316416001474,343.46316416001474,343.46316416001474,343.46316416001474,2499738,647586,126225449,9.862334480520612e-05,21.190156252188874,5.839079869114499,14.731696484346525
Rangamati,BD2084,Jashore,BD4041,False,319.1999989659706,319.1999989659706,319.1999989659706,319.1999989659706,3076144,647586,111177691,0.00015503820468808755,30.191236431558714,5.765817862336213,14.939187422556142
Rangamati,BD2084,Jhalokati,BD1042,False,216.85432913156205,216.85432913156205,216.85432913156205,216.85432913156205,661160,647586,52680890,0.0001487080401636939,14.059516246674097,5.379225833796938,13.40175114703129
Rangamati,BD2084,Jhenaidah,BD4044,False,334.46114211107255,334.46114211107255,334.46114211107255,334.46114211107255,2005849,647586,122717747,8.398560050152713e-05,17.931098629850457,5.81252070573837,14.511577970493308
Rangamati,BD2084,Joypurhat,BD5038,False,410.83872167280856,410.83872167280856,410.83872167280856,410.83872167280856,956431,647586,140970741,3.0675312286141825e-05,5.666447973120044,6.018200732796338,13.770963927257238
Rangamati,BD2084,Khagrachhari,BD2046,False,50.05387728834437,50.05387728834437,50.05387728834437,50.05387728834437,714119,647586,0,0.5244300344053962,285.032996848442,3.913099971059305,13.478804894101042
Rangamati,BD2084,Khulna,BD4047,False,293.3121378235309,293.3121378235309,293.3121378235309,293.3121378235309,2613385,647586,106341373,0.00014432515787151358,30.376891044256126,5.681237358773668,14.776156873871212
Rangamati,BD2084,Kishoreganj,BD3048,False,219.36545214005918,219.36545214005918,219.36545214005918,219.36545214005918,3267626,647586,53342050,0.0006845242188153666,67.90408160758885,5.3907390702647,14.999574285328466
Rangamati,BD2084,Kurigram,BD5549,False,420.796678739109,420.796678739109,420.796678739109,420.796678739109,2329160,647586,144842181,7.01349159017984e-05,13.15390546669711,6.042149768662098,14.66101824551926
Rangamati,BD2084,Kushtia,BD4050,False,354.00064269006725,354.00064269006725,354.00064269006725,354.00064269006725,2149692,647586,128725187,8.181461003611155e-05,17.154107970668967,5.869298728640791,14.580835134027797
Rangamati,BD2084,Lakshmipur,BD2051,False,146.03749758866783,146.03749758866783,146.03749758866783,146.03749758866783,1937948,647586,21851244,0.002282630906755615,90.86849906873387,4.983863421531534,14.477140239287523
Rangamati,BD2084,Lalmonirhat,BD5552,False,473.4306844315157,473.4306844315157,473.4306844315157,473.4306844315157,1428406,647586,158276318,3.6298165072136147e-05,6.372925784537818,6.160005512113935,14.172069695197669
Rangamati,BD2084,Madaripur,BD3054,False,220.6463568702131,220.6463568702131,220.6463568702131,220.6463568702131,1293027,647586,56609676,0.0002497729626827981,26.559143858495524,5.3965612246806005,14.07249653920651
Rangamati,BD2084,Magura,BD4055,False,298.8677752758367,298.8677752758367,298.8677752758367,298.8677752758367,1033115,647586,110144576,5.400041513960327e-05,11.56619435157094,5.700001252423452,13.848089068139739
Rangamati,BD2084,Manikganj,BD3056,False,263.2441355354394,263.2441355354394,263.2441355354394,263.2441355354394,1558025,647586,90120135,0.00012039754088649235,22.48314245775466,5.573081873597624,14.258929551497186
Rangamati,BD2084,Meherpur,BD4057,False,380.2167998496147,380.2167998496147,380.2167998496147,380.2167998496147,705356,647586,137703152,2.3742929882135458e-05,4.879167870460338,5.940741615952433,13.466457918881725
Rangamati,BD2084,Moulvibazar,BD6058,False,187.2316797590904,187.2316797590904,187.2316797590904,187.2316797590904,2123447,647586,34487289,0.0010504543225722616,60.57351256949906,5.232346779208119,14.568551269629545
Rangamati,BD2084,Munshiganj,BD3059,False,205.47990037262676,205.47990037262676,205.47990037262676,205.47990037262676,1625416,647586,49328220,0.0004081710401412958,38.496906964789034,5.325348220747026,14.301274340983566
Rangamati,BD2084,Mymensingh,BD4561,False,280.4851117908872,280.4851117908872,280.4851117908872,280.4851117908872,5899005,647586,96404760,0.00038232978060805887,74.98236542828663,5.636520646159755,15.590294250586142
Rangamati,BD2084,Naogaon,BD5064,False,426.190874344097,426.190874344097,426.190874344097,426.190874344097,2784599,647586,147171341,8.100184830850479e-05,15.330431191978283,6.054887307760241,14.839614435339252
Rangamati,BD2084,Narail,BD4065,False,278.34110469278875,278.34110469278875,278.34110469278875,278.34110469278875,788671,647586,95616089,5.466695044557317e-05,10.179845311296697,5.628847356844896,13.57810452934276
Rangamati,BD2084,Narayanganj,BD3067,False,200.1795096777742,200.1795096777742,200.1795096777742,200.1795096777742,3909138,647586,42834630,0.0012284788033078882,97.5532538800724,5.2992145123812096,15.178827447298536
Rangamati,BD2084,Narsingdi,BD3068,False,201.5320258505878,201.5320258505878,201.5320258505878,201.5320258505878,2584452,647586,46743768,0.0007066542868051206,63.63269682258254,5.305948305981316,14.765024051188075
Rangamati,BD2084,Natore,BD5069,False,368.1446905774886,368.1446905774886,368.1446905774886,368.1446905774886,1859922,647586,132108933,6.739663632503868e-05,13.7232712846732,5.908476041810657,14.436045109326196
Rangamati,BD2084,Netrakona,BD4572,False,269.79091632273344,269.79091632273344,269.79091632273344,269.79091632273344,2324853,647586,93291236,0.0001664889451805291,31.940436826397253,5.597647275018335,14.659167369198306
Rangamati,BD2084,Nilphamari,BD5573,False,491.08819048477835,491.08819048477835,491.08819048477835,491.08819048477835,2092568,647586,159704724,5.202304732598199e-05,8.676820211333029,6.196623725687806,14.553902577830893
Rangamati,BD2084,Noakhali,BD2075,False,119.38335432699321,119.38335432699321,119.38335432699321,119.38335432699321,3625442,647586,12013586,0.011385541765625921,254.37440303070164,4.782339780243179,15.103486769872411
Rangamati,BD2084,Pabna,BD5076,False,325.0711126343758,325.0711126343758,325.0711126343758,325.0711126343758,2909624,647586,117611541,0.0001314949340837732,27.53468515179462,5.784043966500507,14.8835344211774
Rangamati,BD2084,Panchagarh,BD5577,False,536.5346911257134,536.5346911257134,536.5346911257134,536.5346911257134,1179843,647586,163331187,2.8211930427916036e-05,4.098534590706723,6.285131221910761,13.98089193674234
Rangamati,BD2084,Patuakhali,BD1078,False,205.83199613723968,205.83199613723968,205.83199613723968,205.83199613723968,1727254,647586,50953636,0.0004064756171090578,40.76903534061045,5.3270602833136795,14.362043422168306
Rangamati,BD2084,Pirojpur,BD1079,False,236.8695185498868,236.8695185498868,236.8695185498868,236.8695185498868,1198195,647586,82768508,0.00010993383915057262,21.3554707043857,5.467509434882447,13.996326815697198
Rangamati,BD2084,Rajbari,BD3082,False,295.01849770701017,295.01849770701017,295.01849770701017,295.01849770701017,1189818,647586,108954758,6.345255388049617e-05,13.670425752595161,5.687038058465561,13.989310912214547
Rangamati,BD2084,Rajshahi,BD5081,False,411.86193330497304,411.86193330497304,411.86193330497304,411.86193330497304,2915009,647586,141927172,9.10043725729825e-05,17.184487812842644,6.02068817984906,14.885383465240523
Rangamati,BD2084,Rangamati,BD2084,True,0.0,56.293618231041286,1.0,38.70065945466358,647586,647586,0,0.5,204.35210903403345,4.030581175808485,13.381006882269048
Rangamati,BD2084,Rangpur,BD5585,False,439.8336589984356,439.8336589984356,439.8336589984356,439.8336589984356,3169614,647586,149955940,8.863152160393893e-05,16.384358938277245,6.08639660770342,14.9691203718778
Rangamati,BD2084,Satkhira,BD4087,False,326.43278585692383,326.43278585692383,326.43278585692383,326.43278585692383,2196582,647586,120521165,9.516146188372637e-05,20.613886363240134,5.788224064911079,14.602413073820426
Rangamati,BD2084,Shariatpur,BD3086,False,197.0135621780366,197.0135621780366,197.0135621780366,197.0135621780366,1294562,647586,38969622,0.0005172353173471477,33.35267010060794,5.283272569911714,14.073682971966935
Rangamati,BD2084,Sherpur,BD4589,False,336.0340451240117,336.0340451240117,336.0340451240117,336.0340451240117,1501853,647586,124723596,6.114456058334702e-05,13.30028252922932,5.8172124796040405,14.22221023700936
Rangamati,BD2084,Sirajganj,BD5088,False,323.56911128076734,323.56911128076734,323.56911128076734,323.56911128076734,3357706,647586,114253835,0.00016002213102855946,32.070708514440184,5.779412727231485,15.026768560672359
Rangamati,BD2084,Sunamganj,BD6090,False,252.94365855949607,252.94365855949607,252.94365855949607,252.94365855949607,2695496,647586,85261760,0.00022931806820472472,42.12996515653444,5.533166770486927,14.80709278991802
Rangamati,BD2084,Sylhet,BD6091,False,234.20533574494598,234.20533574494598,234.20533574494598,234.20533574494598,3857123,647586,72637404,0.0004418291610368412,70.31855183457789,5.456198233760394,15.16543212675189
Rangamati,BD2084,Tangail,BD3093,False,287.7885620952135,287.7885620952135,287.7885620952135,287.7885620952135,4037608,647586,102303765,0.00023738353427575867,48.75027766629998,5.6622260511173454,15.2111629953813
Rangamati,BD2084,Thakurgaon,BD5594,False,531.1380344234608,531.1380344234608,531.1380344234608,531.1380344234608,1533895,647586,161797292,3.7290604913711384e-05,5.43726910181323,6.275021939293575,14.243320810065981
Rangpur,BD5585,Bagerhat,BD4001,False,368.2736340446005,368.2736340446005,368.2736340446005,368.2736340446005,1613076,3169614,138244637,0.00025278366497475876,11.893606750717668,5.908826232630518,14.293653473170336
Rangpur,BD5585,Bandarban,BD2003,False,532.7573565526119,532.7573565526119,532.7573565526119,532.7573565526119,481106,3169614,158684628,5.803766976573088e-05,1.6950474592262965,6.278066079522735,13.08384289902944
Rangpur,BD5585,Barguna,BD1004,False,400.34726914692544,400.34726914692544,400.34726914692544,400.34726914692544,1010531,3169614,146129792,0.00014272834984056898,6.304866569694264,5.992332343331211,13.825986493237492
Rangpur,BD5585,Barishal,BD1006,False,334.8948558091165,334.8948558091165,334.8948558091165,334.8948558091165,2570446,3169614,125418025,0.0004830816841951029,22.918781885202034,5.813816619303317,14.759589982670962
Rangpur,BD5585,Bhola,BD1009,False,398.622357620566,398.622357620566,398.622357620566,398.622357620566,1932518,3169614,144197274,0.0002784017314187058,12.161866752827505,5.98801449657339,14.474334373759973
Rangpur,BD5585,Bogura,BD5010,False,92.87375610525777,92.87375610525777,92.87375610525777,92.87375610525777,3734297,3169614,12684034,0.038115107149628465,432.9351379155594,4.53124110973432,15.133070139288687
Rangpur,BD5585,Brahmanbaria,BD2012,False,265.21285998063075,265.21285998063075,265.21285998063075,265.21285998063075,3306563,3169614,99535467,0.0009625818737354424,47.009717786855525,5.580532748767364,15.011419839295048
Rangpur,BD5585,Chandpur,BD2013,False,306.4630862247737,306.4630862247737,306.4630862247737,306.4630862247737,2635748,3169614,122782277,0.0005158297042788922,28.063868973052458,5.725097311662442,14.784677570641602
Rangpur,BD5585,Chapainawabganj,BD5070,False,142.7147567957355,142.7147567957355,142.7147567957355,142.7147567957355,1835528,3169614,27778181,0.00573435672527139,90.12042897402328,4.960847930458812,14.422842736501666
Rangpur,BD5585,Chattogram,BD2015,False,443.4729877207353,443.4729877207353,443.4729877207353,443.4729877207353,9169465,3169614,149515163,0.001176062895378579,46.62401326076081,6.094636892838885,16.031389500109725
Rangpur,BD5585,Chuadanga,BD4018,False,230.37563200687993,230.37563200687993,230.37563200687993,230.37563200687993,1234054,3169614,67886977,0.0007614722354021657,23.25204125005991,5.439711159369317,14.025815242619684
Rangpur,BD5585,Cox's Bazar,BD2022,False,545.4827442249699,545.4827442249699,545.4827442249699,545.4827442249699,2823268,3169614,159165734,0.00033376758079457146,9.48833636788257,6.301671171821317,14.853405637196515
Rangpur,BD5585,Cumilla,BD2019,False,305.9126219666541,305.9126219666541,305.9126219666541,305.9126219666541,6212216,3169614,116570061,0.0013056000468715028,66.38221737270037,5.723299512046884,15.642028234056378
Rangpur,BD5585,Dhaka,BD3026,False,231.0664731696952,231.0664731696952,231.0664731696952,231.0664731696952,14734701,3169614,69121031,0.007423690296827202,275.97354746200085,5.4427054317654395,16.50571588212586
Rangpur,BD5585,Dinajpur,BD5527,False,45.1573659807354,45.1573659807354,45.1573659807354,45.1573659807354,3315236,3169614,0,0.5112278618626491,1625.763040955648,3.8101534112016564,15.014039370621646
Rangpur,BD5585,Faridpur,BD3029,False,248.94353172758954,248.94353172758954,248.94353172758954,248.94353172758954,2162879,3169614,89479148,0.0007804360397857748,34.9004101565539,5.517226090535703,14.586950762547518
Rangpur,BD5585,Feni,BD2030,False,368.0078136390882,368.0078136390882,368.0078136390882,368.0078136390882,1648896,3169614,136595741,0.0002644276901570179,12.175286368388637,5.908104170658434,14.315616531026453
Rangpur,BD5585,Gaibandha,BD5532,False,47.465431341864374,47.465431341864374,47.465431341864374,47.465431341864374,2562233,3169614,4743642,0.09797053415613266,1137.2704544078224,3.860001684869935,14.756389701878161
Rangpur,BD5585,Gazipur,BD3033,False,211.21089431888652,211.21089431888652,211.21089431888652,211.21089431888652,5263450,3169614,53207206,0.0048007796237856636,117.98800849096834,5.3528571334510255,15.476297263245858
Rangpur,BD5585,Gopalganj,BD3035,False,290.75626732578473,290.75626732578473,290.75626732578473,290.75626732578473,1295057,3169614,111856995,0.00030678655986603155,15.319010505564478,5.672485346887123,14.07406526759114
Rangpur,BD5585,Habiganj,BD6036,False,262.99301098579036,262.99301098579036,262.99301098579036,262.99301098579036,2358886,3169614,95551165,0.0007492745158149445,34.10503803737669,5.572127457626149,14.673700031660417
Rangpur,BD5585,Jamalpur,BD4539,False,97.02610065945208,97.02610065945208,97.02610065945208,97.02610065945208,2499738,3169614,21916668,0.011449210020191062,265.5322870607692,4.574980021271555,14.731696484346525
Rangpur,BD5585,Jashore,BD4041,False,284.7269818445686,284.7269818445686,284.7269818445686,284.7269818445686,3076144,3169614,103630701,0.0008308753020272467,37.94455051810877,5.651530762693109,14.939187422556142
Rangpur,BD5585,Jhalokati,BD1042,False,355.38838798418095,355.38838798418095,355.38838798418095,355.38838798418095,661160,3169614,133737999,0.00011126677107549556,5.23480012373229,5.873211242097806,13.40175114703129
Rangpur,BD5585,Jhenaidah,BD4044,False,240.71568137472303,240.71568137472303,240.71568137472303,240.71568137472303,2005849,3169614,86440184,0.0007744251729734979,34.6170033298863,5.483616491710222,14.511577970493308
Rangpur,BD5585,Joypurhat,BD5038,False,63.83540878052419,63.83540878052419,63.83540878052419,63.83540878052419,956431,3169614,11727603,0.012835880502384347,234.70933150220193,4.156308032957053,13.770963927257238
Rangpur,BD5585,Khagrachhari,BD2046,False,389.8125738972609,389.8125738972609,389.8125738972609,389.8125738972609,714119,3169614,143483155,0.00010473378157612335,4.699578417956742,5.9656660438576194,13.478804894101042
Rangpur,BD5585,Khulna,BD4047,False,354.1244140396645,354.1244140396645,354.1244140396645,354.1244140396645,2613385,3169614,129926419,0.000458600655585029,20.8397092846371,5.869648303478403,14.776156873871212
Rangpur,BD5585,Kishoreganj,BD3048,False,222.68900301610833,222.68900301610833,222.68900301610833,222.68900301610833,3267626,3169614,61923855,0.002327513946959843,65.89232034629967,5.405776192784123,14.999574285328466
Rangpur,BD5585,Kurigram,BD5549,False,48.52397156688319,48.52397156688319,48.52397156688319,48.52397156688319,2329160,3169614,7305875,0.05503813590498511,989.2057769198815,3.8820579349486297,14.66101824551926
Rangpur,BD5585,Kushtia,BD4050,False,193.23206254544354,193.23206254544354,193.23206254544354,193.23206254544354,2149692,3169614,51057514,0.0022287709454772283,57.57286757053664,5.263891863213535,14.580835134027797
Rangpur,BD5585,Lakshmipur,BD2051,False,347.8137264819766,347.8137264819766,347.8137264819766,347.8137264819766,1937948,3169614,127988471,0.00035187492351168776,16.019489966133285,5.851667067737075,14.477140239287523
Rangpur,BD5585,Lalmonirhat,BD5552,False,45.96305364996991,45.96305364996991,45.96305364996991,45.96305364996991,1428406,3169614,3315236,0.08822728024320467,676.135777869218,3.8278378922436076,14.172069695197669
Rangpur,BD5585,Madaripur,BD3054,False,286.2563647009133,286.2563647009133,286.2563647009133,286.2563647009133,1293027,3169614,106706845,0.00033552409794488204,15.77964724236215,5.656887789384276,14.07249653920651
Rangpur,BD5585,Magura,BD4055,False,246.16747545403635,246.16747545403635,246.16747545403635,246.16747545403635,1033115,3169614,88446033,0.000385785384315431,17.048545130319997,5.5060120988254955,13.848089068139739
Rangpur,BD5585,Manikganj,BD3056,False,213.30924144636086,213.30924144636086,213.30924144636086,213.30924144636086,1558025,3169614,59176012,0.0012395074379325727,34.24168119264495,5.36274295058827,14.258929551497186
Rangpur,BD5585,Meherpur,BD4057,False,213.16159888085198,213.16159888085198,213.16159888085198,213.16159888085198,705356,3169614,58470656,0.0005817604847411005,15.523527904909674,5.3620505582488835,13.466457918881725
Rangpur,BD5585,Moulvibazar,BD6058,False,299.48076301473395,299.48076301473395,299.48076301473395,299.48076301473395,2123447,3169614,114446614,0.0004779059965060045,23.67574009778912,5.702050185157869,14.568551269629545
Rangpur,BD5585,Munshiganj,BD3059,False,264.6222035020954,264.6222035020954,264.6222035020954,264.6222035020954,1625416,3169614,97910051,0.0004962667560055101,23.211968232315062,5.578303161622507,14.301274340983566
Rangpur,BD5585,Mymensingh,BD4561,False,159.8688977566324,159.8688977566324,159.8688977566324,159.8688977566324,5899005,3169614,35886424,0.01064923813479023,230.80797088302864,5.074354090330104,15.590294250586142
Rangpur,BD5585,Naogaon,BD5064,False,96.63141013176202,96.63141013176202,96.63141013176202,96.63141013176202,2784599,3169614,16418331,0.020140247002754356,298.21262694653007,4.570903845010006,14.839614435339252
Rangpur,BD5585,Narail,BD4065,False,282.32272484183,282.32272484183,282.32272484183,282.32272484183,788671,3169614,102842030,0.00022078834554688687,9.89473569256815,5.64305083092794,13.57810452934276
Rangpur,BD5585,Narayanganj,BD3067,False,253.47473633918725,253.47473633918725,253.47473633918725,253.47473633918725,3909138,3169614,91642027,0.0013237840421048944,60.84314323381399,5.535264158653418,15.178827447298536
Rangpur,BD5585,Narsingdi,BD3068,False,239.99474555925306,239.99474555925306,239.99474555925306,239.99474555925306,2584452,3169614,83855732,0.0010504456575458146,44.870923075213554,5.4806170295992125,14.765024051188075
Rangpur,BD5585,Natore,BD5069,False,141.95645753540677,141.95645753540677,141.95645753540677,141.95645753540677,1859922,3169614,25918259,0.006548765376106942,92.2963284537512,4.9555203735039,14.436045109326196
Rangpur,BD5585,Netrakona,BD4572,False,183.42443526566703,183.42443526566703,183.42443526566703,183.42443526566703,2324853,3169614,48732661,0.0026181762321507256,69.10048832405897,5.211802785765644,14.659167369198306
Rangpur,BD5585,Nilphamari,BD5573,False,51.80298662144651,51.80298662144651,51.80298662144651,51.80298662144651,2092568,3169614,9635035,0.034770675992796825,779.7762106193193,3.9474478043880303,14.553902577830893
Rangpur,BD5585,Noakhali,BD2075,False,380.40408016273597,380.40408016273597,380.40408016273597,380.40408016273597,3625442,3169614,139857713,0.0005478454364795129,25.053628233048507,5.941234056593565,15.103486769872411
Rangpur,BD5585,Pabna,BD5076,False,178.16385696621356,178.16385696621356,178.16385696621356,178.16385696621356,2909624,3169614,45823037,0.003626819253065517,91.66375803503684,5.182703671604616,14.8835344211774
Rangpur,BD5585,Panchagarh,BD5577,False,96.76026867328808,96.76026867328808,96.76026867328808,96.76026867328808,1179843,3169614,19202930,0.007097089743699013,126.01727640412389,4.572236462435864,13.98089193674234
Rangpur,BD5585,Patuakhali,BD1078,False,402.3368636677724,402.3368636677724,402.3368636677724,402.3368636677724,1727254,3169614,147140323,0.00023956592945292005,10.67029815353774,5.997289707041561,14.362043422168306
Rangpur,BD5585,Pirojpur,BD1079,False,354.8816222755141,354.8816222755141,354.8816222755141,354.8816222755141,1198195,3169614,132539804,0.0002044072487802612,9.513941648087956,5.8717842754869745,13.996326815697198
Rangpur,BD5585,Rajbari,BD3082,False,216.2311498683465,216.2311498683465,216.2311498683465,216.2311498683465,1189818,3169614,60734037,0.0009066169264875101,25.447435320748486,5.376347973773757,13.989310912214547
Rangpur,BD5585,Rajshahi,BD5081,False,144.25725319064514,144.25725319064514,144.25725319064514,144.25725319064514,2915009,3169614,29613709,0.007894877206019004,140.07627460041172,4.971598186208302,14.885383465240523
Rangpur,BD5585,Rangamati,BD2084,False,439.8336589984356,439.8336589984356,439.8336589984356,439.8336589984356,647586,3169614,148867577,8.842157602868356e-05,3.34749955906404,6.08639660770342,13.381006882269048
Rangpur,BD5585,Rangpur,BD5585,True,0.0,26.275538080336013,1.0,24.950186004595245,3169614,3169614,0,0.5,4590.9560961653,3.2686383953482276,14.9691203718778
Rangpur,BD5585,Satkhira,BD4087,False,363.47404042580547,363.47404042580547,363.47404042580547,363.47404042580547,2196582,3169614,134399159,0.0003621048995536269,16.626491822386694,5.895707878813469,14.602413073820426
Rangpur,BD5585,Shariatpur,BD3086,False,292.2689820041731,292.2689820041731,292.2689820041731,292.2689820041731,1294562,3169614,113152052,0.0002999171981814661,15.155050958197043,5.677674549497592,14.073682971966935
Rangpur,BD5585,Sherpur,BD4589,False,105.19207633446821,105.19207633446821,105.19207633446821,105.19207633446821,1501853,3169614,24416406,0.005932432298877444,135.72547535228307,4.655787977452354,14.22221023700936
Rangpur,BD5585,Sirajganj,BD5088,False,144.59632263992341,144.59632263992341,144.59632263992341,144.59632263992341,3357706,3169614,32528718,0.007633310602023029,160.59357659026153,4.97394587814211,15.026768560672359
Rangpur,BD5585,Sunamganj,BD6090,False,226.31225931075446,226.31225931075446,226.31225931075446,226.31225931075446,2695496,3169614,65191481,0.001758861689880118,52.628686506002545,5.421915723999216,14.80709278991802
Rangpur,BD5585,Sylhet,BD6091,False,288.22016240280834,288.22016240280834,288.22016240280834,288.22016240280834,3857123,3169614,107999872,0.0009560617650649967,46.43171993665182,5.66372464087827,15.16543212675189
Rangpur,BD5585,Tangail,BD3093,False,163.03050365549475,163.03050365549475,163.03050365549475,163.03050365549475,4037608,3169614,41785429,0.005810602564439424,151.91001679871118,5.093937322289211,15.2111629953813
Rangpur,BD5585,Thakurgaon,BD5594,False,96.92318065331222,96.92318065331222,96.92318065331222,96.92318065331222,1533895,3169614,20382773,0.008228691478912134,163.2827539253207,4.573918712716001,14.243320810065981
Satkhira,BD4087,Bagerhat,BD4001,False,62.00447689953945,62.00447689953945,62.00447689953945,62.00447689953945,1613076,2196582,2613385,0.11468835505171339,419.57416000560164,4.1272065904953035,14.293653473170336
Satkhira,BD4087,Bandarban,BD2003,False,338.57556112319884,338.57556112319884,338.57556112319884,338.57556112319884,481106,2196582,138756140,5.301044261627157e-05,4.196909064506497,5.824747290848483,13.08384289902944
Satkhira,BD4087,Barguna,BD1004,False,104.72842213405076,104.72842213405076,104.72842213405076,104.72842213405076,1010531,2196582,9289471,0.015464466161581336,92.13412593594182,4.65137054363557,13.825986493237492
Satkhira,BD4087,Barishal,BD1006,False,132.5882213429854,132.5882213429854,132.5882213429854,132.5882213429854,2570446,2196582,17022437,0.013482738825064625,146.2172445337187,4.887248245322006,14.759589982670962
Satkhira,BD4087,Bhola,BD1009,False,164.2726874154524,164.2726874154524,164.2726874154524,164.2726874154524,1932518,2196582,27472579,0.004527469627750686,71.61315767037661,5.101527775165149,14.474334373759973
Satkhira,BD4087,Bogura,BD5010,False,272.6803209184729,272.6803209184729,272.6803209184729,272.6803209184729,3734297,2196582,95676653,0.000824833764080705,50.22283945686323,5.608300123398956,15.133070139288687
Satkhira,BD4087,Brahmanbaria,BD2012,False,264.7819049660837,264.7819049660837,264.7819049660837,264.7819049660837,3306563,2196582,92370090,0.0007847334646615151,47.162866925168665,5.578906487007702,15.011419839295048
Satkhira,BD4087,Chandpur,BD2013,False,194.61816410861218,194.61816410861218,194.61816410861218,194.61816410861218,2635748,2196582,54320503,0.0017317930922140603,69.58844673420862,5.271039506139054,14.784677570641602
Satkhira,BD4087,Chapainawabganj,BD5070,False,274.28780757444326,274.28780757444326,274.28780757444326,274.28780757444326,1835528,2196582,99410950,0.0003836022734892494,24.397650606958283,5.614177947719217,14.422842736501666
Satkhira,BD4087,Chattogram,BD2015,False,277.38848009603004,277.38848009603004,277.38848009603004,277.38848009603004,9169465,2196582,101246478,0.0017290333179991897,119.17005925554366,5.625418978885862,16.031389500109725
Satkhira,BD4087,Chuadanga,BD4018,False,139.49916089619953,139.49916089619953,139.49916089619953,139.49916089619953,1234054,2196582,19592883,0.005403352664459065,63.414850580208565,4.938058586162323,14.025815242619684
Satkhira,BD4087,Cox's Bazar,BD2022,False,318.0248362017254,318.0248362017254,318.0248362017254,318.0248362017254,2823268,2196582,128039314,0.0003578689618118202,27.91451139258727,5.762129480993719,14.853405637196515
Satkhira,BD4087,Cumilla,BD2019,False,226.96354325099816,226.96354325099816,226.96354325099816,226.96354325099816,6212216,2196582,66350753,0.002662788723017582,120.59639959301334,5.424789402164943,15.642028234056378
Satkhira,BD4087,Dhaka,BD3026,False,193.3493374496632,193.3493374496632,193.3493374496632,193.3493374496632,14734701,2196582,39585802,0.013706159384144061,394.14493595520327,5.264498591358339,16.50571588212586
Satkhira,BD4087,Dinajpur,BD5527,False,362.86443704290974,362.86443704290974,362.86443704290974,362.86443704290974,3315236,2196582,141932742,0.00034267369433130663,25.178255497408273,5.894029312841984,15.014039370621646
Satkhira,BD4087,Faridpur,BD3029,False,141.56979732032832,141.56979732032832,141.56979732032832,141.56979732032832,2162879,2196582,22119964,0.0073785191338271005,107.9172831645067,4.95279286274845,14.586950762547518
Satkhira,BD4087,Feni,BD2030,False,243.33890039421505,243.33890039421505,243.33890039421505,243.33890039421505,1648896,2196582,88136742,0.0004359019446612593,27.846472117598392,5.494455123545013,14.315616531026453
Satkhira,BD4087,Gaibandha,BD5532,False,326.46376246061004,326.46376246061004,326.46376246061004,326.46376246061004,2562233,2196582,133869054,0.0002983781641451001,24.040785708226334,5.788318954687382,14.756389701878161
Satkhira,BD4087,Gazipur,BD3033,False,232.9866086805249,232.9866086805249,232.9866086805249,232.9866086805249,5263450,2196582,75920675,0.0017750286359143623,96.96356664660668,5.450980978439895,15.476297263245858
Satkhira,BD4087,Gopalganj,BD3035,False,112.19461270849042,112.19461270849042,112.19461270849042,112.19461270849042,1295057,2196582,10961162,0.014959009870526778,102.88329770477527,4.7202349768599925,14.07406526759114
Satkhira,BD4087,Habiganj,BD6036,False,321.8032435254572,321.8032435254572,321.8032435254572,321.8032435254572,2358886,2196582,130862582,0.0002875630141272718,22.77855228553504,5.773940313828361,14.673700031660417
Satkhira,BD4087,Jamalpur,BD4539,False,297.013040774492,297.013040774492,297.013040774492,297.013040774492,2499738,2196582,122367173,0.0003469200745153246,28.336320509325027,5.69377604617038,14.731696484346525
Satkhira,BD4087,Jashore,BD4041,False,78.77076325789562,78.77076325789562,78.77076325789562,78.77076325789562,3076144,2196582,4226461,0.11074568543722144,495.76578910262157,4.366541903371165,14.939187422556142
Satkhira,BD4087,Jhalokati,BD1042,False,109.67543947530886,109.67543947530886,109.67543947530886,109.67543947530886,661160,2196582,10300002,0.008832451192300575,54.965198961219684,4.697525454113398,13.40175114703129
Satkhira,BD4087,Jhenaidah,BD4044,False,123.19324635696336,123.19324635696336,123.19324635696336,123.19324635696336,2005849,2196582,13289334,0.016265788595094262,132.1674274142604,4.813754231065687,14.511577970493308
Satkhira,BD4087,Joypurhat,BD5038,False,301.4469902436609,301.4469902436609,301.4469902436609,301.4469902436609,956431,2196582,124866911,0.00012915246796454567,10.525233514927832,5.708594180621716,13.770963927257238
Satkhira,BD4087,Khagrachhari,BD2046,False,301.4672220079715,301.4672220079715,301.4672220079715,301.4672220079715,714119,2196582,125823342,9.518029241329735e-05,7.85760856531333,5.708661293865714,13.478804894101042
Satkhira,BD4087,Khulna,BD4047,False,33.466523808047036,33.466523808047036,33.466523808047036,33.466523808047036,2613385,2196582,0,0.5433270124306466,2333.3623478341715,3.510545649896555,14.776156873871212
Satkhira,BD4087,Kishoreganj,BD3048,False,288.3048096900111,288.3048096900111,288.3048096900111,288.3048096900111,3267626,2196582,113200542,0.0005241590029641535,39.312310356503254,5.66401828743968,14.999574285328466
Satkhira,BD4087,Kurigram,BD5549,False,383.36469797996995,383.36469797996995,383.36469797996995,383.36469797996995,2329160,2196582,150541039,0.00021601402545341267,15.848022754642784,5.948986750159358,14.66101824551926
Satkhira,BD4087,Kushtia,BD4050,False,171.7223537582767,171.7223537582767,171.7223537582767,171.7223537582767,2149692,2196582,29405097,0.004427128058774146,72.89916854953333,5.145878950217211,14.580835134027797
Satkhira,BD4087,Lakshmipur,BD2051,False,185.30507660149684,185.30507660149684,185.30507660149684,185.30507660149684,1937948,2196582,34738230,0.0029648878495332318,56.43746325660054,5.222003529578185,14.477140239287523
Satkhira,BD4087,Lalmonirhat,BD5552,False,409.41787034976716,409.41787034976716,409.41787034976716,409.41787034976716,1428406,2196582,160353785,0.00011771274827749246,8.521539785026155,6.014736322371687,14.172069695197669
Satkhira,BD4087,Madaripur,BD3054,False,140.53450807828082,140.53450807828082,140.53450807828082,140.53450807828082,1293027,2196582,20826937,0.005073193461669599,65.46989402534798,4.945453067714908,14.07249653920651
Satkhira,BD4087,Magura,BD4055,False,121.83021782888305,121.83021782888305,121.83021782888305,121.83021782888305,1033115,2196582,12256219,0.010139281145627944,69.60470958220725,4.802628418338805,13.848089068139739
Satkhira,BD4087,Manikganj,BD3056,False,182.558467747298,182.558467747298,182.558467747298,182.558467747298,1558025,2196582,31554789,0.002871707054603432,46.74879900311428,5.207070492932717,14.258929551497186
Satkhira,BD4087,Meherpur,BD4057,False,163.0240791801887,163.0240791801887,163.0240791801887,163.0240791801887,705356,2196582,26767223,0.0018029965893489998,26.540240456700857,5.093897914928327,13.466457918881725
Satkhira,BD4087,Moulvibazar,BD6058,False,367.1325499217708,367.1325499217708,367.1325499217708,367.1325499217708,2123447,2196582,148417592,0.00020275752436162443,15.754174236339875,5.905722954296829,14.568551269629545
Satkhira,BD4087,Munshiganj,BD3059,False,182.64540281118232,182.64540281118232,182.64540281118232,182.64540281118232,1625416,2196582,33112814,0.00273769945497876,48.72446054502374,5.207546583535993,14.301274340983566
Satkhira,BD4087,Mymensingh,BD4561,False,289.32739990425404,289.32739990425404,289.32739990425404,289.32739990425404,5899005,2196582,116468168,0.0008766228049613186,70.46924781921462,5.667558918538602,15.590294250586142
Satkhira,BD4087,Naogaon,BD5064,False,282.65743411472386,282.65743411472386,282.65743411472386,282.65743411472386,2784599,2196582,110415943,0.0004706828795673315,34.85313418790269,5.644235684260382,14.839614435339252
Satkhira,BD4087,Narail,BD4065,False,94.77964658707053,94.77964658707053,94.77964658707053,94.77964658707053,788671,2196582,8500800,0.014099216251495085,87.7941749423558,4.5515546877613415,13.57810452934276
Satkhira,BD4087,Narayanganj,BD3067,False,209.71219513022277,209.71219513022277,209.71219513022277,209.71219513022277,3909138,2196582,60581693,0.0020510449306839727,88.88605464768392,5.345736091344364,15.178827447298536
Satkhira,BD4087,Narsingdi,BD3068,False,245.81879931683247,245.81879931683247,245.81879931683247,245.81879931683247,2584452,2196582,89785638,0.0006526403161574885,42.769904888141944,5.504594676375071,14.765024051188075
Satkhira,BD4087,Natore,BD5069,False,222.23996950126332,222.23996950126332,222.23996950126332,222.23996950126332,1859922,2196582,64490831,0.0008937328206679823,37.65740541148261,5.403757741772687,14.436045109326196
Satkhira,BD4087,Netrakona,BD4572,False,326.8570293244209,326.8570293244209,326.8570293244209,326.8570293244209,2324853,2196582,136431287,0.0002613478331901535,21.761049619243956,5.789522856097701,14.659167369198306
Satkhira,BD4087,Nilphamari,BD5573,False,405.56282252382306,405.56282252382306,405.56282252382306,405.56282252382306,2092568,2196582,156727322,0.0001796252842592683,12.722231851796323,6.005275787631675,14.553902577830893
Satkhira,BD4087,Noakhali,BD2075,False,207.0839400864122,207.0839400864122,207.0839400864122,207.0839400864122,3625442,2196582,56956251,0.002144487182746933,84.54114444833232,5.333124218733183,15.103486769872411
Satkhira,BD4087,Pabna,BD5076,False,187.52832422539007,187.52832422539007,187.52832422539007,187.52832422539007,2909624,2196582,36676178,0.003935008706694532,82.73763921904929,5.2339298965370835,14.8835344211774
Satkhira,BD4087,Panchagarh,BD5577,False,437.6889144129893,437.6889144129893,437.6889144129893,437.6889144129893,1179843,2196582,161782191,9.569357361526139e-05,6.158757808851789,6.081508416969537,13.98089193674234
Satkhira,BD4087,Patuakhali,BD1078,False,131.60856319676944,131.60856319676944,131.60856319676944,131.60856319676944,1727254,2196582,15295183,0.011285967034670863,99.72129539074758,4.87983208665853,14.362043422168306
Satkhira,BD4087,Pirojpur,BD1079,False,89.6131005883359,89.6131005883359,89.6131005883359,89.6131005883359,1198195,2196582,7302605,0.0259006689858343,149.20538405297097,4.495501521216355,13.996326815697198
Satkhira,BD4087,Rajbari,BD3082,False,155.78954066132187,155.78954066132187,155.78954066132187,155.78954066132187,1189818,2196582,24282843,0.0035671562062928055,49.02345789325122,5.04850599807222,13.989310912214547
Satkhira,BD4087,Rajshahi,BD5081,False,236.9053027506127,236.9053027506127,236.9053027506127,236.9053027506127,2915009,2196582,85221733,0.0008108432355581719,51.93861162795997,5.467660494834075,14.885383465240523
Satkhira,BD4087,Rangamati,BD2084,False,326.43278585692383,326.43278585692383,326.43278585692383,326.43278585692383,647586,2196582,133221468,7.720045500467114e-05,6.077289267792063,5.788224064911079,13.381006882269048
Satkhira,BD4087,Rangpur,BD5585,False,363.47404042580547,363.47404042580547,363.47404042580547,363.47404042580547,3169614,2196582,145247978,0.00031351563122996104,23.991620276922223,5.895707878813469,14.9691203718778
Satkhira,BD4087,Satkhira,BD4087,True,0.0,44.47439044410585,1.0,29.636631790218406,2196582,2196582,0,0.5,1110.5226263793259,3.794913527872948,14.602413073820426
Satkhira,BD4087,Shariatpur,BD3086,False,161.99514213946978,161.99514213946978,161.99514213946978,161.99514213946978,1294562,2196582,25472661,0.0035482759106947055,49.33088107829774,5.087566347989375,14.073682971966935
Satkhira,BD4087,Sherpur,BD4589,False,315.03575539627553,315.03575539627553,315.03575539627553,315.03575539627553,1501853,2196582,126537461,0.0001967663074865449,15.132397176051455,5.752686141578478,14.22221023700936
Satkhira,BD4087,Sirajganj,BD5088,False,228.3752293457028,228.3752293457028,228.3752293457028,228.3752293457028,3357706,2196582,72562969,0.0012629216771671073,64.37906629754106,5.430990018948144,15.026768560672359
Satkhira,BD4087,Sunamganj,BD6090,False,362.5156359854593,362.5156359854593,362.5156359854593,362.5156359854593,2695496,2196582,139237246,0.00029045607639445334,20.510923044580505,5.893067607117487,14.80709278991802
Satkhira,BD4087,Sylhet,BD6091,False,404.797384181316,404.797384181316,404.797384181316,404.797384181316,3857123,2196582,152870199,0.00034379765663347276,23.539004585545985,6.003386655949699,15.16543212675189
Satkhira,BD4087,Tangail,BD3093,False,236.47811005203056,236.47811005203056,236.47811005203056,236.47811005203056,4037608,2196582,81184125,0.0012167562010260186,72.20084171431911,5.465855645728706,15.2111629953813
Satkhira,BD4087,Thakurgaon,BD5594,False,409.169220317281,409.169220317281,409.169220317281,409.169220317281,1533895,2196582,158819890,0.00012873148856847177,9.161988001788487,6.014128812082388,14.243320810065981
Shariatpur,BD3086,Bagerhat,BD4001,False,119.25560829956416,119.25560829956416,119.25560829956416,119.25560829956416,1613076,1294562,64894135,0.0004653211600412237,113.42197508220475,4.781269158428323,14.293653473170336
Shariatpur,BD3086,Bandarban,BD2003,False,256.8707303087644,256.8707303087644,256.8707303087644,256.8707303087644,481106,1294562,143675430,2.953714458748721e-05,7.291410212812777,5.548572963443314,13.08384289902944
Shariatpur,BD3086,Barguna,BD1004,False,126.50400896184047,126.50400896184047,126.50400896184047,126.50400896184047,1010531,1294562,66507211,0.00028039182390018284,63.14530473930325,4.840273999063362,13.825986493237492
Shariatpur,BD3086,Barishal,BD1006,False,48.950847499283284,48.950847499283284,48.950847499283284,48.950847499283284,2570446,1294562,5554191,0.05158291291863573,1072.7241406052758,3.8908166823972907,14.759589982670962
Shariatpur,BD3086,Bhola,BD1009,False,106.7061290100031,106.7061290100031,106.7061290100031,106.7061290100031,1932518,1294562,61234363,0.0006206766636996387,169.7246091610534,4.670078598176311,14.474334373759973
Shariatpur,BD3086,Bogura,BD5010,False,204.16679961475435,204.16679961475435,204.16679961475435,204.16679961475435,3734297,1294562,120544942,0.0003159690526419775,89.58568391126111,5.318937304924868,15.133070139288687
Shariatpur,BD3086,Brahmanbaria,BD2012,False,104.34721692242762,104.34721692242762,104.34721692242762,104.34721692242762,3306563,1294562,56278904,0.001221243964838181,303.6792100525956,4.647723962563112,15.011419839295048
Shariatpur,BD3086,Chandpur,BD2013,False,37.16023211915023,37.16023211915023,37.16023211915023,37.16023211915023,2635748,1294562,2918443,0.11825602103941588,1908.7412069797367,3.6152391604048755,14.784677570641602
Shariatpur,BD3086,Chapainawabganj,BD5070,False,272.2331688995483,272.2331688995483,272.2331688995483,272.2331688995483,1835528,1294562,146979804,0.00010675997774781872,24.767315514524057,5.606658937678116,14.422842736501666
Shariatpur,BD3086,Chattogram,BD2015,False,171.30766510052288,171.30766510052288,171.30766510052288,171.30766510052288,9169465,1294562,103338022,0.0009968959223318784,312.4571057511941,5.143461150975341,16.031389500109725
Shariatpur,BD3086,Chuadanga,BD4018,False,164.1852480604368,164.1852480604368,164.1852480604368,164.1852480604368,1234054,1294562,102103968,0.00014766436548694603,45.77895735898005,5.10099535169391,14.025815242619684
Shariatpur,BD3086,Cox's Bazar,BD2022,False,259.67932738319826,259.67932738319826,259.67932738319826,259.67932738319826,2823268,1294562,144156536,0.00016946962977936665,41.867530998515036,5.559447513587319,14.853405637196515
Shariatpur,BD3086,Cumilla,BD2019,False,67.25435701584621,67.25435701584621,67.25435701584621,67.25435701584621,6212216,1294562,32164360,0.006058746744351087,1373.4273699699809,4.208481804722995,15.642028234056378
Shariatpur,BD3086,Dhaka,BD3026,False,62.11573925062599,62.11573925062599,62.11573925062599,62.11573925062599,14734701,1294562,15266780,0.036802661465669344,3818.8975798659153,4.12899940691698,16.50571588212586
Shariatpur,BD3086,Dinajpur,BD5527,False,311.6447722353751,311.6447722353751,311.6447722353751,311.6447722353751,3315236,1294562,154314106,0.00017354587454321228,34.13459524560645,5.741863988640799,15.014039370621646
Shariatpur,BD3086,Faridpur,BD3029,False,63.580998528468626,63.580998528468626,63.580998528468626,63.580998528468626,2162879,1294562,30001481,0.002673952600007434,535.0292625124322,4.152314660431189,14.586950762547518
Shariatpur,BD3086,Feni,BD2030,False,106.31275438796739,106.31275438796739,106.31275438796739,106.31275438796739,1648896,1294562,59585467,0.000560738410564056,145.888992191265,4.666385262985362,14.315616531026453
Shariatpur,BD3086,Gaibandha,BD5532,False,245.76017943422377,245.76017943422377,245.76017943422377,245.76017943422377,2562233,1294562,138328598,0.0001670817554404467,42.422434663282296,5.504356180078767,14.756389701878161
Shariatpur,BD3086,Gazipur,BD3033,False,94.70704991586963,94.70704991586963,94.70704991586963,94.70704991586963,5263450,1294562,45167079,0.002835290405987184,586.8213204015904,4.550788442150513,15.476297263245858
Shariatpur,BD3086,Gopalganj,BD3035,False,54.35514704996028,54.35514704996028,54.35514704996028,54.35514704996028,1295057,1294562,8124637,0.016612528811129512,438.33639712679593,3.9955393110144657,14.07406526759114
Shariatpur,BD3086,Habiganj,BD6036,False,162.29058547607636,162.29058547607636,162.29058547607636,162.29058547607636,2358886,1294562,99745082,0.00029229651391304964,89.56128144293098,5.089388465913102,14.673700031660417
Shariatpur,BD3086,Jamalpur,BD4539,False,200.194388194052,200.194388194052,200.194388194052,200.194388194052,2499738,1294562,118045204,0.0002225584267735227,62.37214698882766,5.299288835489503,14.731696484346525
Shariatpur,BD3086,Jashore,BD4041,False,127.32913840452349,127.32913840452349,127.32913840452349,127.32913840452349,3076144,1294562,67517742,0.0008050156242005294,189.7365768810732,4.846775374928692,14.939187422556142
Shariatpur,BD3086,Jhalokati,BD1042,False,78.45097005674224,78.45097005674224,78.45097005674224,78.45097005674224,661160,1294562,38376576,0.00053493596763878,107.42613103991006,4.3624738443893,13.40175114703129
Shariatpur,BD3086,Jhenaidah,BD4044,False,137.48392264009857,137.48392264009857,137.48392264009857,137.48392264009857,2005849,1294562,83422129,0.00035344359642480445,106.11930737728798,4.92350698401639,14.511577970493308
Shariatpur,BD3086,Joypurhat,BD5038,False,245.3261960656225,245.3261960656225,245.3261960656225,245.3261960656225,956431,1294562,133515044,6.764948866668935e-05,15.891533008957314,5.502588737513761,13.770963927257238
Shariatpur,BD3086,Khagrachhari,BD2046,False,158.04031245052545,158.04031245052545,158.04031245052545,158.04031245052545,714119,1294562,88785684,0.00011303292959442734,28.59136099116849,5.062850142575692,13.478804894101042
Shariatpur,BD3086,Khulna,BD4047,False,130.9224229785312,130.9224229785312,130.9224229785312,130.9224229785312,2613385,1294562,74631494,0.0005673454836892127,152.46681416058115,4.874604956783225,14.776156873871212
Shariatpur,BD3086,Kishoreganj,BD3048,False,136.77105900580767,136.77105900580767,136.77105900580767,136.77105900580767,3267626,1294562,77244879,0.0006583799090436394,174.6802978378731,4.918308425832026,14.999574285328466
Shariatpur,BD3086,Kurigram,BD5549,False,292.02490095640144,292.02490095640144,292.02490095640144,292.02490095640144,2329160,1294562,148815332,0.00013177002084280423,27.312380396169157,5.676839075880334,14.66101824551926
Shariatpur,BD3086,Kushtia,BD4050,False,160.0165845070319,160.0165845070319,160.0165845070319,160.0165845070319,2149692,1294562,89499803,0.00032977564159861785,83.95493845714981,5.075277463031158,14.580835134027797
Shariatpur,BD3086,Lakshmipur,BD2051,False,60.48836852103316,60.48836852103316,60.48836852103316,60.48836852103316,1937948,1294562,13328832,0.010359081917107521,529.6614653728265,4.102451090702579,14.477140239287523
Shariatpur,BD3086,Lalmonirhat,BD5552,False,334.766600755483,334.766600755483,334.766600755483,334.766600755483,1428406,1294562,157629342,7.256213873078589e-05,12.74580943109835,5.813433574844227,14.172069695197669
Shariatpur,BD3086,Madaripur,BD3054,False,25.070898981126277,25.070898981126277,25.070898981126277,25.070898981126277,1293027,1294562,0,0.4997033918446863,2057.1586189547834,3.2217077703675874,14.07249653920651
Shariatpur,BD3086,Magura,BD4055,False,101.85954978255607,101.85954978255607,101.85954978255607,101.85954978255607,1033115,1294562,55245789,0.0004108569580836028,99.57381865965316,4.623594901483566,13.848089068139739
Shariatpur,BD3086,Manikganj,BD3056,False,81.16274997712034,81.16274997712034,81.16274997712034,81.16274997712034,1558025,1294562,39037736,0.0011937973222947962,236.51621215498943,4.396456397788222,14.258929551497186
Shariatpur,BD3086,Meherpur,BD4057,False,183.7956448428107,183.7956448428107,183.7956448428107,183.7956448428107,705356,1294562,112507487,7.007249245575357e-05,20.88035760984749,5.213824514552773,13.466457918881725
Shariatpur,BD3086,Moulvibazar,BD6058,False,205.62456024498746,205.62456024498746,205.62456024498746,205.62456024498746,2123447,1294562,124279239,0.00017142876738910612,50.22170500385867,5.326051982891149,14.568551269629545
Shariatpur,BD3086,Munshiganj,BD3059,False,30.968185556461233,30.968185556461233,30.968185556461233,30.968185556461233,1625416,1294562,1293027,0.1930190236283549,1694.8567970239453,3.4329604051348572,14.301274340983566
Shariatpur,BD3086,Mymensingh,BD4561,False,161.4382227958281,161.4382227958281,161.4382227958281,161.4382227958281,5899005,1294562,91649495,0.0008312541048016866,226.34245826017172,5.0841225480946814,15.590294250586142
Shariatpur,BD3086,Naogaon,BD5064,False,249.08705253791655,249.08705253791655,249.08705253791655,249.08705253791655,2784599,1294562,140890831,0.00017488494306368575,44.88077581230651,5.517802443951876,14.839614435339252
Shariatpur,BD3086,Narail,BD4065,False,85.65031183711712,85.65031183711712,85.65031183711712,85.65031183711712,788671,1294562,40595761,0.0005710719692027117,107.50730493632946,4.450272865593823,13.57810452934276
Shariatpur,BD3086,Narayanganj,BD3067,False,55.66866112971435,55.66866112971435,55.66866112971435,55.66866112971435,3909138,1294562,9419694,0.032299340628855075,1261.4192358664104,4.019417351784317,15.178827447298536
Shariatpur,BD3086,Narsingdi,BD3068,False,91.80501192362895,91.80501192362895,91.80501192362895,91.80501192362895,2584452,1294562,42582627,0.0016411866815828542,306.6448589356071,4.519666892254094,14.765024051188075
Shariatpur,BD3086,Natore,BD5069,False,184.23875556711104,184.23875556711104,184.23875556711104,184.23875556711104,1859922,1294562,113212843,0.00018069783745314338,54.79396757635527,5.216232501077498,14.436045109326196
Shariatpur,BD3086,Netrakona,BD4572,False,185.86818271415,185.86818271415,185.86818271415,185.86818271415,2324853,1294562,115072765,0.00021790399243460092,67.2954020715178,5.2250377273849145,14.659167369198306
Shariatpur,BD3086,Nilphamari,BD5573,False,343.08192578011375,343.08192578011375,343.08192578011375,343.08192578011375,2092568,1294562,159057748,0.00010399709103102583,17.77804091395084,5.837969269316545,14.553902577830893
Shariatpur,BD3086,Noakhali,BD2075,False,95.74797108387875,95.74797108387875,95.74797108387875,95.74797108387875,3625442,1294562,50430529,0.0016393087076088002,395.4593076910226,4.561719438111746,15.103486769872411
Shariatpur,BD3086,Pabna,BD5076,False,137.42797256037153,137.42797256037153,137.42797256037153,137.42797256037153,2909624,1294562,80512505,0.0005435004634111619,154.05882859205215,4.923099943932084,14.8835344211774
Shariatpur,BD3086,Panchagarh,BD5577,False,385.14154096724894,385.14154096724894,385.14154096724894,385.14154096724894,1179843,1294562,162684211,5.6397286350575585e-05,7.953961651906186,5.953610905601143,13.98089193674234
Shariatpur,BD3086,Patuakhali,BD1078,False,117.48259424936072,117.48259424936072,117.48259424936072,117.48259424936072,1727254,1294562,63166881,0.0005240771288098456,125.14374605583276,4.766290188563288,14.362043422168306
Shariatpur,BD3086,Pirojpur,BD1079,False,90.02605630570764,90.02605630570764,90.02605630570764,90.02605630570764,1198195,1294562,41384432,0.0008283185495054988,147.83969277845713,4.5000991429368895,13.996326815697198
Shariatpur,BD3086,Rajbari,BD3082,False,101.54206730923539,101.54206730923539,101.54206730923539,101.54206730923539,1189818,1294562,54055971,0.000492179002842395,115.39540952617388,4.620473168867199,13.989310912214547
Shariatpur,BD3086,Rajshahi,BD5081,False,224.22127163527873,224.22127163527873,224.22127163527873,224.22127163527873,2915009,1294562,130600035,0.00021223397593181202,57.98107690628896,5.412633384082476,14.885383465240523
Shariatpur,BD3086,Rangamati,BD2084,False,197.0135621780366,197.0135621780366,197.0135621780366,197.0135621780366,647586,1294562,117397618,5.918518610654375e-05,16.68419297011058,5.283272569911714,13.381006882269048
Shariatpur,BD3086,Rangpur,BD5585,False,292.2689820041731,292.2689820041731,292.2689820041731,292.2689820041731,3169614,1294562,151144492,0.00017298131769787897,37.10572509297721,5.677674549497592,14.9691203718778
Shariatpur,BD3086,Satkhira,BD4087,False,161.99514213946978,161.99514213946978,161.99514213946978,161.99514213946978,2196582,1294562,97548500,0.000284729376536653,83.70346528071225,5.087566347989375,14.602413073820426
Shariatpur,BD3086,Shariatpur,BD3086,True,0.0,18.67680082122059,1.0,17.584337821759714,1294562,1294562,0,0.5,3711.2300859174065,2.9272821558863513,14.073682971966935
Shariatpur,BD3086,Sherpur,BD4589,False,206.82454962939434,206.82454962939434,206.82454962939434,206.82454962939434,1501853,1294562,126402686,0.0001178444819458499,35.10938739798648,5.331870847529547,14.22221023700936
Shariatpur,BD3086,Sirajganj,BD5088,False,151.51266675813474,151.51266675813474,151.51266675813474,151.51266675813474,3357706,1294562,85427978,0.0005564215845110834,146.2664706843025,5.020669230418975,15.026768560672359
Shariatpur,BD3086,Sunamganj,BD6090,False,210.76626089159737,210.76626089159737,210.76626089159737,210.76626089159737,2695496,1294562,127904539,0.00020477411114848548,60.678733810670686,5.3507497511610005,14.80709278991802
Shariatpur,BD3086,Sylhet,BD6091,False,245.4566326167065,245.4566326167065,245.4566326167065,245.4566326167065,3857123,1294562,134471475,0.000263413324210581,64.0197456738773,5.503120282411146,15.16543212675189
Shariatpur,BD3086,Tangail,BD3093,False,130.16485057330155,130.16485057330155,130.16485057330155,130.16485057330155,4037608,1294562,70593886,0.0009576284905733196,238.30694758798333,4.868801728452596,15.2111629953813
Shariatpur,BD3086,Thakurgaon,BD5594,False,369.4738551987249,369.4738551987249,369.4738551987249,369.4738551987249,1533895,1294562,161150316,7.454608357546957e-05,11.236426296760637,5.912079980641881,14.243320810065981
Sherpur,BD4589,Bagerhat,BD4001,False,303.53536064638934,303.53536064638934,303.53536064638934,303.53536064638934,1613076,1501853,142055377,0.00011624636833445824,17.50798822288737,5.715498113256136,14.293653473170336
Sherpur,BD4589,Bandarban,BD2003,False,432.6060434919482,432.6060434919482,432.6060434919482,432.6060434919482,481106,1501853,160352389,2.7499893820090464e-05,2.5707249269192034,6.069827483583069,13.08384289902944
Sherpur,BD4589,Barguna,BD1004,False,327.0738825377399,327.0738825377399,327.0738825377399,327.0738825377399,1010531,1501853,149524807,6.60957617611594e-05,9.446216788619363,5.790186085858932,13.825986493237492
Sherpur,BD4589,Barishal,BD1006,False,253.96007095425318,253.96007095425318,253.96007095425318,253.96007095425318,2570446,1501853,127085786,0.00022889780164192484,39.85452203794247,5.537177053693663,14.759589982670962
Sherpur,BD4589,Bhola,BD1009,False,312.6826369264689,312.6826369264689,312.6826369264689,312.6826369264689,1932518,1501853,143668453,0.00013591023760424495,19.76587370670498,5.745188736623685,14.474334373759973
Sherpur,BD4589,Bogura,BD5010,False,75.76803253706541,75.76803253706541,75.76803253706541,75.76803253706541,3734297,1501853,10960976,0.027783162899594697,650.4843248486162,4.327676469353881,15.133070139288687
Sherpur,BD4589,Brahmanbaria,BD2012,False,161.8253433362355,161.8253433362355,161.8253433362355,161.8253433362355,3306563,1501853,85737601,0.0006286688446758261,126.26521643790909,5.086517626080709,15.011419839295048
Sherpur,BD4589,Chandpur,BD2013,False,213.16784597164244,213.16784597164244,213.16784597164244,213.16784597164244,2635748,1501853,119290166,0.000265509582386774,58.004340348551686,5.362079864649679,14.784677570641602
Sherpur,BD4589,Chapainawabganj,BD5070,False,187.08523437423435,187.08523437423435,187.08523437423435,187.08523437423435,1835528,1501853,94982151,0.00029059846743329935,52.44233121962976,5.231564311802567,14.422842736501666
Sherpur,BD4589,Chattogram,BD2015,False,343.7690470677216,343.7690470677216,343.7690470677216,343.7690470677216,9169465,1501853,151182924,0.0005572519516928576,77.59084053774536,5.839970057097276,16.031389500109725
Sherpur,BD4589,Chuadanga,BD4018,False,205.66861905804922,205.66861905804922,205.66861905804922,205.66861905804922,1234054,1501853,109256307,0.00014941631720493214,29.17414250347687,5.326266228181114,14.025815242619684
Sherpur,BD4589,Cox's Bazar,BD2022,False,448.74801621198407,448.74801621198407,448.74801621198407,448.74801621198407,2823268,1501853,160833495,0.0001581485450654463,14.019967997980215,6.1064615190951885,14.853405637196515
Sherpur,BD4589,Cumilla,BD2019,False,207.20564488065904,207.20564488065904,207.20564488065904,207.20564488065904,6212216,1501853,111784923,0.0006891765867005922,144.69162111785042,5.333711753646751,15.642028234056378
Sherpur,BD4589,Dhaka,BD3026,False,145.1323203915703,145.1323203915703,145.1323203915703,145.1323203915703,14734701,1501853,58537481,0.004929263912215735,699.54080063204,4.977645880720546,16.50571588212586
Sherpur,BD4589,Dinajpur,BD5527,False,142.9926305184742,142.9926305184742,142.9926305184742,142.9926305184742,3315236,1501853,55222245,0.0014619698333985785,162.13886873207056,4.962793094096098,15.014039370621646
Sherpur,BD4589,Faridpur,BD3029,False,179.87386641929336,179.87386641929336,179.87386641929336,179.87386641929336,2162879,1501853,92819272,0.0003569401158552146,66.84917993724476,5.19225586314066,14.586950762547518
Sherpur,BD4589,Feni,BD2030,False,268.5067366431277,268.5067366431277,268.5067366431277,268.5067366431277,1648896,1501853,131594180,0.00013808393340425038,22.870880875284346,5.592876003552711,14.315616531026453
Sherpur,BD4589,Gaibandha,BD5532,False,62.072201529808545,62.072201529808545,62.072201529808545,62.072201529808545,2562233,1501853,8398743,0.031186602965079278,665.0040994907428,4.128298248296788,14.756389701878161
Sherpur,BD4589,Gazipur,BD3033,False,115.63506639675437,115.63506639675437,115.63506639675437,115.63506639675437,5263450,1501853,30870645,0.0064881197295405865,393.63290339279905,4.75043925277171,15.476297263245858
Sherpur,BD4589,Gopalganj,BD3035,False,220.51933411886648,220.51933411886648,220.51933411886648,220.51933411886648,1295057,1501853,121925914,0.00012634483785165068,26.631494504801946,5.395985374121723,14.07406526759114
Sherpur,BD4589,Habiganj,BD6036,False,158.3018857322291,158.3018857322291,158.3018857322291,158.3018857322291,2358886,1501853,75364750,0.0005817437984492719,94.13145598378925,5.06450387921165,14.673700031660417
Sherpur,BD4589,Jamalpur,BD4539,False,26.000447228760912,26.000447228760912,26.000447228760912,26.000447228760912,2499738,1501853,0,0.6246860311311176,3697.71006760538,3.2581137389797337,14.731696484346525
Sherpur,BD4589,Jashore,BD4041,False,239.64290869553375,239.64290869553375,239.64290869553375,239.64290869553375,3076144,1501853,124009642,0.0002862538676349888,53.56455450253684,5.479149934913443,14.939187422556142
Sherpur,BD4589,Jhalokati,BD1042,False,279.2641270402719,279.2641270402719,279.2641270402719,279.2641270402719,661160,1501853,133243076,5.442311217115548e-05,8.477665314811597,5.63215802589182,13.40175114703129
Sherpur,BD4589,Jhenaidah,BD4044,False,203.43187371859864,203.43187371859864,203.43187371859864,203.43187371859864,2005849,1501853,107250458,0.00025009870090089535,48.46857348742165,5.31533117595212,14.511577970493308
Sherpur,BD4589,Joypurhat,BD5038,False,99.86196006393854,99.86196006393854,99.86196006393854,99.86196006393854,956431,1501853,26744600,0.0017413713998297438,95.90769910068289,4.603788832998585,13.770963927257238
Sherpur,BD4589,Khagrachhari,BD2046,False,285.98330078533445,285.98330078533445,285.98330078533445,285.98330078533445,714119,1501853,135102431,5.717483912124288e-05,8.731507659256824,5.65593342025269,13.478804894101042
Sherpur,BD4589,Khulna,BD4047,False,297.2903531454074,297.2903531454074,297.2903531454074,297.2903531454074,2613385,1501853,139441992,0.00019398119730385516,29.569348801356725,5.694709281261678,14.776156873871212
Sherpur,BD4589,Kishoreganj,BD3048,False,117.67808446470261,117.67808446470261,117.67808446470261,117.67808446470261,3267626,1501853,36134095,0.0031878336668740596,235.9615075194772,4.7679527986683725,14.999574285328466
Sherpur,BD4589,Kurigram,BD5549,False,87.65886426439627,87.65886426439627,87.65886426439627,87.65886426439627,2329160,1501853,21057734,0.006230064913501939,303.115150507976,4.473452738762496,14.66101824551926
Sherpur,BD4589,Kushtia,BD4050,False,167.20791054929643,167.20791054929643,167.20791054929643,167.20791054929643,2149692,1501853,89044164,0.00038465792547095394,76.88871457336985,5.119238011429134,14.580835134027797
Sherpur,BD4589,Lakshmipur,BD2051,False,256.17843656215695,256.17843656215695,256.17843656215695,256.17843656215695,1937948,1501853,129656232,0.00016672831754932897,29.529560140310295,5.545874219496386,14.477140239287523
Sherpur,BD4589,Lalmonirhat,BD5552,False,137.7405754204916,137.7405754204916,137.7405754204916,137.7405754204916,1428406,1501853,49651362,0.0007975762021912625,75.28836742564737,4.925372027692345,14.172069695197669
Sherpur,BD4589,Madaripur,BD3054,False,207.49637761369206,207.49637761369206,207.49637761369206,207.49637761369206,1293027,1501853,117997139,0.0001345341495244338,30.032159016630565,5.335113882234961,14.07249653920651
Sherpur,BD4589,Magura,BD4055,False,193.48646719305887,193.48646719305887,193.48646719305887,193.48646719305887,1033115,1501853,96817679,0.000158838891907307,27.596085199502177,5.2652075730373555,13.848089068139739
Sherpur,BD4589,Manikganj,BD3056,False,138.27628633133764,138.27628633133764,138.27628633133764,138.27628633133764,1558025,1501853,51079768,0.0008219633740461096,81.48525098943465,4.929253758541052,14.258929551497186
Sherpur,BD4589,Meherpur,BD4057,False,199.18701513687282,199.18701513687282,199.18701513687282,199.18701513687282,705356,1501853,103831364,9.48432807712695e-05,17.778139826693057,5.294244157970001,13.466457918881725
Sherpur,BD4589,Moulvibazar,BD6058,False,197.52810534871657,197.52810534871657,197.52810534871657,197.52810534871657,2123447,1501853,101707917,0.0002933477041655874,54.423144299652144,5.285880879779822,14.568551269629545
Sherpur,BD4589,Munshiganj,BD3059,False,176.52896917395813,176.52896917395813,176.52896917395813,176.52896917395813,1625416,1501853,91193856,0.0002792051046897869,52.15939677101091,5.173484994202497,14.301274340983566
Sherpur,BD4589,Mymensingh,BD4561,False,55.59903248545957,55.59903248545957,55.59903248545957,55.59903248545957,5899005,1501853,2499738,0.223620777873108,1908.2896545694978,4.018165799764477,15.590294250586142
Sherpur,BD4589,Naogaon,BD5064,False,134.86525755338968,134.86525755338968,134.86525755338968,134.86525755338968,2784599,1501853,46866763,0.001690259921783423,153.09552296895424,4.904276187815621,14.839614435339252
Sherpur,BD4589,Narail,BD4065,False,222.7929027463237,222.7929027463237,222.7929027463237,222.7929027463237,788671,1501853,123220971,7.566479502629633e-05,15.888875716458758,5.40624265272674,13.57810452934276
Sherpur,BD4589,Narayanganj,BD3067,False,159.48889087513342,159.48889087513342,159.48889087513342,159.48889087513342,3909138,1501853,81828463,0.0008075928419898251,153.68098180489116,5.0719742701135635,15.178827447298536
Sherpur,BD4589,Narsingdi,BD3068,False,139.3424153191584,139.3424153191584,139.3424153191584,139.3424153191584,2584452,1501853,52637793,0.0012639005027258545,133.10727795913823,4.936934323448859,14.765024051188075
Sherpur,BD4589,Natore,BD5069,False,126.65083905793303,126.65083905793303,126.65083905793303,126.65083905793303,1859922,1501853,39401721,0.0015969366891392996,115.9520920753416,4.841434001439028,14.436045109326196
Sherpur,BD4589,Netrakona,BD4572,False,81.1126323295661,81.1126323295661,81.1126323295661,81.1126323295661,2324853,1501853,18732881,0.007648817164277832,353.36091137074527,4.395838711378424,14.659167369198306
Sherpur,BD4589,Nilphamari,BD5573,False,155.4765301684838,155.4765301684838,155.4765301684838,155.4765301684838,2092568,1501853,73272182,0.0005467874030125405,86.56650826358212,5.046494788835613,14.553902577830893
Sherpur,BD4589,Noakhali,BD2075,False,286.2506065771266,286.2506065771266,286.2506065771266,286.2506065771266,3625442,1501853,135816550,0.0002813283694188041,44.24540047778562,5.656867673912934,15.103486769872411
Sherpur,BD4589,Pabna,BD5076,False,133.9817151599279,133.9817151599279,133.9817151599279,133.9817151599279,2909624,1501853,43957139,0.0019873796311162444,162.08611173992017,4.897703336609824,14.8835344211774
Sherpur,BD4589,Panchagarh,BD5577,False,201.12850595189974,201.12850595189974,201.12850595189974,201.12850595189974,1179843,1501853,106070615,0.00015146490592997153,29.16600629161525,5.303944036866769,13.98089193674234
Sherpur,BD4589,Patuakhali,BD1078,False,323.20515202400213,323.20515202400213,323.20515202400213,323.20515202400213,1727254,1501853,147797553,0.00011504610921737756,16.534827067260892,5.778287267188213,14.362043422168306
Sherpur,BD4589,Pirojpur,BD1079,False,283.4983939380862,283.4983939380862,283.4983939380862,283.4983939380862,1198195,1501853,133904236,9.728646333396248e-05,14.90823730772262,5.647206458030371,13.996326815697198
Sherpur,BD4589,Rajbari,BD3082,False,159.3295891388827,159.3295891388827,159.3295891388827,159.3295891388827,1189818,1501853,80638645,0.0002610643684659861,46.86921312689928,5.070974944418886,13.989310912214547
Sherpur,BD4589,Rajshahi,BD5081,False,159.18828421073223,159.18828421073223,159.18828421073223,159.18828421073223,2915009,1501853,77723636,0.0006727366161062059,115.03174193666915,5.070087679061156,14.885383465240523
Sherpur,BD4589,Rangamati,BD2084,False,336.0340451240117,336.0340451240117,336.0340451240117,336.0340451240117,647586,1501853,150535338,4.189665026195824e-05,5.734966579268076,5.8172124796040405,13.381006882269048
Sherpur,BD4589,Rangpur,BD5585,False,105.19207633446821,105.19207633446821,105.19207633446821,105.19207633446821,3169614,1501853,27701031,0.005035375318204342,286.4443902520761,4.655787977452354,14.9691203718778
Sherpur,BD4589,Satkhira,BD4087,False,315.03575539627553,315.03575539627553,315.03575539627553,315.03575539627553,2196582,1501853,145600971,0.00015020893150557987,22.132359993797966,5.752686141578478,14.602413073820426
Sherpur,BD4589,Shariatpur,BD3086,False,206.82454962939434,206.82454962939434,206.82454962939434,206.82454962939434,1294562,1501853,110490361,0.00015324391312797803,30.26346704285451,5.331870847529547,14.073682971966935
Sherpur,BD4589,Sherpur,BD4589,True,0.0,19.475609534006555,1.0,18.72304115058289,1501853,1501853,0,0.5,3959.5452346335405,2.9691628895472135,14.22221023700936
Sherpur,BD4589,Sirajganj,BD5088,False,90.5358984445004,90.5358984445004,90.5358984445004,90.5358984445004,3357706,1501853,23386894,0.007173038144637626,409.6387528804132,4.505746439949002,15.026768560672359
Sherpur,BD4589,Sunamganj,BD6090,False,129.12578216515914,129.12578216515914,129.12578216515914,129.12578216515914,2695496,1501853,41261643,0.0020824429582219856,161.66379192801236,4.860786984847665,14.80709278991802
Sherpur,BD4589,Sylhet,BD6091,False,193.6197106159402,193.6197106159402,193.6197106159402,193.6197106159402,3857123,1501853,97850794,0.000564924828201727,102.88791227797924,5.265895980692834,15.16543212675189
Sherpur,BD4589,Tangail,BD3093,False,81.0864787997392,81.0864787997392,81.0864787997392,81.0864787997392,4037608,1501853,14695273,0.01850189101061235,614.0832750537411,4.395516224653664,15.2111629953813
Sherpur,BD4589,Thakurgaon,BD5594,False,200.72242303415848,200.72242303415848,200.72242303415848,200.72242303415848,1533895,1501853,104536720,0.00020195660015229346,38.071838531329455,5.301922973697931,14.243320810065981
Sirajganj,BD5088,Bagerhat,BD4001,False,225.2725516298731,225.2725516298731,225.2725516298731,225.2725516298731,1613076,3357706,127050654,0.0003145919539077442,31.78617522063439,5.417311009700584,14.293653473170336
Sirajganj,BD5088,Bandarban,BD2003,False,403.107646218856,403.107646218856,403.107646218856,403.107646218856,481106,3357706,158496536,6.148175519114099e-05,2.960729296855216,5.999203638484167,13.08384289902944
Sirajganj,BD5088,Barguna,BD1004,False,255.83642659561303,255.83642659561303,255.83642659561303,255.83642659561303,1010531,3357706,143295063,0.0001566857390101618,15.439203090302529,5.544538281647625,13.825986493237492
Sirajganj,BD5088,Barishal,BD1006,False,191.28291030259516,191.28291030259516,191.28291030259516,191.28291030259516,2570446,3357706,114443057,0.0006086679377124042,70.25158757133138,5.253753537916148,14.759589982670962
Sirajganj,BD5088,Bhola,BD1009,False,256.2254841827906,256.2254841827906,256.2254841827906,256.2254841827906,1932518,3357706,144305594,0.0002937475085362906,29.436007356280655,5.546057854394017,14.474334373759973
Sirajganj,BD5088,Bogura,BD5010,False,53.05666989522894,53.05666989522894,53.05666989522894,53.05666989522894,3734297,3357706,8807154,0.06482914730514724,1326.5660539972941,3.97136058562486,15.133070139288687
Sirajganj,BD5088,Brahmanbaria,BD2012,False,158.22849177336153,158.22849177336153,158.22849177336153,158.22849177336153,3306563,3357706,92490506,0.0011682124204451453,132.0709874374413,5.064040138822741,15.011419839295048
Sirajganj,BD5088,Chandpur,BD2013,False,172.19155826968674,172.19155826968674,172.19155826968674,172.19155826968674,2635748,3357706,99112305,0.0008217188635214759,88.89558108516678,5.148607567967853,14.784677570641602
Sirajganj,BD5088,Chapainawabganj,BD5070,False,139.80239832248822,139.80239832248822,139.80239832248822,139.80239832248822,1835528,3357706,77408743,0.0009238091292246991,93.91430959260954,4.940229985035163,14.422842736501666
Sirajganj,BD5088,Chattogram,BD2015,False,314.5164959146946,314.5164959146946,314.5164959146946,314.5164959146946,9169465,3357706,148679485,0.0012561857355602604,92.69517745705645,5.75103652600407,16.031389500109725
Sirajganj,BD5088,Chuadanga,BD4018,False,115.83272100472354,115.83272100472354,115.83272100472354,115.83272100472354,1234054,3357706,62463204,0.0009388193123062977,91.97539195814996,4.752147090032608,14.025815242619684
Sirajganj,BD5088,Cox's Bazar,BD2022,False,410.1247549272026,410.1247549272026,410.1247549272026,410.1247549272026,2823268,3357706,158977642,0.000353574097236893,16.784953326267814,6.016461393724739,14.853405637196515
Sirajganj,BD5088,Cumilla,BD2019,False,180.34826428160963,180.34826428160963,180.34826428160963,180.34826428160963,6212216,3357706,101748053,0.0017827785676397352,190.99527084809625,5.194889783136945,15.642028234056378
Sirajganj,BD5088,Dhaka,BD3026,False,94.28040773467445,94.28040773467445,94.28040773467445,94.28040773467445,14734701,3357706,33559463,0.02594594870940645,1657.6713189487211,4.546273402779351,16.50571588212586
Sirajganj,BD5088,Dinajpur,BD5527,False,160.20465026164905,160.20465026164905,160.20465026164905,160.20465026164905,3315236,3357706,95797069,0.0010955865708967764,129.17075955423124,5.076452062063453,15.014039370621646
Sirajganj,BD5088,Faridpur,BD3029,False,104.3574000808135,104.3574000808135,104.3574000808135,104.3574000808135,2162879,3357706,56556005,0.0019526338703464514,198.6029625365952,4.647821546972505,14.586950762547518
Sirajganj,BD5088,Feni,BD2030,False,240.89364106475267,240.89364106475267,240.89364106475267,240.89364106475267,1648896,3357706,134163602,0.00028928084206456076,28.41466842403889,5.484355512696061,14.315616531026453
Sirajganj,BD5088,Gaibandha,BD5532,False,101.30763573785313,101.30763573785313,101.30763573785313,101.30763573785313,2562233,3357706,51209173,0.0027597814988722514,249.651546127416,4.618161785885302,14.756389701878161
Sirajganj,BD5088,Gazipur,BD3033,False,91.69611968737232,91.69611968737232,91.69611968737232,91.69611968737232,5263450,3357706,27339582,0.016009750499516907,625.9917155728317,4.518480063071271,15.476297263245858
Sirajganj,BD5088,Gopalganj,BD3035,False,146.22717846942962,146.22717846942962,146.22717846942962,146.22717846942962,1295057,3357706,84495583,0.0005552137786924589,60.56652871367919,4.985161429282259,14.07406526759114
Sirajganj,BD5088,Habiganj,BD6036,False,185.4254128137425,185.4254128137425,185.4254128137425,185.4254128137425,2358886,3357706,107960269,0.0006259105176719462,68.60700229528149,5.22265271393128,14.673700031660417
Sirajganj,BD5088,Jamalpur,BD4539,False,69.29133415045337,69.29133415045337,69.29133415045337,69.29133415045337,2499738,3357706,12541451,0.028692693562647878,520.6389380155111,4.238319850042656,14.731696484346525
Sirajganj,BD5088,Jashore,BD4041,False,151.08478084443632,151.08478084443632,151.08478084443632,151.08478084443632,3076144,3357706,85790640,0.001256289633813776,134.76130992993828,5.017841141799739,14.939187422556142
Sirajganj,BD5088,Jhalokati,BD1042,False,210.84252152700276,210.84252152700276,210.84252152700276,210.84252152700276,661160,3357706,122242214,0.00013998786019649406,14.872711997888182,5.3511115113492,13.40175114703129
Sirajganj,BD5088,Jhenaidah,BD4044,False,113.04145716991185,113.04145716991185,113.04145716991185,113.04145716991185,2005849,3357706,60457355,0.0016034441298080646,156.97219887126892,4.727754629039046,14.511577970493308
Sirajganj,BD5088,Joypurhat,BD5038,False,93.81715705461298,93.81715705461298,93.81715705461298,93.81715705461298,956431,3357706,32603032,0.002419019254763447,108.66485563512279,4.541347750315985,13.770963927257238
Sirajganj,BD5088,Khagrachhari,BD2046,False,275.5373455358742,275.5373455358742,275.5373455358742,275.5373455358742,714119,3357706,147965366,0.00010422172776014089,9.406101216607214,5.618723174890271,13.478804894101042
Sirajganj,BD5088,Khulna,BD4047,False,214.13907179060277,214.13907179060277,214.13907179060277,214.13907179060277,2613385,3357706,122903374,0.0005392742525646147,56.991693526643445,5.366625672129354,14.776156873871212
Sirajganj,BD5088,Kishoreganj,BD3048,False,135.99668678228934,135.99668678228934,135.99668678228934,135.99668678228934,3267626,3357706,71816264,0.0018606346398603157,176.67523880518974,4.912630523544365,14.999574285328466
Sirajganj,BD5088,Kurigram,BD5549,False,156.01828741315902,156.01828741315902,156.01828741315902,156.01828741315902,2329160,3357706,90161346,0.0008724848175300341,95.68598023894195,5.049973227386418,14.66101824551926
Sirajganj,BD5088,Kushtia,BD4050,False,78.43250575214441,78.43250575214441,78.43250575214441,78.43250575214441,2149692,3357706,17789032,0.014651636942150336,349.4492077552291,4.362238455613167,14.580835134027797
Sirajganj,BD5088,Lakshmipur,BD2051,False,210.20324568678674,210.20324568678674,210.20324568678674,210.20324568678674,1937948,3357706,119106071,0.00042712081269776544,43.85946042703289,5.348074899269344,14.477140239287523
Sirajganj,BD5088,Lalmonirhat,BD5552,False,189.43147683457585,189.43147683457585,189.43147683457585,189.43147683457585,1428406,3357706,113014651,0.0003498616971369709,39.8058933947674,5.244027359311961,14.172069695197669
Sirajganj,BD5088,Madaripur,BD3054,False,142.6120325695116,142.6120325695116,142.6120325695116,142.6120325695116,1293027,3357706,80032942,0.0006147990885370482,63.57630071437144,4.960127884290762,14.07249653920651
Sirajganj,BD5088,Magura,BD4055,False,106.80371601166085,106.80371601166085,106.80371601166085,106.80371601166085,1033115,3357706,58718884,0.0008854567064620117,90.56824256760255,4.670992720037468,13.848089068139739
Sirajganj,BD5088,Manikganj,BD3056,False,70.49941117883068,70.49941117883068,70.49941117883068,70.49941117883068,1558025,3357706,15041189,0.014247275798445877,313.4753836938049,4.255604357710021,14.258929551497186
Sirajganj,BD5088,Meherpur,BD4057,False,112.35116093279936,112.35116093279936,112.35116093279936,112.35116093279936,705356,3357706,59751999,0.0005880736128945781,55.87959324965229,4.721629331758185,13.466457918881725
Sirajganj,BD5088,Moulvibazar,BD6058,False,234.6336135327996,234.6336135327996,234.6336135327996,234.6336135327996,2123447,3357706,132040155,0.0003829149252597924,38.571006116045865,5.4580252061467105,14.568551269629545
Sirajganj,BD5088,Munshiganj,BD3059,False,127.17034347006373,127.17034347006373,127.17034347006373,127.17034347006373,1625416,3357706,70190848,0.0009871100468453028,100.50619739088712,4.845527474902356,14.301274340983566
Sirajganj,BD5088,Mymensingh,BD4561,False,90.54565558256145,90.54565558256145,90.54565558256145,90.54565558256145,5899005,3357706,21440577,0.026019551741597296,719.5210918131053,4.5058542050730965,15.590294250586142
Sirajganj,BD5088,Naogaon,BD5064,False,102.65406495726748,102.65406495726748,102.65406495726748,102.65406495726748,2784599,3357706,53771406,0.0027316285037126274,264.2471791174287,4.631364742849094,14.839614435339252
Sirajganj,BD5088,Narail,BD4065,False,140.28999205673838,140.28999205673838,140.28999205673838,140.28999205673838,788671,3357706,79244271,0.0003844419292961999,40.07213580691017,4.943711652110381,13.57810452934276
Sirajganj,BD5088,Narayanganj,BD3067,False,124.06229384647601,124.06229384647601,124.06229384647601,124.06229384647601,3909138,3357706,63697258,0.0027583795457159573,253.9810934266713,4.820783809189256,15.178827447298536
Sirajganj,BD5088,Narsingdi,BD3068,False,126.6562154542034,126.6562154542034,126.6562154542034,126.6562154542034,2584452,3357706,67606396,0.0016626402395539318,161.10738803059823,4.841476451076141,14.765024051188075
Sirajganj,BD5088,Natore,BD5069,False,51.950978742225224,51.950978742225224,51.950978742225224,51.950978742225224,1859922,3357706,6947232,0.0498178407307768,689.1396905912814,3.950300557449097,14.436045109326196
Sirajganj,BD5088,Netrakona,BD4572,False,136.6489202076989,136.6489202076989,136.6489202076989,136.6489202076989,2324853,3357706,75083890,0.0012321419786679296,124.50393829281056,4.917415010459936,14.659167369198306
Sirajganj,BD5088,Nilphamari,BD5573,False,193.69573562145095,193.69573562145095,193.69573562145095,193.69573562145095,2092568,3357706,117013503,0.00047664163340211296,55.77498482503733,5.2662885547934835,14.553902577830893
Sirajganj,BD5088,Noakhali,BD2075,False,244.55980672159023,244.55980672159023,244.55980672159023,244.55980672159023,3625442,3357706,135812498,0.0006125512057028948,60.616491640209766,5.499459887271465,15.103486769872411
Sirajganj,BD5088,Pabna,BD5076,False,43.46077310453034,43.46077310453034,43.46077310453034,43.46077310453034,2909624,3357706,4037608,0.12819690352095472,1540.4300259935137,3.771858763545589,14.8835344211774
Sirajganj,BD5088,Panchagarh,BD5577,False,234.35803694016903,234.35803694016903,234.35803694016903,234.35803694016903,1179843,3357706,130860312,0.00021799386036155371,21.481495711662525,5.456850018383481,13.98089193674234
Sirajganj,BD5088,Patuakhali,BD1078,False,257.970674162802,257.970674162802,257.970674162802,257.970674162802,1727254,3357706,146238112,0.0002561971366998654,25.954671101313476,5.552845912425493,14.362043422168306
Sirajganj,BD5088,Pirojpur,BD1079,False,210.4448957125147,210.4448957125147,210.4448957125147,210.4448957125147,1198195,3357706,121044019,0.00025748646472452375,27.055197585361224,5.349223840764755,13.996326815697198
Sirajganj,BD5088,Rajbari,BD3082,False,73.932268159962,73.932268159962,73.932268159962,73.932268159962,1189818,3357706,16599214,0.009466431585398017,217.67696553566606,4.3031493789301525,13.989310912214547
Sirajganj,BD5088,Rajshahi,BD5081,False,96.35322702226455,96.35322702226455,96.35322702226455,96.35322702226455,2915009,3357706,48294164,0.003472701085158591,313.9838938836865,4.568020887005938,14.885383465240523
Sirajganj,BD5088,Rangamati,BD2084,False,323.56911128076734,323.56911128076734,323.56911128076734,323.56911128076734,647586,3357706,157848950,8.333607894175593e-05,6.18533660899205,5.779412727231485,13.381006882269048
Sirajganj,BD5088,Rangpur,BD5585,False,144.59632263992341,144.59632263992341,144.59632263992341,144.59632263992341,3169614,3357706,81325969,0.0014305113944712913,151.59744440715335,4.97394587814211,14.9691203718778
Sirajganj,BD5088,Satkhira,BD4087,False,228.3752293457028,228.3752293457028,228.3752293457028,228.3752293457028,2196582,3357706,128663730,0.00041623137492428485,42.11622405475206,5.430990018948144,14.602413073820426
Sirajganj,BD5088,Shariatpur,BD3086,False,151.51266675813474,151.51266675813474,151.51266675813474,151.51266675813474,1294562,3357706,88866784,0.0005039868018476008,56.392970326172694,5.020669230418975,14.073682971966935
Sirajganj,BD5088,Sherpur,BD4589,False,90.5358984445004,90.5358984445004,90.5358984445004,90.5358984445004,1501853,3357706,19938724,0.00872889174475312,183.2254491398911,4.505746439949002,14.22221023700936
Sirajganj,BD5088,Sirajganj,BD5088,True,0.0,29.19762415771254,1.0,25.609114747784428,3357706,3357706,0,0.5,3938.6522595431347,3.374087341502069,15.026768560672359
Sirajganj,BD5088,Sunamganj,BD6090,False,186.65356594039503,186.65356594039503,186.65356594039503,186.65356594039503,2695496,3357706,110319155,0.0006841627976335716,77.36884418475147,5.229254310136011,14.80709278991802
Sirajganj,BD5088,Sylhet,BD6091,False,248.31592725062598,248.31592725062598,248.31592725062598,248.31592725062598,3857123,3357706,139437940,0.0006184447713106538,62.553891891097955,5.514701835646701,15.16543212675189
Sirajganj,BD5088,Tangail,BD3093,False,40.595364210131386,40.595364210131386,40.595364210131386,40.595364210131386,4037608,3357706,0,0.5459684335242561,2450.0292426361257,3.703653878071956,15.2111629953813
Sirajganj,BD5088,Thakurgaon,BD5594,False,218.01851175945347,218.01851175945347,218.01851175945347,218.01851175945347,1533895,3357706,125516759,0.0003064544907377846,32.27073747405164,5.38457997551167,14.243320810065981
Sunamganj,BD6090,Bagerhat,BD4001,False,329.1715850912865,329.1715850912865,329.1715850912865,329.1715850912865,1613076,2695496,151725172,0.0001804552680888569,14.887101591994519,5.796579150045014,14.293653473170336
Sunamganj,BD6090,Bandarban,BD2003,False,363.36278656844064,363.36278656844064,363.36278656844064,363.36278656844064,481106,2695496,159158746,4.935626442300183e-05,3.643844860705483,5.895401747219412,13.08384289902944
Sunamganj,BD6090,Barguna,BD1004,False,335.20657120035344,335.20657120035344,335.20657120035344,335.20657120035344,1010531,2695496,153338248,0.00011115978399463298,8.99341415368136,5.8147469722354455,13.825986493237492
Sunamganj,BD6090,Barishal,BD1006,False,257.6277523497016,257.6277523497016,257.6277523497016,257.6277523497016,2570446,2695496,108849690,0.0005443161303842136,38.72783287453417,5.55151572270407,14.759589982670962
Sunamganj,BD6090,Bhola,BD1009,False,296.07775934728744,296.07775934728744,296.07775934728744,296.07775934728744,1932518,2695496,139241795,0.00025509154273838656,22.04509510908609,5.690622120321919,14.474334373759973
Sunamganj,BD6090,Bogura,BD5010,False,198.84806588681866,198.84806588681866,198.84806588681866,198.84806588681866,3734297,2695496,77948947,0.0014792448463284483,94.44220395736471,5.292541045113154,15.133070139288687
Sunamganj,BD6090,Brahmanbaria,BD2012,False,112.76746442492116,112.76746442492116,112.76746442492116,112.76746442492116,3306563,2695496,19830940,0.015316099556313608,260.0214470525007,4.725327861509029,15.011419839295048
Sunamganj,BD6090,Chandpur,BD2013,False,194.12082377593586,194.12082377593586,194.12082377593586,194.12082377593586,2635748,2695496,75313199,0.001129341059269437,69.94547670279323,5.268480768170789,14.784677570641602
Sunamganj,BD6090,Chapainawabganj,BD5070,False,312.0022107129114,312.0022107129114,312.0022107129114,312.0022107129114,1835528,2695496,145448652,0.00022268081074017953,18.855830750481445,5.743010273402685,14.422842736501666
Sunamganj,BD6090,Chattogram,BD2015,False,281.8844249466026,281.8844249466026,281.8844249466026,281.8844249466026,9169465,2695496,127471760,0.0013627473712995936,115.39894448770697,5.6414971463156105,16.031389500109725
Sunamganj,BD6090,Chuadanga,BD4018,False,293.24363963131003,293.24363963131003,293.24363963131003,293.24363963131003,1234054,2695496,137302385,0.000168235825740863,14.350828080466114,5.6810037980615755,14.025815242619684
Sunamganj,BD6090,Cox's Bazar,BD2022,False,391.09267962156844,391.09267962156844,391.09267962156844,391.09267962156844,2823268,2695496,159639852,0.00028384187442428136,18.458343838777967,5.968944564177879,14.853405637196515
Sunamganj,BD6090,Cumilla,BD2019,False,169.95495145384245,169.95495145384245,169.95495145384245,169.95495145384245,6212216,2695496,57668443,0.0041666685865168855,215.0695390090917,5.135533410485839,15.642028234056378
Sunamganj,BD6090,Dhaka,BD3026,False,169.42622641456177,169.42622641456177,169.42622641456177,169.42622641456177,14734701,2695496,42933742,0.014419799819501023,513.3103858032653,5.132417589683077,16.50571588212586
Sunamganj,BD6090,Dinajpur,BD5527,False,268.5354531308925,268.5354531308925,268.5354531308925,268.5354531308925,3315236,2695496,116354427,0.0006134317405198457,45.973883131634615,5.592982946688052,15.014039370621646
Sunamganj,BD6090,Faridpur,BD3029,False,222.94294697311005,222.94294697311005,222.94294697311005,222.94294697311005,2162879,2695496,88250445,0.0006884886292709013,43.515577238681004,5.406915895556762,14.586950762547518
Sunamganj,BD6090,Feni,BD2030,False,215.72781758837624,215.72781758837624,215.72781758837624,215.72781758837624,1648896,2695496,83691925,0.0005844126147871452,35.430800496479854,5.37401750932832,14.315616531026453
Sunamganj,BD6090,Gaibandha,BD5532,False,189.54730222488476,189.54730222488476,189.54730222488476,189.54730222488476,2562233,2695496,70421806,0.0012481267736032988,71.31541357333442,5.244638609336053,14.756389701878161
Sunamganj,BD6090,Gazipur,BD3033,False,130.52458770339425,130.52458770339425,130.52458770339425,130.52458770339425,5263450,2695496,27223808,0.01347807520110111,308.94832261221285,4.871561620535789,15.476297263245858
Sunamganj,BD6090,Gopalganj,BD3035,False,251.24819994668158,251.24819994668158,251.24819994668158,251.24819994668158,1295057,2695496,105873932,0.0002926595505840294,20.515540613979635,5.526441294956304,14.07406526759114
Sunamganj,BD6090,Habiganj,BD6036,False,64.00453142442187,64.00453142442187,64.00453142442187,64.00453142442187,2358886,2695496,2324853,0.17163284217877112,575.8183595390634,4.158953884359813,14.673700031660417
Sunamganj,BD6090,Jamalpur,BD4539,False,151.24553699336903,151.24553699336903,151.24553699336903,151.24553699336903,2499738,2695496,36524866,0.0041179042614863295,109.27714898062706,5.018904588993739,14.731696484346525
Sunamganj,BD6090,Jashore,BD4041,False,301.4881305137424,301.4881305137424,301.4881305137424,301.4881305137424,3076144,2695496,142372508,0.0003858239804235576,33.84279507137009,5.708730647278672,14.939187422556142
Sunamganj,BD6090,Jhalokati,BD1042,False,288.4189372152374,288.4189372152374,288.4189372152374,288.4189372152374,661160,2695496,136641225,9.136044669107136e-05,7.94802137847734,5.664414066276007,13.40175114703129
Sunamganj,BD6090,Jhenaidah,BD4044,False,280.05155308774937,280.05155308774937,280.05155308774937,280.05155308774937,2005849,2695496,125465911,0.0003240991646155513,25.57539001843469,5.634973704392113,14.511577970493308
Sunamganj,BD6090,Joypurhat,BD5038,False,228.68322968146813,228.68322968146813,228.68322968146813,228.68322968146813,956431,2695496,96065783,0.0002617781135613144,18.28879154585195,5.432337769443968,13.770963927257238
Sunamganj,BD6090,Khagrachhari,BD2046,False,206.66139580411865,206.66139580411865,206.66139580411865,206.66139580411865,714119,2695496,81683244,0.0002680915516752065,16.72060053801102,5.331081684872172,13.478804894101042
Sunamganj,BD6090,Khulna,BD4047,False,335.6086184711612,335.6086184711612,335.6086184711612,335.6086184711612,2613385,2695496,154348779,0.00028095076371849087,23.20262836328799,5.815945655047456,14.776156873871212
Sunamganj,BD6090,Kishoreganj,BD3048,False,74.66146898975788,74.66146898975788,74.66146898975788,74.66146898975788,3267626,2695496,8540862,0.05404532775781274,586.191183039413,4.3129641490196065,14.999574285328466
Sunamganj,BD6090,Kurigram,BD5549,False,191.14242714068683,191.14242714068683,191.14242714068683,191.14242714068683,2329160,2695496,72984039,0.0010634487060412993,63.750725319457246,5.2530188419926676,14.66101824551926
Sunamganj,BD6090,Kushtia,BD4050,False,260.9811827750881,260.9811827750881,260.9811827750881,260.9811827750881,2149692,2695496,111420136,0.0004367365970990097,31.561515607468348,5.564448308076433,14.580835134027797
Sunamganj,BD6090,Lakshmipur,BD2051,False,232.98409242940699,232.98409242940699,232.98409242940699,232.98409242940699,1937948,2695496,97022214,0.0005153199536815663,35.70175625836833,5.450970178399841,14.477140239287523
Sunamganj,BD6090,Lalmonirhat,BD5552,False,245.94759081027235,245.94759081027235,245.94759081027235,245.94759081027235,1428406,2695496,100820084,0.0003544272311914899,23.613834778526485,5.505118467748251,14.172069695197669
Sunamganj,BD6090,Madaripur,BD3054,False,225.77146806693744,225.77146806693744,225.77146806693744,225.77146806693744,1293027,2695496,91603142,0.00038665251469174715,25.36702165463513,5.419523284417722,14.07249653920651
Sunamganj,BD6090,Magura,BD4055,False,255.4777912603572,255.4777912603572,255.4777912603572,255.4777912603572,1033115,2695496,107816575,0.0002259055024030551,15.828594799006467,5.543135483205716,13.848089068139739
Sunamganj,BD6090,Manikganj,BD3056,False,186.58431772819802,186.58431772819802,186.58431772819802,186.58431772819802,1558025,2695496,65506075,0.0008827033572238413,44.753205171720396,5.228883242696067,14.258929551497186
Sunamganj,BD6090,Meherpur,BD4057,False,296.0336527316301,296.0336527316301,296.0336527316301,296.0336527316301,705356,2695496,138536439,9.484569760926422e-05,8.048708468286199,5.690473139522566,13.466457918881725
Sunamganj,BD6090,Moulvibazar,BD6058,False,76.82870825635847,76.82870825635847,76.82870825635847,76.82870825635847,2123447,2695496,11808488,0.02373382037308851,359.7446658132623,4.34157837572712,14.568551269629545
Sunamganj,BD6090,Munshiganj,BD3059,False,183.16102577775047,183.16102577775047,183.16102577775047,183.16102577775047,1625416,2695496,63880659,0.000964917391255798,48.45051484249843,5.210365688219546,14.301274340983566
Sunamganj,BD6090,Mymensingh,BD4561,False,96.34496059917323,96.34496059917323,96.34496059917323,96.34496059917323,5899005,2695496,13931935,0.04245216231097068,635.5076127714372,4.567935090422187,15.590294250586142
Sunamganj,BD6090,Naogaon,BD5064,False,261.66689791100663,261.66689791100663,261.66689791100663,261.66689791100663,2784599,2695496,113569828,0.0005422780547373855,40.66914958778896,5.5670723128502395,14.839614435339252
Sunamganj,BD6090,Narail,BD4065,False,269.43209872870557,269.43209872870557,269.43209872870557,269.43209872870557,788671,2695496,119669663,0.00014106811460889743,10.864186285057421,5.596316405834439,13.57810452934276
Sunamganj,BD6090,Narayanganj,BD3067,False,155.94272291428362,155.94272291428362,155.94272291428362,155.94272291428362,3909138,2695496,39024604,0.005535172206424405,160.74992382598535,5.049488779023631,15.178827447298536
Sunamganj,BD6090,Narsingdi,BD3068,False,119.16154414385869,119.16154414385869,119.16154414385869,119.16154414385869,2584452,2695496,23137503,0.009489584893496588,182.0104091393707,4.780480086336637,14.765024051188075
Sunamganj,BD6090,Natore,BD5069,False,236.58413852490293,236.58413852490293,236.58413852490293,236.58413852490293,1859922,2695496,98960162,0.0004764267605740279,33.229475195070194,5.466303910095465,14.436045109326196
Sunamganj,BD6090,Netrakona,BD4572,False,51.12923694834422,51.12923694834422,51.12923694834422,51.12923694834422,2324853,2695496,0,0.463085932870404,889.317574826238,3.9343564852243227,14.659167369198306
Sunamganj,BD6090,Nilphamari,BD5573,False,270.9590709329469,270.9590709329469,270.9590709329469,270.9590709329469,2092568,2695496,120458334,0.00036568328028337567,28.501793594057585,5.601967779705833,14.553902577830893
Sunamganj,BD6090,Noakhali,BD2075,False,250.6322344123325,250.6322344123325,250.6322344123325,250.6322344123325,3625442,2695496,102248490,0.0008576982974186311,57.714788679559796,5.5239866631298495,15.103486769872411
Sunamganj,BD6090,Pabna,BD5076,False,221.47794078036875,221.47794078036875,221.47794078036875,221.47794078036875,2909624,2695496,85340821,0.0009795584956938223,59.316554507882145,5.400322994369413,14.8835344211774
Sunamganj,BD6090,Panchagarh,BD5577,False,315.57283330927385,315.57283330927385,315.57283330927385,315.57283330927385,1179843,2695496,147284180,0.00014027975527105825,11.84745320664645,5.754389505764999,13.98089193674234
Sunamganj,BD6090,Patuakhali,BD1078,False,320.4124422582737,320.4124422582737,320.4124422582737,320.4124422582737,1727254,2695496,148464023,0.00020146030330193826,16.824317772308493,5.769609047955414,14.362043422168306
Sunamganj,BD6090,Pirojpur,BD1079,False,300.767153653828,300.767153653828,300.767153653828,300.767153653828,1198195,2695496,141174313,0.00015474794555951656,13.245449198622396,5.706336389483738,13.996326815697198
Sunamganj,BD6090,Rajbari,BD3082,False,225.42624765770117,225.42624765770117,225.42624765770117,225.42624765770117,1189818,2695496,90413324,0.00036527755207697583,23.413782017468762,5.417993044061577,13.989310912214547
Sunamganj,BD6090,Rajshahi,BD5081,False,277.23415982164244,277.23415982164244,277.23415982164244,277.23415982164244,2915009,2695496,122550902,0.0004895038144098806,37.92681882040787,5.624862491403155,14.885383465240523
Sunamganj,BD6090,Rangamati,BD2084,False,252.94365855949607,252.94365855949607,252.94365855949607,252.94365855949607,647586,2695496,107168989,0.0001437702741999268,10.121616064672146,5.533166770486927,13.381006882269048
Sunamganj,BD6090,Rangpur,BD5585,False,226.31225931075446,226.31225931075446,226.31225931075446,226.31225931075446,3169614,2695496,92896169,0.0009049786559056763,61.885686920342955,5.421915723999216,14.9691203718778
Sunamganj,BD6090,Satkhira,BD4087,False,362.5156359854593,362.5156359854593,362.5156359854593,362.5156359854593,2196582,2695496,156962164,0.00022912488822514674,16.714520950174194,5.893067607117487,14.602413073820426
Sunamganj,BD6090,Shariatpur,BD3086,False,210.76626089159737,210.76626089159737,210.76626089159737,210.76626089159737,1294562,2695496,82397363,0.00047469856850420363,29.142088505940823,5.3507497511610005,14.073682971966935
Sunamganj,BD6090,Sherpur,BD4589,False,129.12578216515914,129.12578216515914,129.12578216515914,129.12578216515914,1501853,2695496,25721955,0.004761343474153851,90.07442448382827,4.860786984847665,14.22221023700936
Sunamganj,BD6090,Sirajganj,BD5088,False,186.65356594039503,186.65356594039503,186.65356594039503,186.65356594039503,3357706,2695496,67064100,0.0017744233503966425,96.37626334159097,5.229254310136011,15.026768560672359
Sunamganj,BD6090,Sunamganj,BD6090,True,0.0,32.37777222356877,1.0,31.2301833385535,2695496,2695496,0,0.5,2571.2527234407326,3.4774721448810095,14.80709278991802
Sunamganj,BD6090,Sylhet,BD6091,False,64.70022767660878,64.70022767660878,64.70022767660878,64.70022767660878,3857123,2695496,4683739,0.1253906839054078,921.4077705048129,4.169764720459068,15.16543212675189
Sunamganj,BD6090,Tangail,BD3093,False,150.78438231895126,150.78438231895126,150.78438231895126,150.78438231895126,4037608,2695496,32487258,0.0078871738618866,177.58710590009431,5.0158508846863805,15.2111629953813
Sunamganj,BD6090,Thakurgaon,BD5594,False,323.1289310294593,323.1289310294593,323.1289310294593,323.1289310294593,1533895,2695496,150191277,0.0001751293688899803,14.690749182356797,5.778051410850462,14.243320810065981
Sylhet,BD6091,Bagerhat,BD4001,False,364.3777943372885,364.3777943372885,364.3777943372885,364.3777943372885,1613076,3857123,147505916,0.00026870444572663034,12.149293516662885,5.898191225925543,14.293653473170336
Sylhet,BD6091,Bandarban,BD2003,False,348.1770575979111,348.1770575979111,348.1770575979111,348.1770575979111,481106,3857123,140998725,8.81438822108017e-05,3.96862872556621,5.852711136587555,13.08384289902944
Sylhet,BD6091,Barguna,BD1004,False,362.81835566135254,362.81835566135254,362.81835566135254,362.81835566135254,1010531,3857123,146495385,0.00017127051893965392,7.676639378306281,5.893902311397048,13.825986493237492
Sylhet,BD6091,Barishal,BD1006,False,287.97563001620273,287.97563001620273,287.97563001620273,287.97563001620273,2570446,3857123,107114983,0.0007868636691407499,30.995383237083267,5.662875858556345,14.759589982670962
Sylhet,BD6091,Bhola,BD1009,False,314.39173036733814,314.39173036733814,314.39173036733814,314.39173036733814,1932518,3857123,119427974,0.00048284865643021647,19.551555708494668,5.7506397573062555,14.474334373759973
Sylhet,BD6091,Bogura,BD5010,False,263.3613531201564,263.3613531201564,263.3613531201564,263.3613531201564,3734297,3857123,86655873,0.001688466772697497,53.839964636814464,5.573527055386185,15.133070139288687
Sylhet,BD6091,Brahmanbaria,BD2012,False,141.12137485848203,141.12137485848203,141.12137485848203,141.12137485848203,3306563,3857123,12770308,0.03847873735089342,166.031772379294,4.949620334688929,15.011419839295048
Sylhet,BD6091,Chandpur,BD2013,False,220.7402054895729,220.7402054895729,220.7402054895729,220.7402054895729,2635748,3857123,63433151,0.0021606093679196864,54.0929915975254,5.396986469256568,14.784677570641602
Sylhet,BD6091,Chapainawabganj,BD5070,False,376.43939661877465,376.43939661877465,376.43939661877465,376.43939661877465,1835528,3857123,152912220,0.0002847389261539479,12.953015241780326,5.93075706912769,14.422842736501666
Sylhet,BD6091,Chattogram,BD2015,False,275.7540813077509,275.7540813077509,275.7540813077509,275.7540813077509,9169465,3857123,93846076,0.0033871315697834854,120.58689128284047,5.619509458777485,16.031389500109725
Sylhet,BD6091,Chuadanga,BD4018,False,350.02296807658774,350.02296807658774,350.02296807658774,350.02296807658774,1234054,3857123,141479831,0.00022344648326825606,10.072588172267572,5.857998775406324,14.025815242619684
Sylhet,BD6091,Cox's Bazar,BD2022,False,382.0820038849625,382.0820038849625,382.0820038849625,382.0820038849625,2823268,3857123,154747748,0.00042532394447912183,19.33921938223974,5.9456352554242216,14.853405637196515
Sylhet,BD6091,Cumilla,BD2019,False,191.1046838733199,191.1046838733199,191.1046838733199,191.1046838733199,6212216,3857123,29823778,0.01783316240309687,170.0998320491098,5.252821361010329,15.642028234056378
Sylhet,BD6091,Dhaka,BD3026,False,216.32237883963853,216.32237883963853,216.32237883963853,216.32237883963853,14734701,3857123,48698450,0.016070661133125462,314.8751788979004,5.376769789648972,16.50571588212586
Sylhet,BD6091,Dinajpur,BD5527,False,331.3564045156272,331.3564045156272,331.3564045156272,331.3564045156272,3315236,3857123,129837182,0.000698094503779805,30.19421279833,5.803194546899206,15.014039370621646
Sylhet,BD6091,Faridpur,BD3029,False,270.418471221087,270.418471221087,270.418471221087,270.418471221087,2162879,3857123,91683197,0.0008937174487739022,29.577367501160165,5.599970652564609,14.586950762547518
Sylhet,BD6091,Feni,BD2030,False,221.31870729493423,221.31870729493423,221.31870729493423,221.31870729493423,1648896,3857123,66068899,0.0012707410838318205,33.66332536872387,5.399603777126055,14.315616531026453
Sylhet,BD6091,Gaibandha,BD5532,False,253.38903693393783,253.38903693393783,253.38903693393783,253.38903693393783,2562233,3857123,80468198,0.001348858938260574,39.90643925560675,5.534926003075589,14.756389701878161
Sylhet,BD6091,Gazipur,BD3033,False,180.7756153973612,180.7756153973612,180.7756153973612,180.7756153973612,5263450,3857123,24560328,0.021211196604160962,161.0611532474665,5.197256568272404,15.476297263245858
Sylhet,BD6091,Gopalganj,BD3035,False,292.63700820875914,292.63700820875914,292.63700820875914,292.63700820875914,1295057,3857123,112855043,0.00036268337840573577,15.122736583039073,5.678932961137449,14.07406526759114
Sylhet,BD6091,Habiganj,BD6036,False,83.21467933843996,83.21467933843996,83.21467933843996,83.21467933843996,2358886,3857123,4818943,0.09503359222200004,340.648958021147,4.421423766620702,14.673700031660417
Sylhet,BD6091,Jamalpur,BD4539,False,215.94576466355468,215.94576466355468,215.94576466355468,215.94576466355468,2499738,3857123,46198712,0.0036650887430070625,53.604976615770276,5.3750272866353335,14.731696484346525
Sylhet,BD6091,Jashore,BD4041,False,350.70671292304604,350.70671292304604,350.70671292304604,350.70671292304604,3076144,3857123,142713885,0.0005409456334094432,25.010277131004546,5.859950298460074,14.939187422556142
Sylhet,BD6091,Jhalokati,BD1042,False,318.9914359364468,318.9914359364468,318.9914359364468,318.9914359364468,661160,3857123,122149163,0.00015977647457373522,6.4975334481587295,5.765164255830258,13.40175114703129
Sylhet,BD6091,Jhenaidah,BD4044,False,334.31970989572596,334.31970989572596,334.31970989572596,334.31970989572596,2005849,3857123,134350613,0.0003992448091361167,17.946273155048637,5.812097750394985,14.511577970493308
Sylhet,BD6091,Joypurhat,BD5038,False,293.31398063948626,293.31398063948626,293.31398063948626,293.31398063948626,956431,3857123,114150100,0.00026278117291777885,11.117013072884859,5.68124364153503,13.770963927257238
Sylhet,BD6091,Khagrachhari,BD2046,False,195.16720788631486,195.16720788631486,195.16720788631486,195.16720788631486,714119,3857123,41446985,0.0013211940539928952,18.748083973953005,5.273856667481009,13.478804894101042
Sylhet,BD6091,Khulna,BD4047,False,375.44468855267263,375.44468855267263,375.44468855267263,375.44468855267263,2613385,3857123,150298835,0.0004171050323364076,18.540074060187898,5.928111159562545,14.776156873871212
Sylhet,BD6091,Kishoreganj,BD3048,False,121.64793130024967,121.64793130024967,121.64793130024967,121.64793130024967,3267626,3857123,9502682,0.05673754730444805,220.8121097631642,4.801131063743794,14.999574285328466
Sylhet,BD6091,Kurigram,BD5549,False,249.97676505808042,249.97676505808042,249.97676505808042,249.97676505808042,2329160,3857123,76201090,0.0013620600793627785,37.273488056680144,5.5213679737754005,14.66101824551926
Sylhet,BD6091,Kushtia,BD4050,False,320.0109086807633,320.0109086807633,320.0109086807633,320.0109086807633,2149692,3857123,122810323,0.0005081606929817322,20.991654717730487,5.7683550848401195,14.580835134027797
Sylhet,BD6091,Lakshmipur,BD2051,False,253.08628754029033,253.08628754029033,253.08628754029033,253.08628754029033,1937948,3857123,78530250,0.0010759372654670519,30.25553863785598,5.533730488052145,14.477140239287523
Sylhet,BD6091,Lalmonirhat,BD5552,False,304.0508026932578,304.0508026932578,304.0508026932578,304.0508026932578,1428406,3857123,116966453,0.00037299890764038953,15.45109835976979,5.71719480156677,14.172069695197669
Sylhet,BD6091,Madaripur,BD3054,False,264.5857085757278,264.5857085757278,264.5857085757278,264.5857085757278,1293027,3857123,90390170,0.0005538797725983584,18.47033740214793,5.578165238792585,14.07249653920651
Sylhet,BD6091,Magura,BD4055,False,306.64201967695107,306.64201967695107,306.64201967695107,306.64201967695107,1033115,3857123,118394859,0.0002643903900236815,10.987157086306283,5.725681007526447,13.848089068139739
Sylhet,BD6091,Manikganj,BD3056,False,238.50727468995046,238.50727468995046,238.50727468995046,238.50727468995046,1558025,3857123,69990797,0.0010791804169612519,27.388683799873718,5.4743998117078805,14.258929551497186
Sylhet,BD6091,Meherpur,BD4057,False,355.0345119280579,355.0345119280579,355.0345119280579,355.0345119280579,705356,3857123,145790029,0.00012091849145261181,5.595864909605365,5.872215001448933,13.466457918881725
Sylhet,BD6091,Moulvibazar,BD6058,False,49.330641857932854,49.330641857932854,49.330641857932854,49.330641857932854,2123447,3857123,0,0.355057628286267,872.5853016935272,3.898545426673928,14.568551269629545
Sylhet,BD6091,Munshiganj,BD3059,False,222.15891067211157,222.15891067211157,222.15891067211157,222.15891067211157,1625416,3857123,67717795,0.001196614047789238,32.93343692930358,5.4033929396380875,14.301274340983566
Sylhet,BD6091,Mymensingh,BD4561,False,159.21838693170974,159.21838693170974,159.21838693170974,159.21838693170974,5899005,3857123,16076871,0.04418482123658925,232.69782547315015,5.070276762543353,15.590294250586142
Sylhet,BD6091,Naogaon,BD5064,False,326.32986952224695,326.32986952224695,326.32986952224695,326.32986952224695,2784599,3857123,124960015,0.0006335645712884187,26.148634113559226,5.787908739471789,14.839614435339252
Sylhet,BD6091,Narail,BD4065,False,315.1779888208251,315.1779888208251,315.1779888208251,315.1779888208251,788671,3857123,121360492,0.0001927976435550363,7.939334718087292,5.753137523124087,13.57810452934276
Sylhet,BD6091,Narayanganj,BD3067,False,195.13409853716104,195.13409853716104,195.13409853716104,195.13409853716104,3909138,3857123,37537847,0.008040060825593566,102.66316979148333,5.273687007022853,15.178827447298536
Sylhet,BD6091,Narsingdi,BD3068,False,159.67322432522747,159.67322432522747,159.67322432522747,159.67322432522747,2584452,3857123,21975876,0.013579132060725833,101.36879412324046,5.0731293788298615,14.765024051188075
Sylhet,BD6091,Natore,BD5069,False,299.18286400842584,299.18286400842584,299.18286400842584,299.18286400842584,1859922,3857123,115106531,0.0004991053662171142,20.7788400955365,5.701054971761067,14.436045109326196
Sylhet,BD6091,Netrakona,BD4572,False,115.38206666420618,115.38206666420618,115.38206666420618,115.38206666420618,2324853,3857123,7177829,0.06082588246994542,174.63000668787103,4.748248940474588,14.659167369198306
Sylhet,BD6091,Nilphamari,BD5573,False,330.6452576647703,330.6452576647703,330.6452576647703,330.6452576647703,2092568,3857123,127744614,0.0004587420368662016,19.140575140672457,5.801046071555305,14.553902577830893
Sylhet,BD6091,Noakhali,BD2075,False,262.5658304521747,262.5658304521747,262.5658304521747,262.5658304521747,3625442,3857123,83030431,0.0017780990019036532,52.587744765089056,5.570501833265911,15.103486769872411
Sylhet,BD6091,Pabna,BD5076,False,280.3578952853202,280.3578952853202,280.3578952853202,280.3578952853202,2909624,3857123,104205359,0.0009358615235965718,37.017858277120254,5.636066984417899,14.8835344211774
Sylhet,BD6091,Panchagarh,BD5577,False,374.3106018957759,374.3106018957759,374.3106018957759,374.3106018957759,1179843,3857123,149118992,0.0001929762073227528,8.420928190116639,5.925085939103895,13.98089193674234
Sylhet,BD6091,Patuakhali,BD1078,False,343.8647759311246,343.8647759311246,343.8647759311246,343.8647759311246,1727254,3857123,139271471,0.0003213344271228132,14.607665839666732,5.840248486868529,14.362043422168306
Sylhet,BD6091,Pirojpur,BD1079,False,333.9975374601468,333.9975374601468,333.9975374601468,333.9975374601468,1198195,3857123,133152418,0.00024406630547651458,10.740907422966718,5.811133620075709,13.996326815697198
Sylhet,BD6091,Rajbari,BD3082,False,279.22232320749595,279.22232320749595,279.22232320749595,279.22232320749595,1189818,3857123,103015541,0.0003973767465424106,15.260904069022999,5.632008321873628,13.989310912214547
Sylhet,BD6091,Rajshahi,BD5081,False,340.7596087424182,340.7596087424182,340.7596087424182,340.7596087424182,2915009,3857123,136356462,0.000560256481704767,25.104043462190717,5.831177268982931,14.885383465240523
Sylhet,BD6091,Rangamati,BD2084,False,234.20533574494598,234.20533574494598,234.20533574494598,234.20533574494598,647586,3857123,69343211,0.0004620719541541983,11.8060299628368,5.456198233760394,13.381006882269048
Sylhet,BD6091,Rangpur,BD5585,False,288.22016240280834,288.22016240280834,288.22016240280834,288.22016240280834,3169614,3857123,109685429,0.0009225609852873433,38.15554483362099,5.66372464087827,14.9691203718778
Sylhet,BD6091,Satkhira,BD4087,False,404.797384181316,404.797384181316,404.797384181316,404.797384181316,2196582,3857123,159104911,0.0003147916740920055,13.405160730038366,6.003386655949699,14.602413073820426
Sylhet,BD6091,Shariatpur,BD3086,False,245.4566326167065,245.4566326167065,245.4566326167065,245.4566326167065,1294562,3857123,71548822,0.0008633413089718497,21.48687765442428,5.503120282411146,14.073682971966935
Sylhet,BD6091,Sherpur,BD4589,False,193.6197106159402,193.6197106159402,193.6197106159402,193.6197106159402,1501853,3857123,36035994,0.0035078851979843456,40.061600244124946,5.265895980692834,14.22221023700936
Sylhet,BD6091,Sirajganj,BD5088,False,248.31592725062598,248.31592725062598,248.31592725062598,248.31592725062598,3357706,3857123,72843384,0.0021091235866014294,54.45446726124392,5.514701835646701,15.026768560672359
Sylhet,BD6091,Sunamganj,BD6090,False,64.70022767660878,64.70022767660878,64.70022767660878,64.70022767660878,2695496,3857123,2123447,0.20037187167373788,643.9128230457367,4.169764720459068,14.80709278991802
Sylhet,BD6091,Sylhet,BD6091,True,0.0,31.680117045150826,1.0,30.03989395302804,3857123,3857123,0,0.5,3843.172989214289,3.455689261546434,15.16543212675189
Sylhet,BD6091,Tangail,BD3093,False,210.52236774059733,210.52236774059733,210.52236774059733,210.52236774059733,4037608,3857123,42161104,0.006760877204846176,91.1019473799003,5.34959190752758,15.2111629953813
Sylhet,BD6091,Thakurgaon,BD5594,False,384.53367884353395,384.53367884353395,384.53367884353395,384.53367884353395,1533895,3857123,157571016,0.00022490206516962623,10.37353713672106,5.9520313763803765,14.243320810065981
Tangail,BD3093,Bagerhat,BD4001,False,222.4684601598088,222.4684601598088,222.4684601598088,222.4684601598088,1613076,4037608,136091765,0.00032790638317127177,32.592519349521076,5.404785339467771,14.293653473170336
Tangail,BD3093,Bandarban,BD2003,False,372.6525143866708,372.6525143866708,372.6525143866708,372.6525143866708,481106,4037608,157816634,7.393119785168577e-05,3.4644369456541297,5.9206463886192315,13.08384289902944
Tangail,BD3093,Barguna,BD1004,False,246.63123424948313,246.63123424948313,246.63123424948313,246.63123424948313,1010531,4037608,145809209,0.00018049276670261349,16.613207452441987,5.507894242277656,13.825986493237492
Tangail,BD3093,Barishal,BD1006,False,175.3023005577045,175.3023005577045,175.3023005577045,175.3023005577045,2570446,4037608,107183985,0.0008200335977507687,83.64370343831658,5.166511915387593,14.759589982670962
Tangail,BD3093,Bhola,BD1009,False,236.86992975118147,236.86992975118147,236.86992975118147,236.86992975118147,1932518,4037608,139901423,0.0003716195307189146,34.443215209273916,5.467511170863253,14.474334373759973
Tangail,BD3093,Bogura,BD5010,False,81.46969781145482,81.46969781145482,81.46969781145482,81.46969781145482,3734297,4037608,37724102,0.007935630769245944,562.6219153858183,4.400231145115411,15.133070139288687
Tangail,BD3093,Brahmanbaria,BD2012,False,118.8555793716962,118.8555793716962,118.8555793716962,118.8555793716962,3306563,4037608,66127543,0.0025897588048875066,234.0656343224544,4.777909137354705,15.011419839295048
Tangail,BD3093,Chandpur,BD2013,False,143.76629455945474,143.76629455945474,143.76629455945474,143.76629455945474,2635748,4037608,84001365,0.001333112627529376,127.52335409793257,4.968189026710519,14.784677570641602
Tangail,BD3093,Chapainawabganj,BD5070,False,179.943385441569,179.943385441569,179.943385441569,179.943385441569,1835528,4037608,109754431,0.0005632638756978974,56.687752625121696,5.19264227609213,14.422842736501666
Tangail,BD3093,Chattogram,BD2015,False,283.44414485988125,283.44414485988125,283.44414485988125,283.44414485988125,9169465,4037608,147999583,0.0015105508270777702,114.13241762082261,5.647015083862239,16.031389500109725
Tangail,BD3093,Chuadanga,BD4018,False,143.4669417182745,143.4669417182745,143.4669417182745,143.4669417182745,1234054,4037608,82767311,0.0006519871140674946,59.95570070240457,4.966104637358908,14.025815242619684
Tangail,BD3093,Cox's Bazar,BD2022,False,383.0773337838332,383.0773337838332,383.0773337838332,383.0773337838332,2823268,4037608,158297740,0.00042516932798656497,19.238853764831347,5.948236884683059,14.853405637196515
Tangail,BD3093,Cumilla,BD2019,False,146.73388075420397,146.73388075420397,146.73388075420397,146.73388075420397,6212216,4037608,89701355,0.002677087917491933,288.5265218224415,4.988620611136538,15.642028234056378
Tangail,BD3093,Dhaka,BD3026,False,68.28780558206927,68.28780558206927,68.28780558206927,68.28780558206927,14734701,4037608,16078186,0.08486318929372541,3159.7666686939106,4.223731208646025,16.50571588212586
Tangail,BD3093,Dinajpur,BD5527,False,186.99496282306356,186.99496282306356,186.99496282306356,186.99496282306356,3315236,4037608,113527907,0.0009418928536682083,94.810106401372,5.231081679716724,15.014039370621646
Tangail,BD3093,Faridpur,BD3029,False,98.89999999279435,98.89999999279435,98.89999999279435,98.89999999279435,2162879,4037608,54269355,0.002476835257415402,221.1259139017735,4.594109238555808,14.586950762547518
Tangail,BD3093,Feni,BD2030,False,208.5459814445422,208.5459814445422,208.5459814445422,208.5459814445422,1648896,4037608,122254351,0.000412033443734916,37.91312765231849,5.340159551430895,14.315616531026453
Tangail,BD3093,Gaibandha,BD5532,False,115.99244759608499,115.99244759608499,115.99244759608499,115.99244759608499,2562233,4037608,62532195,0.002247947443910439,190.440448189415,4.753525082056514,14.756389701878161
Tangail,BD3093,Gazipur,BD3033,False,53.583114426369704,53.583114426369704,53.583114426369704,53.583114426369704,5263450,4037608,3357706,0.22701091128906783,1833.220041457218,3.9812339890858097,15.476297263245858
Tangail,BD3093,Gopalganj,BD3035,False,139.4448458328808,139.4448458328808,139.4448458328808,139.4448458328808,1295057,4037608,77898984,0.0007667373870961853,66.60149083291934,4.937669152708333,14.07406526759114
Tangail,BD3093,Habiganj,BD6036,False,145.03078963638526,145.03078963638526,145.03078963638526,145.03078963638526,2358886,4037608,86637113,0.0011290287935011775,112.14670803042716,4.976946062199033,14.673700031660417
Tangail,BD3093,Jamalpur,BD4539,False,70.29192196970993,70.29192196970993,70.29192196970993,70.29192196970993,2499738,4037608,30812887,0.007753831839669321,505.9221055609598,4.252656884244206,14.731696484346525
Tangail,BD3093,Jashore,BD4041,False,163.91508237799093,163.91508237799093,163.91508237799093,163.91508237799093,3076144,4037608,104107841,0.0010326031719842185,114.49033579138394,5.099348503346364,14.939187422556142
Tangail,BD3093,Jhalokati,BD1042,False,199.21785389172555,199.21785389172555,199.21785389172555,199.21785389172555,661160,4037608,118966590,0.000175494184903492,16.65904327837882,5.294398969104661,13.40175114703129
Tangail,BD3093,Jhenaidah,BD4044,False,133.6863069787787,133.6863069787787,133.6863069787787,133.6863069787787,2005849,4037608,72978126,0.0013307522350362797,112.2339851077038,4.895496062847901,14.511577970493308
Tangail,BD3093,Joypurhat,BD5038,False,123.53004493036133,123.53004493036133,123.53004493036133,123.53004493036133,956431,4037608,69434106,0.0007061881565990816,62.677035257956,4.816484405268897,13.770963927257238
Tangail,BD3093,Khagrachhari,BD2046,False,238.93592593746897,238.93592593746897,238.93592593746897,238.93592593746897,714119,4037608,141833941,0.0001348443130628382,12.508570467271474,5.476195423676497,13.478804894101042
Tangail,BD3093,Khulna,BD4047,False,217.05069377389376,217.05069377389376,217.05069377389376,217.05069377389376,2613385,4037608,129852938,0.0005773411001431761,55.47292132496401,5.380130938118719,14.776156873871212
Tangail,BD3093,Kishoreganj,BD3048,False,95.62339395692577,95.62339395692577,95.62339395692577,95.62339395692577,3267626,4037608,51001729,0.004111145811093576,357.3584328785846,4.560417496783967,14.999574285328466
Tangail,BD3093,Kurigram,BD5549,False,162.55995094288954,162.55995094288954,162.55995094288954,162.55995094288954,2329160,4037608,98609067,0.0008727487823569694,88.13982908632686,5.091046862611587,14.66101824551926
Tangail,BD3093,Kushtia,BD4050,False,110.1968045725323,110.1968045725323,110.1968045725323,110.1968045725323,2149692,4037608,60382503,0.0020239587265093984,177.026481551815,4.702267899678915,14.580835134027797
Tangail,BD3093,Lakshmipur,BD2051,False,184.78583021370508,184.78583021370508,184.78583021370508,184.78583021370508,1937948,4037608,111589959,0.0005756054983639266,56.75508633634738,5.219197479935039,14.477140239287523
Tangail,BD3093,Lalmonirhat,BD5552,False,204.7177527011346,204.7177527011346,204.7177527011346,204.7177527011346,1428406,4037608,120825945,0.00036573323665731986,34.08322291081977,5.321632214364232,14.172069695197669
Tangail,BD3093,Madaripur,BD3054,False,127.6976479486155,127.6976479486155,127.6976479486155,127.6976479486155,1293027,4037608,70390537,0.0009263545169065924,79.29426855918537,4.849665344298905,14.07249653920651
Tangail,BD3093,Magura,BD4055,False,116.64961570974599,116.64961570974599,116.64961570974599,116.64961570974599,1033115,4037608,65094428,0.0008599476377053939,75.92451780626602,4.759174704074923,13.848089068139739
Tangail,BD3093,Manikganj,BD3056,False,57.19065476749141,57.19065476749141,57.19065476749141,57.19065476749141,1558025,4037608,8621156,0.03495471400612889,476.34793247859886,4.046390506847372,14.258929551497186
Tangail,BD3093,Meherpur,BD4057,False,145.25187825762794,145.25187825762794,145.25187825762794,145.25187825762794,705356,4037608,88995999,0.00032656716279639636,33.43219190116294,4.978469326854113,13.466457918881725
Tangail,BD3093,Moulvibazar,BD6058,False,194.55921259279359,194.55921259279359,194.55921259279359,194.55921259279359,2123447,4037608,116843143,0.0005766183974388513,56.09676614121859,5.270736551651981,14.568551269629545
Tangail,BD3093,Munshiganj,BD3059,False,101.68393849466435,101.68393849466435,101.68393849466435,101.68393849466435,1625416,4037608,56432234,0.0017477987039649279,157.20263159759486,4.621869360342933,14.301274340983566
Tangail,BD3093,Mymensingh,BD4561,False,57.836635048078755,57.836635048078755,57.836635048078755,57.836635048078755,5899005,4037608,10179181,0.08328450697781366,1763.4888942077982,4.057622399257731,15.590294250586142
Tangail,BD3093,Naogaon,BD5064,False,139.78018618463318,139.78018618463318,139.78018618463318,139.78018618463318,2784599,4037608,79194041,0.00157042724514317,142.51856262730627,4.9400710900314495,14.839614435339252
Tangail,BD3093,Narail,BD4065,False,142.84420761992584,142.84420761992584,142.84420761992584,142.84420761992584,788671,4037608,81978640,0.0004264765860569498,38.65187828010705,4.961754579166708,13.57810452934276
Tangail,BD3093,Narayanganj,BD3067,False,91.74696062619913,91.74696062619913,91.74696062619913,91.74696062619913,3909138,4037608,45232669,0.006023883926078389,464.40579485775874,4.519034359696051,15.178827447298536
Tangail,BD3093,Narsingdi,BD3068,False,87.88626762131886,87.88626762131886,87.88626762131886,87.88626762131886,2584452,4037608,42648217,0.004536517401884953,334.6003788477508,4.476043565197627,14.765024051188075
Tangail,BD3093,Natore,BD5069,False,92.38844262892817,92.38844262892817,92.38844262892817,92.38844262892817,1859922,4037608,49141807,0.002565677906186977,217.90110808393675,4.526001891051006,14.436045109326196
Tangail,BD3093,Netrakona,BD4572,False,102.89320888630677,102.89320888630677,102.89320888630677,102.89320888630677,2324853,4037608,58057650,0.002346603668540267,219.59481150050365,4.633691643444471,14.659167369198306
Tangail,BD3093,Nilphamari,BD5573,False,214.44122383535898,214.44122383535898,214.44122383535898,214.44122383535898,2092568,4037608,127760370,0.0004787900007323845,45.5054093498217,5.368035686065598,14.553902577830893
Tangail,BD3093,Noakhali,BD2075,False,217.61631331871664,217.61631331871664,217.61631331871664,217.61631331871664,3625442,4037608,132466323,0.0007652631072861422,76.5557938933034,5.382733481467303,15.103486769872411
Tangail,BD3093,Pabna,BD5076,False,70.74391311806714,70.74391311806714,70.74391311806714,70.74391311806714,2909624,4037608,33312625,0.007812598019452029,581.3781599691783,4.2590664991553435,14.8835344211774
Tangail,BD3093,Panchagarh,BD5577,False,257.7945284345989,257.7945284345989,257.7945284345989,257.7945284345989,1179843,4037608,146819740,0.00020769788140219812,17.75320750891393,5.552162866209252,13.98089193674234
Tangail,BD3093,Patuakhali,BD1078,False,244.2352604678734,244.2352604678734,244.2352604678734,244.2352604678734,1727254,4037608,142548060,0.0003207819016172612,28.95606079928131,5.49813194301345,14.362043422168306
Tangail,BD3093,Pirojpur,BD1079,False,202.65498462399256,202.65498462399256,202.65498462399256,202.65498462399256,1198195,4037608,119627750,0.0003133054196304812,29.175138218845106,5.311504949978782,13.996326815697198
Tangail,BD3093,Rajbari,BD3082,False,82.80306387004404,82.80306387004404,82.80306387004404,82.80306387004404,1189818,4037608,41458399,0.00226175920862713,173.53525616033258,4.416465063968012,13.989310912214547
Tangail,BD3093,Rajshahi,BD5081,False,136.94800156754673,136.94800156754673,136.94800156754673,136.94800156754673,2915009,4037608,74983975,0.0018177762732145477,155.42772908921089,4.919601303178715,14.885383465240523
Tangail,BD3093,Rangamati,BD2084,False,287.7885620952135,287.7885620952135,287.7885620952135,287.7885620952135,647586,4037608,157169048,0.0001002108043479284,7.818985229078341,5.6622260511173454,13.381006882269048
Tangail,BD3093,Rangpur,BD5585,False,163.03050365549475,163.03050365549475,163.03050365549475,163.03050365549475,3169614,4037608,100938227,0.0011272829613962877,119.25281403876508,5.093937322289211,14.9691203718778
Tangail,BD3093,Satkhira,BD4087,False,236.47811005203056,236.47811005203056,236.47811005203056,236.47811005203056,2196582,4037608,137704841,0.00043470342884438203,39.27946182356546,5.465855645728706,14.602413073820426
Tangail,BD3093,Shariatpur,BD3086,False,130.16485057330155,130.16485057330155,130.16485057330155,130.16485057330155,1294562,4037608,71683564,0.0008962934463502939,76.40739732123447,4.868801728452596,14.073682971966935
Tangail,BD3093,Sherpur,BD4589,False,81.0864787997392,81.0864787997392,81.0864787997392,81.0864787997392,1501853,4037608,36222249,0.0036066257362432404,228.4181151041127,4.395516224653664,14.22221023700936
Tangail,BD3093,Sirajganj,BD5088,False,40.595364210131386,40.595364210131386,40.595364210131386,40.595364210131386,3357706,4037608,0,0.45403156647574394,2037.4632426364262,3.703653878071956,15.026768560672359
Tangail,BD3093,Sunamganj,BD6090,False,150.78438231895126,150.78438231895126,150.78438231895126,150.78438231895126,2695496,4037608,95913571,0.0010607915134327726,118.55666364968582,5.0158508846863805,14.80709278991802
Tangail,BD3093,Sylhet,BD6091,False,210.52236774059733,210.52236774059733,210.52236774059733,210.52236774059733,3857123,4037608,123903247,0.0009235696319258633,87.02960182954936,5.34959190752758,15.16543212675189
Tangail,BD3093,Tangail,BD3093,True,0.0,32.202770520728414,1.0,29.746931453535698,4037608,4037608,0,0.5,3893.477575970508,3.4720524898654572,15.2111629953813
Tangail,BD3093,Thakurgaon,BD5594,False,246.35784178859936,246.35784178859936,246.35784178859936,246.35784178859936,1533895,4037608,144275314,0.0002786719589411296,25.273352234733824,5.506785120383487,14.243320810065981
Thakurgaon,BD5594,Bagerhat,BD4001,False,426.71051482678894,426.71051482678894,426.71051482678894,426.71051482678894,1613076,1533895,136293512,0.00012874370327063342,8.859070141937563,6.056105832090455,14.293653473170336
Thakurgaon,BD5594,Bandarban,BD2003,False,618.9793969952299,618.9793969952299,618.9793969952299,618.9793969952299,481106,1533895,160320347,2.8086603436666346e-05,1.2557072045113669,6.42807198779339,13.08384289902944
Thakurgaon,BD5594,Barguna,BD1004,False,464.4038395965022,464.4038395965022,464.4038395965022,464.4038395965022,1010531,1533895,145118874,7.157847400546449e-05,4.685522604530764,6.14075451765455,13.825986493237492
Thakurgaon,BD5594,Barishal,BD1006,False,407.18933798969783,407.18933798969783,407.18933798969783,407.18933798969783,2570446,1533895,129667129,0.0002246484323170789,15.50299793402916,6.009278281174697,14.759589982670962
Thakurgaon,BD5594,Bhola,BD1009,False,473.0885788719397,473.0885788719397,473.0885788719397,473.0885788719397,1932518,1533895,147856659,0.00013112662776658052,8.634528365368508,6.159282641301399,14.474334373759973
Thakurgaon,BD5594,Bogura,BD5010,False,166.07821133211755,166.07821133211755,166.07821133211755,166.07821133211755,3734297,1533895,21653618,0.009175844860797925,135.38904912923397,5.112458830002124,15.133070139288687
Thakurgaon,BD5594,Brahmanbaria,BD2012,False,357.04759477289446,357.04759477289446,357.04759477289446,357.04759477289446,3306563,1533895,102677115,0.0004526675638733856,25.937288821209904,5.877869091585073,15.011419839295048
Thakurgaon,BD5594,Chandpur,BD2013,False,389.0448431081073,389.0448431081073,389.0448431081073,389.0448431081073,2635748,1533895,116082333,0.00028585121904091523,17.414241367732178,5.963694614887331,14.784677570641602
Thakurgaon,BD5594,Chapainawabganj,BD5070,False,141.9944023164478,141.9944023164478,141.9944023164478,141.9944023164478,1835528,1533895,19818090,0.005686751089384259,91.03713165596696,4.955787636517554,14.422842736501666
Thakurgaon,BD5594,Chattogram,BD2015,False,529.7990116890468,529.7990116890468,529.7990116890468,529.7990116890468,9169465,1533895,150503296,0.0005738611477143042,32.66793701042062,6.272497711394641,16.031389500109725
Thakurgaon,BD5594,Chuadanga,BD4018,False,269.70388472687085,269.70388472687085,269.70388472687085,269.70388472687085,1234054,1533895,53223428,0.0006173997362099983,16.965230327502976,5.597324633923562,14.025815242619684
Thakurgaon,BD5594,Cox's Bazar,BD2022,False,627.8987056991534,627.8987056991534,627.8987056991534,627.8987056991534,2823268,1533895,160801453,0.00016152264071993914,7.160987737295845,6.442378856801095,14.853405637196515
Thakurgaon,BD5594,Cumilla,BD2019,False,392.8762547006236,392.8762547006236,392.8762547006236,392.8762547006236,6212216,1533895,118718081,0.0006265884490198712,40.24713642264406,5.973494688750872,15.642028234056378
Thakurgaon,BD5594,Dhaka,BD3026,False,311.3867721403665,311.3867721403665,311.3867721403665,311.3867721403665,14734701,1533895,67832592,0.003874227575957618,151.96410208832356,5.741035779821887,16.50571588212586
Thakurgaon,BD5594,Dinajpur,BD5527,False,59.66645415919219,59.66645415919219,59.66645415919219,59.66645415919219,3315236,1533895,3272411,0.13027472637382145,931.2236364536508,4.088769955588519,15.014039370621646
Thakurgaon,BD5594,Faridpur,BD3029,False,317.38924976003443,317.38924976003443,317.38924976003443,317.38924976003443,2162879,1533895,85834919,0.0004241257284143376,21.470778838411714,5.760128937827585,14.586950762547518
Thakurgaon,BD5594,Feni,BD2030,False,454.8466871601266,454.8466871601266,454.8466871601266,454.8466871601266,1648896,1533895,139844536,0.000125079667000323,7.970089395822768,6.119960410873682,14.315616531026453
Thakurgaon,BD5594,Gaibandha,BD5532,False,139.44645143076062,139.44645143076062,139.44645143076062,139.44645143076062,2562233,1533895,17255857,0.009796139216722836,131.76609829637377,4.937680666856645,14.756389701878161
Thakurgaon,BD5594,Gazipur,BD3033,False,298.312068136661,298.312068136661,298.312068136661,298.312068136661,5263450,1533895,61536027,0.0018733157631422369,59.1464735032659,5.6981401470773605,15.476297263245858
Thakurgaon,BD5594,Gopalganj,BD3035,False,357.2222222413589,357.2222222413589,357.2222222413589,357.2222222413589,1295057,1533895,105983678,0.00016979533558960218,10.148735828482922,5.878358059389071,14.07406526759114
Thakurgaon,BD5594,Habiganj,BD6036,False,359.01661696425106,359.01661696425106,359.01661696425106,359.01661696425106,2358886,1533895,108571762,0.0002921980606283169,18.301127742269824,5.883368674225577,14.673700031660417
Thakurgaon,BD5594,Jamalpur,BD4539,False,188.3879727359866,188.3879727359866,188.3879727359866,188.3879727359866,2499738,1533895,28302924,0.003974146085588104,70.4349396645064,5.238503521123506,14.731696484346525
Thakurgaon,BD5594,Jashore,BD4041,False,333.27350757423255,333.27350757423255,333.27350757423255,333.27350757423255,3076144,1533895,93277746,0.0005084077108002552,27.695236439139148,5.808963496928751,14.939187422556142
Thakurgaon,BD5594,Jhalokati,BD1042,False,423.244728407793,423.244728407793,423.244728407793,423.244728407793,661160,1533895,135632352,5.3643778551556043e-05,3.690825018177223,6.047950565903886,13.40175114703129
Thakurgaon,BD5594,Jhenaidah,BD4044,False,288.0497819567801,288.0497819567801,288.0497819567801,288.0497819567801,2005849,1533895,57972153,0.0008405695223474317,24.174813628969414,5.663133319215009,14.511577970493308
Thakurgaon,BD5594,Joypurhat,BD5038,False,124.25123861833836,124.25123861833836,124.25123861833836,124.25123861833836,956431,1533895,11185667,0.008433701962585645,61.95155197903591,4.822305633686313,13.770963927257238
Thakurgaon,BD5594,Khagrachhari,BD2046,False,481.3681087059713,481.3681087059713,481.3681087059713,481.3681087059713,714119,1533895,149789177,4.7611430870553085e-05,3.0818816684043737,6.176632276178996,13.478804894101042
Thakurgaon,BD5594,Khulna,BD4047,False,407.01056867626943,407.01056867626943,407.01056867626943,407.01056867626943,2613385,1533895,127053744,0.00023760883168349932,15.775822856595934,6.008839152369013,14.776156873871212
Thakurgaon,BD5594,Kishoreganj,BD3048,False,317.0125550291472,317.0125550291472,317.0125550291472,317.0125550291472,3267626,1533895,82567293,0.0006821335397399191,32.514675055850546,5.758941378863173,14.999574285328466
Thakurgaon,BD5594,Kurigram,BD5549,False,136.75070977137406,136.75070977137406,136.75070977137406,136.75070977137406,2329160,1533895,14926697,0.011551235988457738,124.54897130410966,4.918159631572892,14.66101824551926
Thakurgaon,BD5594,Kushtia,BD4050,False,239.80265602163703,239.80265602163703,239.80265602163703,239.80265602163703,2149692,1533895,40431767,0.001781098857603576,37.382493140841405,5.4798163185188855,14.580835134027797
Thakurgaon,BD5594,Lakshmipur,BD2051,False,428.10727570993646,428.10727570993646,428.10727570993646,428.10727570993646,1937948,1533895,137906588,0.00015078763005518803,10.573941470518298,6.059373808357886,14.477140239287523
Thakurgaon,BD5594,Lalmonirhat,BD5552,False,89.30865969808102,89.30865969808102,89.30865969808102,89.30865969808102,1428406,1533895,6587647,0.02824930685663694,179.0871900733792,4.492098456283677,14.172069695197669
Thakurgaon,BD5594,Madaripur,BD3054,False,358.98506440107525,358.98506440107525,358.98506440107525,358.98506440107525,1293027,1533895,107278735,0.00016554432042454353,10.033554947566197,5.883280784283213,14.07249653920651
Thakurgaon,BD5594,Magura,BD4055,False,303.82759935972416,303.82759935972416,303.82759935972416,303.82759935972416,1033115,1533895,66799477,0.0003343195289938598,11.191652655348634,5.716460433170687,13.848089068139739
Thakurgaon,BD5594,Manikganj,BD3056,False,288.3324245552732,288.3324245552732,288.3324245552732,288.3324245552732,1558025,1533895,59978002,0.0006160112438602027,18.740771013794824,5.66411406642738,14.258929551497186
Thakurgaon,BD5594,Meherpur,BD4057,False,246.9427606836639,246.9427606836639,246.9427606836639,246.9427606836639,705356,1533895,46619067,0.00045987783502831833,11.56686766582149,5.509156571649731,13.466457918881725
Thakurgaon,BD5594,Moulvibazar,BD6058,False,396.36152866396844,396.36152866396844,396.36152866396844,396.36152866396844,2123447,1533895,124930297,0.00020029507082269045,13.516319101634457,5.982326745939666,14.568551269629545
Thakurgaon,BD5594,Munshiganj,BD3059,False,344.7691933004267,344.7691933004267,344.7691933004267,344.7691933004267,1625416,1533895,101051699,0.00023321698671117266,13.674379391065187,5.842875188221406,14.301274340983566
Thakurgaon,BD5594,Mymensingh,BD4561,False,253.84474919369322,253.84474919369322,253.84474919369322,253.84474919369322,5899005,1533895,47324423,0.003382156318646788,91.54663710699842,5.536722856498335,15.590294250586142
Thakurgaon,BD5594,Naogaon,BD5064,False,127.97121739813109,127.97121739813109,127.97121739813109,127.97121739813109,2784599,1533895,12142098,0.018973784968430385,170.0348959408756,4.8518053745567995,14.839614435339252
Thakurgaon,BD5594,Narail,BD4065,False,341.6913830757985,341.6913830757985,341.6913830757985,341.6913830757985,788671,1533895,100263028,0.00011584318119067752,6.755038341052551,5.83390794099759,13.57810452934276
Thakurgaon,BD5594,Narayanganj,BD3067,False,338.0592455800596,338.0592455800596,338.0592455800596,338.0592455800596,3909138,1533895,96353890,0.0006017463735238027,34.20545456275787,5.823221162904028,15.178827447298536
Thakurgaon,BD5594,Narsingdi,BD3068,False,329.7358253113461,329.7358253113461,329.7358253113461,329.7358253113461,2584452,1533895,90693294,0.0004533602791414591,23.7703841454034,5.798291804506232,14.765024051188075
Thakurgaon,BD5594,Natore,BD5069,False,193.96032655193474,193.96032655193474,193.96032655193474,193.96032655193474,1859922,1533895,30802662,0.002579973199263593,49.438913543031425,5.267653635840265,14.436045109326196
Thakurgaon,BD5594,Netrakona,BD4572,False,280.1409906052609,280.1409906052609,280.1409906052609,280.1409906052609,2324853,1533895,55647300,0.0010480374314376696,29.623896226182328,5.635293014312526,14.659167369198306
Thakurgaon,BD5594,Nilphamari,BD5573,False,58.48043262567541,58.48043262567541,58.48043262567541,58.48043262567541,2092568,1533895,1179843,0.2460910833626935,611.8689657417966,4.068692213254026,14.553902577830893
Thakurgaon,BD5594,Noakhali,BD2075,False,462.19460132367976,462.19460132367976,462.19460132367976,462.19460132367976,3625442,1533895,141493432,0.0002651229379314776,16.97114815882461,6.13598601738193,15.103486769872411
Thakurgaon,BD5594,Pabna,BD5076,False,239.54809985806403,239.54809985806403,239.54809985806403,239.54809985806403,2909624,1533895,37522143,0.002723016287761198,50.70507269985284,5.47875423116686,14.8835344211774
Thakurgaon,BD5594,Panchagarh,BD5577,False,39.9937283504181,39.9937283504181,39.9937283504181,39.9937283504181,1179843,1533895,0,0.4347667313498945,737.6331657031642,3.6887226505813575,13.98089193674234
Thakurgaon,BD5594,Patuakhali,BD1078,False,471.10071628247766,471.10071628247766,471.10071628247766,471.10071628247766,1727254,1533895,146129405,0.00012010362932100057,7.7826711120620145,6.155071906151619,14.362043422168306
Thakurgaon,BD5594,Pirojpur,BD1079,False,419.0796836758769,419.0796836758769,419.0796836758769,419.0796836758769,1198195,1533895,134434157,9.854600051996196e-05,6.822354591833228,6.038061077678421,13.996326815697198
Thakurgaon,BD5594,Rajbari,BD3082,False,279.9318142146744,279.9318142146744,279.9318142146744,279.9318142146744,1189818,1533895,54457482,0.0005700353531577058,15.183644161726729,5.634546052851402,13.989310912214547
Thakurgaon,BD5594,Rajshahi,BD5081,False,172.32112584029286,172.32112584029286,172.32112584029286,172.32112584029286,2915009,1533895,25387915,0.00556645569988253,98.16639741430032,5.1493597468146195,14.885383465240523
Thakurgaon,BD5594,Rangamati,BD2084,False,531.1380344234608,531.1380344234608,531.1380344234608,531.1380344234608,647586,1533895,159672761,3.80702761970121e-05,2.2955282783807385,6.275021939293575,13.381006882269048
Thakurgaon,BD5594,Rangpur,BD5585,False,96.92318065331222,96.92318065331222,96.92318065331222,96.92318065331222,3169614,1533895,8016053,0.040024769989237756,337.4046481670854,4.573918712716001,14.9691203718778
Thakurgaon,BD5594,Satkhira,BD4087,False,409.169220317281,409.169220317281,409.169220317281,409.169220317281,2196582,1533895,132237575,0.0001852433717091884,13.12023178180029,6.014128812082388,14.602413073820426
Thakurgaon,BD5594,Shariatpur,BD3086,False,369.4738551987249,369.4738551987249,369.4738551987249,369.4738551987249,1294562,1533895,110930648,0.00015520892722139842,9.483211366871293,5.912079980641881,14.073682971966935
Thakurgaon,BD5594,Sherpur,BD4589,False,200.72242303415848,200.72242303415848,200.72242303415848,200.72242303415848,1501853,1533895,32662584,0.0018870949056273823,37.27654429657358,5.301922973697931,14.22221023700936
Thakurgaon,BD5594,Sirajganj,BD5088,False,218.01851175945347,218.01851175945347,218.01851175945347,218.01851175945347,3357706,1533895,34164437,0.0036940450685446595,70.64085145400959,5.38457997551167,15.026768560672359
Thakurgaon,BD5594,Sunamganj,BD6090,False,323.1289310294593,323.1289310294593,323.1289310294593,323.1289310294593,2695496,1533895,87997798,0.0005007241692337339,25.815884175935132,5.778051410850462,14.80709278991802
Thakurgaon,BD5594,Sylhet,BD6091,False,384.53367884353395,384.53367884353395,384.53367884353395,384.53367884353395,3857123,1533895,112225210,0.00044218673097318,26.085233136167044,5.9520313763803765,15.16543212675189
Thakurgaon,BD5594,Tangail,BD3093,False,246.35784178859936,246.35784178859936,246.35784178859936,246.35784178859936,4037608,1533895,42581459,0.002915459472644544,66.52599374127901,5.506785120383487,15.2111629953813
Thakurgaon,BD5594,Thakurgaon,BD5594,True,0.0,23.162051627723546,1.0,21.98117298408881,1533895,1533895,0,0.5,2859.1805522845193,3.142515233743535,14.243320810065981
